question_id,query_mode,query_used,granularity,budget,parent_rank,selected,selected_order,score,source,page,parent_chunk_id,estimated_tokens,matched_child_count,deduplicated_child_count,max_child_score,top_child_score_sum,top_child_ids,matched_gold_ids,matched_evidence_refs,text
always_clear_depth_contributions,content-only,main contributions proposed framework adverse weather robust monocular depth estimation multi tuple degradation multi granularity knowledge distillation ordinal guidance,sentence-to-chunk,500,1,True,1,1.0293901205062865,data\MonoDiffusion.pdf,9,MonoDiffusion_p9_chunk_27,72,2,2,0.8578909635543823,1.714991569519043,sentence::MonoDiffusion_p9_chunk_27::s0|sentence::MonoDiffusion_p9_chunk_27::s3,,,"for monocular depth estimation. arXiv preprint arXiv:2302.08149, 2023. [12] Xinchen Ye, Xin Fan, Mingliang Zhang, Rui Xu, and Wei Zhong. Un- supervised monocular depth estimation via recursive stereo distillation. IEEE Transactions on Image Processing , 3"
always_clear_depth_contributions,content-only,main contributions proposed framework adverse weather robust monocular depth estimation multi tuple degradation multi granularity knowledge distillation ordinal guidance,sentence-to-chunk,500,2,True,2,1.0154582262039185,data\Repurposing Diffusion-Based Image Generators for Monocular Depth Estimation.pdf,1,Repurposing_Diffusion-Based_Image_Generators_for_Monocular_Depth_Estimation_p1_chunk_3,52,2,2,0.8470109701156616,1.6844725608825684,sentence::Repurposing_Diffusion-Based_Image_Generators_for_Monocular_Depth_Estimation_p1_chunk_3::s1|sentence::Repurposing_Diffusion-Based_Image_Generators_for_Monocular_Depth_Estimation_p1_chunk_3::s0,,,"er to unseen datasets, offering state-of-the-art monocular depth estimation results. Abstract Monocular depth estimation is a fundamental computer vision task. Recovering 3D depth from a single image is geometrically ill-posed and requires scene understand"
always_clear_depth_contributions,content-only,main contributions proposed framework adverse weather robust monocular depth estimation multi tuple degradation multi granularity knowledge distillation ordinal guidance,sentence-to-chunk,500,3,True,3,1.005880206823349,data\Lite-Mono.pdf,9,Lite-Mono_p9_chunk_14,89,2,2,0.8385518789291382,1.6732832789421082,sentence::Lite-Mono_p9_chunk_14::s2|sentence::Lite-Mono_p9_chunk_14::s0,,,"tow. Unsupervised monocular depth estimation with left- right consistency. In CVPR, 2017. 1, 2 [15] Cl ´ement Godard, Oisin Mac Aodha, Michael Firman, and Gabriel J Brostow. Digging into self-supervised monocular depth estimation. In ICCV, 2019. 1, 2, 3,"
always_clear_depth_contributions,content-only,main contributions proposed framework adverse weather robust monocular depth estimation multi tuple degradation multi granularity knowledge distillation ordinal guidance,sentence-to-chunk,500,4,True,4,0.981231951713562,data\ACD.pdf,1,ACD_p1_chunk_0,77,1,1,0.8920290470123291,0.8920290470123291,sentence::ACD_p1_chunk_0::s0,,,"Always Clear Depth: Robust Monocular Depth Estimation Under Adverse Weather Kui Jiang1 , Jing Cao1 , Zhaocheng Yu1 , Junjun Jiang1∗ and Jingchun Zhou2 1Harbin Institute of Technology 2Dalian Maritime University jiangkui@hit.edu.com, {caojing,yuzhaocheng}@s"
always_clear_depth_contributions,content-only,main contributions proposed framework adverse weather robust monocular depth estimation multi tuple degradation multi granularity knowledge distillation ordinal guidance,sentence-to-chunk,500,5,True,5,0.9780911207199097,data\ACD.pdf,7,ACD_p7_chunk_23,56,1,1,0.8891737461090088,0.8891737461090088,sentence::ACD_p7_chunk_23::s0,acdepth_framework,,"on In this paper, we propose a novel approach named ACDepth for robust monocular depth estimation under adverse weather conditions. In addition, we introduce an elaborate data gen- eration scheme to produce the multi-tuple depth dataset with diverse degrad"
always_clear_depth_contributions,content-only,main contributions proposed framework adverse weather robust monocular depth estimation multi tuple degradation multi granularity knowledge distillation ordinal guidance,sentence-to-chunk,500,6,True,6,0.9624609231948853,data\ACD.pdf,2,ACD_p2_chunk_18,55,1,1,0.8749644756317139,0.8749644756317139,sentence::ACD_p2_chunk_18::s0,"acdepth_framework,multi_granularity_knowledge_distillation",,"p a novel robust monocu- lar depth estimation framework, termed as ACDepth for high-quality depth estimation under adverse weather. • We propose the multi-granularity knowledge distillation strategy (MKD) to achieve the complete transfer and alignment of c"
always_clear_depth_contributions,content-only,main contributions proposed framework adverse weather robust monocular depth estimation multi tuple degradation multi granularity knowledge distillation ordinal guidance,sentence-to-chunk,500,7,True,7,0.9619242072105407,data\Robust Monocular Depth Estimation under Challenging Conditions.pdf,1,Robust_Monocular_Depth_Estimation_under_Challenging_Conditions_p1_chunk_0,80,1,1,0.8744765520095825,0.8744765520095825,sentence::Robust_Monocular_Depth_Estimation_under_Challenging_Conditions_p1_chunk_0::s0,,,"Robust Monocular Depth Estimation under Challenging Conditions Stefano Gasperini∗,1,2 Nils Morbitzer∗,1 HyunJun Jung1 Nassir Navab1 Federico Tombari1,3 1 Technical University of Munich 2 VisualAIs 3 Google Abstract While state-of-the-art monocular depth es"
always_clear_depth_contributions,content-only,main contributions proposed framework adverse weather robust monocular depth estimation multi tuple degradation multi granularity knowledge distillation ordinal guidance,sentence-to-chunk,500,8,False,,0.9554340481758118,data\ACD.pdf,9,ACD_p9_chunk_3,86,1,1,0.8685764074325562,0.8685764074325562,sentence::ACD_p9_chunk_3::s2,,,"tion at adverse night conditions. In ROBIO, pages 1–7, 2023. [Song and Y oon, 2022] Kyeongseob Song and Kuk-Jin Y oon. Learning monocular depth estimation via selective distillation of stereo knowledge. arXiv, 2022. [Spencer et al., 2020 ] Jaime Spencer, R"
always_clear_depth_contributions,content-only,main contributions proposed framework adverse weather robust monocular depth estimation multi tuple degradation multi granularity knowledge distillation ordinal guidance,sentence-to-chunk,500,9,False,,0.9535238742828369,data\Depth_Anything.pdf,1,Depth_Anything_p1_chunk_3,64,1,1,0.8668398857116699,0.8668398857116699,sentence::Depth_Anything_p1_chunk_3::s1,,,"umn), complex scenes (2nd and 5th column), foggy weather (5th column), and ultra-remote distance (5th and 6th column), etc. Abstract This work presents Depth Anything1, a highly practical solution for robust monocular depth estimation. Without pur- suing n"
always_clear_depth_contributions,content-only,main contributions proposed framework adverse weather robust monocular depth estimation multi tuple degradation multi granularity knowledge distillation ordinal guidance,sentence-to-chunk,500,10,False,,0.9521744132041932,data\s.pdf,9,s_p9_chunk_29,78,1,1,0.8656131029129028,0.8656131029129028,sentence::s_p9_chunk_29::s1,,,"695, 2022. 2, 4 [22] Kieran Saunders, George V ogiatzis, and Luis J. Manso. Self- supervised monocular depth estimation: Let’s talk about the weather. In Proceedings of the IEEE/CVF International Conference on Computer Vision (ICCV), pages 8907–8917, 2023."
always_clear_depth_contributions,content-only,main contributions proposed framework adverse weather robust monocular depth estimation multi tuple degradation multi granularity knowledge distillation ordinal guidance,sentence-to-chunk,500,11,False,,0.9519322156906128,data\Single Image Depth Prediction with Wavelet Decomposition.pdf,9,Single_Image_Depth_Prediction_with_Wavelet_Decomposition_p9_chunk_11,83,1,1,0.8653929233551025,0.8653929233551025,sentence::Single_Image_Depth_Prediction_with_Wavelet_Decomposition_p9_chunk_11::s1,,,"4, 2014. [13] Huan Fu, Mingming Gong, Chaohui Wang, Kayhan Bat- manghelich, and Dacheng Tao. Deep ordinal regression net- work for monocular depth estimation. In CVPR, 2018. [14] Ravi Garg, Vijay Kumar BG, and Ian Reid. Unsupervised CNN for single view dep"
always_clear_depth_contributions,content-only,main contributions proposed framework adverse weather robust monocular depth estimation multi tuple degradation multi granularity knowledge distillation ordinal guidance,sentence-to-chunk,500,12,False,,0.9519322156906128,data\Robust Monocular Depth Estimation under Challenging Conditions.pdf,9,Robust_Monocular_Depth_Estimation_under_Challenging_Conditions_p9_chunk_8,68,1,1,0.8653929233551025,0.8653929233551025,sentence::Robust_Monocular_Depth_Estimation_under_Challenging_Conditions_p9_chunk_8::s2,,,"in Neural Information Processing Systems, 27, 2014. 2 [6] Huan Fu, Mingming Gong, Chaohui Wang, Kayhan Bat- manghelich, and Dacheng Tao. Deep ordinal regression net- work for monocular depth estimation. In Proceedings of the IEEE Conference on Computer Vi"
always_clear_depth_contributions,content-only,main contributions proposed framework adverse weather robust monocular depth estimation multi tuple degradation multi granularity knowledge distillation ordinal guidance,sentence-to-chunk,500,13,False,,0.9519322156906128,data\Monocular Depth Estimation.pdf,9,Monocular_Depth_Estimation_p9_chunk_8,74,1,1,0.8653929233551025,0.8653929233551025,sentence::Monocular_Depth_Estimation_p9_chunk_8::s1,,,"Fu, Mingming Gong, Chaohui Wang, Kayhan Bat- manghelich, and Dacheng Tao. Deep ordinal regression net- work for monocular depth estimation. In CVPR, 2018. [11] Yasutaka Furukawa and Carlos Hern ´andez. Multi-view stereo: A tutorial. Foundations and Trends"
always_clear_depth_contributions,content-only,main contributions proposed framework adverse weather robust monocular depth estimation multi tuple degradation multi granularity knowledge distillation ordinal guidance,sentence-to-chunk,500,14,False,,0.9519322156906128,data\Lite-Mono.pdf,9,Lite-Mono_p9_chunk_11,79,1,1,0.8653929233551025,0.8653929233551025,sentence::Lite-Mono_p9_chunk_11::s1,,,", Chaohui Wang, Kayhan Bat- manghelich, and Dacheng Tao. Deep ordinal regression net- work for monocular depth estimation. In CVPR, 2018. 1, 2 [12] Ravi Garg, Vijay Kumar Bg, Gustavo Carneiro, and Ian Reid. Unsupervised cnn for single view depth estimation"
always_clear_depth_contributions,content-only,main contributions proposed framework adverse weather robust monocular depth estimation multi tuple degradation multi granularity knowledge distillation ordinal guidance,sentence-to-chunk,500,15,False,,0.9486555993556977,data\Depth_Anything.pdf,3,Depth_Anything_p3_chunk_9,90,1,1,0.8624141812324524,0.8624141812324524,sentence::Depth_Anything_p3_chunk_9::s1,,,"uth di: ˆdi = di − t(d) s(d) , (2) where t(d) and s(d) are used to align the prediction and ground truth to have zero translation and unit scale: t(d) = median(d), s (d) = 1 HW HWX i=1 |di − t(d)|. (3) To obtain a robust monocular depth estimation model, w"
always_clear_depth_contributions,content-only,main contributions proposed framework adverse weather robust monocular depth estimation multi tuple degradation multi granularity knowledge distillation ordinal guidance,sentence-to-chunk,500,16,False,,0.9460935115814209,data\SSRDepth.pdf,13,SSRDepth_p13_chunk_33,78,1,1,0.8600850105285645,0.8600850105285645,sentence::SSRDepth_p13_chunk_33::s2,,,"internet photos, in: Proceedings of the IEEE Conference on Computer Vision and Pattern Recognition, 2018, pp. 2041–2050. [21] R. Ranftl, K. Lasinger, D. Hafner, K. Schindler, V. Koltun, Towards robust monocular depth estimation: mixing datasets for ze"
always_clear_depth_contributions,content-only,main contributions proposed framework adverse weather robust monocular depth estimation multi tuple degradation multi granularity knowledge distillation ordinal guidance,sentence-to-chunk,500,17,False,,0.9441470146179199,data\Monocular Depth Estimation.pdf,1,Monocular_Depth_Estimation_p1_chunk_19,54,1,1,0.8583154678344727,0.8583154678344727,sentence::Monocular_Depth_Estimation_p1_chunk_19::s1,,,"stimation a one-time ofﬂine calibration, but can cause issues related to occlusion and texture-copy artifacts [15]. We propose three architectural and loss innovations that combined, lead to large improvements in monocular depth estimation when training wi"
always_clear_depth_contributions,content-only,main contributions proposed framework adverse weather robust monocular depth estimation multi tuple degradation multi granularity knowledge distillation ordinal guidance,sentence-to-chunk,500,18,False,,0.9436455726623535,data\Robust Monocular Depth Estimation under Challenging Conditions.pdf,3,Robust_Monocular_Depth_Estimation_under_Challenging_Conditions_p3_chunk_19,61,1,1,0.8578596115112305,0.8578596115112305,sentence::Robust_Monocular_Depth_Estimation_under_Challenging_Conditions_p3_chunk_19::s0,,,e explored depth estimation with adverse weather. ITDFA [43] requires an encoder for each condition and was not shown to work in both standard and adverse settings. R4Dyn [8] and MonoViT [44] are ro- bust methods that delivered improvements also in adverse
always_clear_depth_contributions,content-only,main contributions proposed framework adverse weather robust monocular depth estimation multi tuple degradation multi granularity knowledge distillation ordinal guidance,sentence-to-chunk,500,19,False,,0.9436118721961975,data\s.pdf,10,s_p10_chunk_4,89,1,1,0.8578289747238159,0.8578289747238159,sentence::s_p10_chunk_4::s1,,,"6, 7 [28] Jiyuan Wang, Chunyu Lin, Lang Nie, Shujun Huang, Yao Zhao, Xing Pan, and Rui Ai. Weatherdepth: Curriculum con- trastive learning for self-supervised depth estimation under adverse weather conditions, 2023. 1, 2, 4, 7 [29] Jiyuan Wang, Lang Nie,"
always_clear_depth_contributions,content-only,main contributions proposed framework adverse weather robust monocular depth estimation multi tuple degradation multi granularity knowledge distillation ordinal guidance,sentence-to-chunk,500,20,False,,0.9435713529586792,data\ACD.pdf,9,ACD_p9_chunk_12,80,1,1,0.8577921390533447,0.8577921390533447,sentence::ACD_p9_chunk_12::s1,,,", Y ao Zhao, Xing Pan, and Rui Ai. Weatherdepth: Curriculum contrastive learning for self- supervised depth estimation under adverse weather con- ditions. In ICRA, pages 4976–4982, 2024. [Wang et al., 2024b ] Jiyuan Wang, Chunyu Lin, Lang Nie, Kang Liao, S"
always_clear_depth_contributions,content-only,main contributions proposed framework adverse weather robust monocular depth estimation multi tuple degradation multi granularity knowledge distillation ordinal guidance,sentence-to-chunk,500,21,False,,0.9432270050048828,data\MonoDiffusion.pdf,9,MonoDiffusion_p9_chunk_26,97,1,1,0.8574790954589844,0.8574790954589844,sentence::MonoDiffusion_p9_chunk_26::s1,,,"sing, 27(8):4131–4144, 2018. [11] Shuwei Shao, Zhongcai Pei, Weihai Chen, Ran Li, Zhong Liu, and Zhengguo Li. Urcdc-depth: Uncertainty rectified cross-distillation with cutflip for monocular depth estimation. arXiv preprint arXiv:2302.08149, 2023. [12] Xin"
always_clear_depth_contributions,content-only,main contributions proposed framework adverse weather robust monocular depth estimation multi tuple degradation multi granularity knowledge distillation ordinal guidance,sentence-to-chunk,500,22,False,,0.9424550414085389,data\MonoDiffusion.pdf,9,MonoDiffusion_p9_chunk_25,79,1,1,0.8567773103713989,0.8567773103713989,sentence::MonoDiffusion_p9_chunk_25::s1,,,"Youngjung Kim, Hyungjoo Jung, Dongbo Min, and Kwanghoon Sohn. Deep monocular depth estimation via integration of global and local predictions. IEEE Transactions on Image Processing, 27(8):4131–4144, 2018. [11] Shuwei Shao, Zhongcai Pei, Weihai Chen, Ran Li"
always_clear_depth_contributions,content-only,main contributions proposed framework adverse weather robust monocular depth estimation multi tuple degradation multi granularity knowledge distillation ordinal guidance,sentence-to-chunk,500,23,False,,0.942373412847519,data\DepthDark.pdf,6,DepthDark_p6_chunk_15,46,1,1,0.8567031025886536,0.8567031025886536,sentence::DepthDark_p6_chunk_15::s0,,,"ground truth depth values. training, and our model was eventually fine-tuned for downstream monocular depth estimation tasks. Additionally, data augmentation techniques, including random cropping and horizontal flipping, were employed to enhance the train"
always_clear_depth_contributions,content-only,main contributions proposed framework adverse weather robust monocular depth estimation multi tuple degradation multi granularity knowledge distillation ordinal guidance,sentence-to-chunk,500,24,False,,0.942318469285965,data\LED.pdf,11,LED_p11_chunk_14,44,1,1,0.8566531538963318,0.8566531538963318,sentence::LED_p11_chunk_14::s1,,,"asperini, Nils Morbitzer, HyunJun Jung, Nassir Navab, and Federico Tombari. Robust monocular depth estimation under challenging conditions. InICCV, 2023."
always_clear_depth_contributions,content-only,main contributions proposed framework adverse weather robust monocular depth estimation multi tuple degradation multi granularity knowledge distillation ordinal guidance,sentence-to-chunk,500,25,False,,0.9420467674732208,data\ACD.pdf,9,ACD_p9_chunk_0,88,1,1,0.8564061522483826,0.8564061522483826,sentence::ACD_p9_chunk_0::s1,,,"[Saunders et al., 2023] Kieran Saunders, George V ogiatzis, and Luis J Manso. Self-supervised monocular depth es- timation: Let’s talk about the weather. In ICCV, pages 8907–8917, 2023. [Sch¨on et al., 2021 ] Markus Sch ¨on, Michael Buchholz, and Klaus Die"
always_clear_depth_contributions,content-only,main contributions proposed framework adverse weather robust monocular depth estimation multi tuple degradation multi granularity knowledge distillation ordinal guidance,sentence-to-chunk,500,26,False,,0.9413881003856659,data\Depth_Anything.pdf,1,Depth_Anything_p1_chunk_4,54,1,1,0.855807363986969,0.855807363986969,sentence::Depth_Anything_p1_chunk_4::s0,,,"y practical solution for robust monocular depth estimation. Without pur- suing novel technical modules, we aim to build a simple yet powerful foundation model dealing with any images under any circumstances. To this end, we scale up the dataset by designin"
always_clear_depth_contributions,content-only,main contributions proposed framework adverse weather robust monocular depth estimation multi tuple degradation multi granularity knowledge distillation ordinal guidance,sentence-to-chunk,500,27,False,,0.9409326851367951,data\Monocular Depth Estimation.pdf,10,Monocular_Depth_Estimation_p10_chunk_10,86,1,1,0.8553933501243591,0.8553933501243591,sentence::Monocular_Depth_Estimation_p10_chunk_10::s3,,,"V, 2018. [49] Matteo Poggi, Filippo Aleotti, Fabio Tosi, and Stefano Mat- toccia. Towards real-time unsupervised monocular depth es- timation on cpu. In IROS, 2018. [50] Matteo Poggi, Fabio Tosi, and Stefano Mattoccia. Learning monocular depth estimation w"
always_clear_depth_contributions,content-only,main contributions proposed framework adverse weather robust monocular depth estimation multi tuple degradation multi granularity knowledge distillation ordinal guidance,sentence-to-chunk,500,28,False,,0.9402030110359192,data\TDDC.pdf,10,TDDC_p10_chunk_8,71,1,1,0.8547300100326538,0.8547300100326538,sentence::TDDC_p10_chunk_8::s2,,,"e China Technological Sciences, 63(9):1612–1627, 2020. [Zhao et al., 2022a] Chaoqiang Zhao, Yang Tang, and Qiyu Sun. Unsupervised monocular depth estimation in highly complex environments. IEEE Transactions on Emerging Topics in Computational Intelligence"
always_clear_depth_contributions,content-only,main contributions proposed framework adverse weather robust monocular depth estimation multi tuple degradation multi granularity knowledge distillation ordinal guidance,sentence-to-chunk,500,29,False,,0.9401147603988648,data\DepthDark.pdf,10,DepthDark_p10_chunk_10,78,1,1,0.8546497821807861,0.8546497821807861,sentence::DepthDark_p10_chunk_10::s0,,,"Tang, and Qiyu Sun. 2022. Unsupervised monocular depth estimation in highly complex environments.IEEE Transactions on Emerging Topics in Computational Intelligence 6, 5 (2022), 1237–1246. [51] Chaoqiang Zhao, Youmin Zhang, Matteo Poggi, Fabio Tosi, Xianda"
always_clear_depth_contributions,content-only,main contributions proposed framework adverse weather robust monocular depth estimation multi tuple degradation multi granularity knowledge distillation ordinal guidance,sentence-to-chunk,500,30,False,,0.9371900975704193,data\Jasmine.pdf,13,Jasmine_p13_chunk_14,68,1,1,0.8519909977912903,0.8519909977912903,sentence::Jasmine_p13_chunk_14::s1,,,", 2017. 21 [48] Jiyuan Wang, Chunyu Lin, Lang Nie, Shujun Huang, Yao Zhao, Xing Pan, and Rui Ai. Weatherdepth: Curriculum contrastive learning for self-supervised depth estimation under adverse weather conditions. In 2024 IEEE International Conference on R"
always_clear_depth_contributions,content-only,main contributions proposed framework adverse weather robust monocular depth estimation multi tuple degradation multi granularity knowledge distillation ordinal guidance,sentence-to-chunk,500,31,False,,0.9371605932712554,data\Robust Monocular Depth Estimation under Challenging Conditions.pdf,10,Robust_Monocular_Depth_Estimation_under_Challenging_Conditions_p10_chunk_22,69,1,1,0.8519641757011414,0.8519641757011414,sentence::Robust_Monocular_Depth_Estimation_under_Challenging_Conditions_p10_chunk_22::s3,,,". Image quality assessment: From error visibility to structural similarity. IEEE Transactions on Image Process- ing, 13(4):600–612, 2004. 4 [40] Mengchen Xiong, Xiao Xu, Dong Yang, and Eckehard Stein- bach. Robust depth estimation in foggy environments com"
always_clear_depth_contributions,content-only,main contributions proposed framework adverse weather robust monocular depth estimation multi tuple degradation multi granularity knowledge distillation ordinal guidance,sentence-to-chunk,500,32,False,,0.936817753314972,data\Repurposing Diffusion-Based Image Generators for Monocular Depth Estimation.pdf,10,Repurposing_Diffusion-Based_Image_Generators_for_Monocular_Depth_Estimation_p10_chunk_30,80,1,1,0.8516525030136108,0.8516525030136108,sentence::Repurposing_Diffusion-Based_Image_Generators_for_Monocular_Depth_Estimation_p10_chunk_30::s1,,,"Gang Yu, Bin Fu, and Chunhua Shen. Hierarchical normalization for robust monoc- ular depth estimation. NeurIPS, 35, 2022. 3, 6, 11 [61] Lvmin Zhang, Anyi Rao, and Maneesh Agrawala. Adding conditional control to text-to-image diffusion models. In ICCV, page"
always_clear_depth_contributions,content-only,main contributions proposed framework adverse weather robust monocular depth estimation multi tuple degradation multi granularity knowledge distillation ordinal guidance,sentence-to-chunk,500,33,False,,0.9363170981407165,data\Repurposing Diffusion-Based Image Generators for Monocular Depth Estimation.pdf,9,Repurposing_Diffusion-Based_Image_Generators_for_Monocular_Depth_Estimation_p9_chunk_15,93,1,1,0.851197361946106,0.851197361946106,sentence::Repurposing_Diffusion-Based_Image_Generators_for_Monocular_Depth_Estimation_p9_chunk_15::s1,,,"ng Gong, Chaohui Wang, Kayhan Bat- manghelich, and Dacheng Tao. Deep ordinal regression network for monocular depth estimation. In CVPR, pages 2002–2011, 2018. 2 [16] Peng Gao, Shijie Geng, Renrui Zhang, Teli Ma, Rongyao Fang, Yongfeng Zhang, Hongsheng Li,"
always_clear_depth_contributions,content-only,main contributions proposed framework adverse weather robust monocular depth estimation multi tuple degradation multi granularity knowledge distillation ordinal guidance,sentence-to-chunk,500,34,False,,0.9363170981407165,data\MonoDiffusion.pdf,10,MonoDiffusion_p10_chunk_18,75,1,1,0.851197361946106,0.851197361946106,sentence::MonoDiffusion_p10_chunk_18::s2,,,"eo Technology, 28(11):3174–3182, 2017. [33] Huan Fu, Mingming Gong, Chaohui Wang, Kayhan Batmanghelich, and Dacheng Tao. Deep ordinal regression network for monocular depth estimation. In Proceedings of the IEEE Conference on Computer Vision and Pattern Re"
always_clear_depth_contributions,content-only,main contributions proposed framework adverse weather robust monocular depth estimation multi tuple degradation multi granularity knowledge distillation ordinal guidance,sentence-to-chunk,500,35,False,,0.9363170981407165,data\Global-Local.pdf,7,Global-Local_p7_chunk_10,75,1,1,0.851197361946106,0.851197361946106,sentence::Global-Local_p7_chunk_10::s1,,,"IPS), pages 2366–2374, 2014. [Fu et al., 2018] Huan Fu, Mingming Gong, Chaohui Wang, Kayhan Batmanghelich, and Dacheng Tao. Deep ordinal regression network for monocular depth estimation. In Proceedings of the IEEE Conference on Computer Vision and Pattern"
always_clear_depth_contributions,content-only,main contributions proposed framework adverse weather robust monocular depth estimation multi tuple degradation multi granularity knowledge distillation ordinal guidance,sentence-to-chunk,500,36,False,,0.9363170981407165,data\dav2.pdf,11,dav2_p11_chunk_17,85,1,1,0.851197361946106,0.851197361946106,sentence::dav2_p11_chunk_17::s1,,,"ngming Gong, Chaohui Wang, Kayhan Batmanghelich, and Dacheng Tao. Deep ordinal regression network for monocular depth estimation. In CVPR, 2018. 10 [20] Xiao Fu, Wei Yin, Mu Hu, Kaixuan Wang, Yuexin Ma, Ping Tan, Shaojie Shen, Dahua Lin, and Xiaoxiao Long."
always_clear_depth_contributions,content-only,main contributions proposed framework adverse weather robust monocular depth estimation multi tuple degradation multi granularity knowledge distillation ordinal guidance,sentence-to-chunk,500,37,False,,0.9361505627632141,data\s.pdf,9,s_p9_chunk_10,89,1,1,0.8510459661483765,0.8510459661483765,sentence::s_p9_chunk_10::s1,,,"Morbitzer, HyunJun Jung, Nassir Navab, and Federico Tombari. Robust monocular depth esti- mation under challenging conditions. In Proceedings of the IEEE/CVF International Conference on Computer Vision , pages 8177–8186, 2023. 1, 2, 4, 5, 6, 7, 8 [9] Cl ´"
always_clear_depth_contributions,content-only,main contributions proposed framework adverse weather robust monocular depth estimation multi tuple degradation multi granularity knowledge distillation ordinal guidance,sentence-to-chunk,500,38,False,,0.936025071144104,data\Robust Monocular Depth Estimation under Challenging Conditions.pdf,3,Robust_Monocular_Depth_Estimation_under_Challenging_Conditions_p3_chunk_21,56,1,1,0.8509318828582764,0.8509318828582764,sentence::Robust_Monocular_Depth_Estimation_under_Challenging_Conditions_p3_chunk_21::s0,,,"tion. Unlike prior works, in this paper, we propose a simple and effective solution enabling a standard monocular model to estimate depth in diverse conditions (e.g., day, night, and rain) without any difference at inference time compared to a common encod"
always_clear_depth_contributions,content-only,main contributions proposed framework adverse weather robust monocular depth estimation multi tuple degradation multi granularity knowledge distillation ordinal guidance,sentence-to-chunk,500,39,False,,0.9354826509952545,data\dav2.pdf,12,dav2_p12_chunk_6,90,1,1,0.8504387736320496,0.8504387736320496,sentence::dav2_p12_chunk_6::s0,,,"and Adrien Gaidon. Towards zero-shot scale-aware monocular depth estimation. In ICCV, 2023. 2, 3 [27] Geoffrey Hinton, Oriol Vinyals, and Jeff Dean. Distilling the knowledge in a neural network. arXiv:1503.02531, 2015. 6, 10 [28] Mu Hu, Wei Yin, Chi Zhang,"
always_clear_depth_contributions,content-only,main contributions proposed framework adverse weather robust monocular depth estimation multi tuple degradation multi granularity knowledge distillation ordinal guidance,sentence-to-chunk,500,40,False,,0.9346604645252228,data\Robust Monocular Depth Estimation under Challenging Conditions.pdf,10,Robust_Monocular_Depth_Estimation_under_Challenging_Conditions_p10_chunk_14,80,1,1,0.8496913313865662,0.8496913313865662,sentence::Robust_Monocular_Depth_Estimation_under_Challenging_Conditions_p10_chunk_14::s1,,,"14402–14413, 2020. 2, 3, 6, 7 [34] Fabio Tosi, Filippo Aleotti, Matteo Poggi, and Stefano Mat- toccia. Learning monocular depth estimation infusing tradi- tional stereo knowledge. In Proceedings of the IEEE/CVF Conference on Computer Vision and Pattern Rec"
always_clear_depth_contributions,content-only,main contributions proposed framework adverse weather robust monocular depth estimation multi tuple degradation multi granularity knowledge distillation ordinal guidance,sentence-to-chunk,500,41,False,,0.9345466434955597,data\TDDC.pdf,9,TDDC_p9_chunk_20,92,1,1,0.8495878577232361,0.8495878577232361,sentence::TDDC_p9_chunk_20::s1,,,"ch Graf, Wendy Adams, An- drew J Schofield, James H Elder, Richard Bowden, Heng Cong, et al. The monocular depth estimation challenge. In WACV, pages 623–632, 2023. [Tan et al., 2021] Xin Tan, Ke Xu, Ying Cao, Yiheng Zhang, Lizhuang Ma, and Rynson W. H. La"
always_clear_depth_contributions,content-only,main contributions proposed framework adverse weather robust monocular depth estimation multi tuple degradation multi granularity knowledge distillation ordinal guidance,sentence-to-chunk,500,42,False,,0.9341219782829284,data\Global-Local.pdf,7,Global-Local_p7_chunk_0,50,1,1,0.8492017984390259,0.8492017984390259,sentence::Global-Local_p7_chunk_0::s0,,,5 Conclusion This paper proposes a new architecture for monocular depth estimation to deliver meaningful global and local features and generate a precisely estimated depth map. We further exploit the depth-speciﬁc data augmentation technique to improve the
always_clear_depth_contributions,content-only,main contributions proposed framework adverse weather robust monocular depth estimation multi tuple degradation multi granularity knowledge distillation ordinal guidance,sentence-to-chunk,500,43,False,,0.9337171137332916,data\s.pdf,10,s_p10_chunk_21,72,1,1,0.8488337397575378,0.8488337397575378,sentence::s_p10_chunk_21::s2,,,"rence on Artificial Intelligence, pages 7323– 7331, 2024. 1 [41] Chaoqiang Zhao, Yang Tang, and Qiyu Sun. Unsuper- vised monocular depth estimation in highly complex envi- ronments. IEEE Transactions on Emerging Topics in Com- putational Intelligence, 6(5)"
always_clear_depth_contributions,content-only,main contributions proposed framework adverse weather robust monocular depth estimation multi tuple degradation multi granularity knowledge distillation ordinal guidance,sentence-to-chunk,500,44,False,,0.9337171137332916,data\Robust Monocular Depth Estimation under Challenging Conditions.pdf,10,Robust_Monocular_Depth_Estimation_under_Challenging_Conditions_p10_chunk_27,88,1,1,0.8488337397575378,0.8488337397575378,sentence::Robust_Monocular_Depth_Estimation_under_Challenging_Conditions_p10_chunk_27::s1,,,"2645, 2020. 6 [43] Chaoqiang Zhao, Yang Tang, and Qiyu Sun. Unsuper- vised monocular depth estimation in highly complex envi- ronments. Transactions on Emerging Topics in Computa- tional Intelligence, 6(5):1237–1246, 2022. 3, 4 [44] Chaoqiang Zhao, Youmin"
always_clear_depth_contributions,content-only,main contributions proposed framework adverse weather robust monocular depth estimation multi tuple degradation multi granularity knowledge distillation ordinal guidance,sentence-to-chunk,500,45,False,,0.9332857608795166,data\DepthDark.pdf,1,DepthDark_p1_chunk_4,45,1,1,0.8484416007995605,0.8484416007995605,sentence::DepthDark_p1_chunk_4::s1,,,"ds mainly address typical daylight conditions, but their effectiveness notably decreases in low-light environments. There is a lack of robust foundational models for monocular depth estimation specifically designed for low-light scenarios. This largely ste"
always_clear_depth_contributions,content-only,main contributions proposed framework adverse weather robust monocular depth estimation multi tuple degradation multi granularity knowledge distillation ordinal guidance,sentence-to-chunk,500,46,False,,0.9331412553787232,data\LED.pdf,12,LED_p12_chunk_7,83,1,1,0.8483102321624756,0.8483102321624756,sentence::LED_p12_chunk_7::s0,,,"guidance for monocular depth estimation.arXiv preprint arXiv:1907.10326, 2019. [25] Chunyu Li, Yusuke Monno, and Masatoshi Okutomi. Deep Hyperspectral-Depth Re- construction Using Single Color-Dot Projection. InCVPR, 2022. [26] Zhenyu Li. Monocular depth e"
always_clear_depth_contributions,content-only,main contributions proposed framework adverse weather robust monocular depth estimation multi tuple degradation multi granularity knowledge distillation ordinal guidance,sentence-to-chunk,500,47,False,,0.932092934846878,data\s.pdf,10,s_p10_chunk_9,82,1,1,0.8473572134971619,0.8473572134971619,sentence::s_p10_chunk_9::s2,,,"Conference on Computer Vision and Pat- tern Recognition (CVPR), pages 21425–21434, 2023. 1 [32] Youhong Wang, Yunji Liang, Hao Xu, Shaohui Jiao, and Hongkai Yu. Sqldepth: Generalizable self-supervised fine- structured monocular depth estimation, 2023. 1 [3"
always_clear_depth_contributions,content-only,main contributions proposed framework adverse weather robust monocular depth estimation multi tuple degradation multi granularity knowledge distillation ordinal guidance,sentence-to-chunk,500,48,False,,0.9316524028778076,data\DepthDark.pdf,1,DepthDark_p1_chunk_0,88,1,1,0.846956729888916,0.846956729888916,sentence::DepthDark_p1_chunk_0::s0,,,"DepthDark: Robust Monocular Depth Estimation for Low-Light Environments Longjian Zeng 245060073@hdu.edu.cn Hangzhou Dianzi University Hangzhou, China Zunjie Zhu∗ zunjiezhu@hdu.edu.cn Hangzhou Dianzi University Hangzhou, China Rongfeng Lu rongfeng-lu@hdu.ed"
always_clear_depth_contributions,content-only,main contributions proposed framework adverse weather robust monocular depth estimation multi tuple degradation multi granularity knowledge distillation ordinal guidance,sentence-to-chunk,500,49,False,,0.9315103888511658,data\Repurposing Diffusion-Based Image Generators for Monocular Depth Estimation.pdf,30,Repurposing_Diffusion-Based_Image_Generators_for_Monocular_Depth_Estimation_p30_chunk_1,62,1,1,0.8468276262283325,0.8468276262283325,sentence::Repurposing_Diffusion-Based_Image_Generators_for_Monocular_Depth_Estimation_p30_chunk_1::s1,,,"Input RGB Image DiverseDepth MiDaS LeReS Ground Truth Marigold (ours) DPT Omnidata Figure S4. Qualitative comparison (depth) of monocular depth estimation methods across different datasets. Predictions are aligned to ground truth. For every sample, the co"
always_clear_depth_contributions,content-only,main contributions proposed framework adverse weather robust monocular depth estimation multi tuple degradation multi granularity knowledge distillation ordinal guidance,sentence-to-chunk,500,50,False,,0.9315103888511658,data\Repurposing Diffusion-Based Image Generators for Monocular Depth Estimation.pdf,7,Repurposing_Diffusion-Based_Image_Generators_for_Monocular_Depth_Estimation_p7_chunk_0,74,1,1,0.8468276262283325,0.8468276262283325,sentence::Repurposing_Diffusion-Based_Image_Generators_for_Monocular_Depth_Estimation_p7_chunk_0::s1,,,"Input RGB Image MiDaS Omnidata DPT Marigold (ours) Ground Truth NYUv2 KITTI ETH3D Scannet DIODE Figure 4. Qualitative comparison (depth) of monocular depth estimation methods across different datasets. Marigold excels at capturing thin structures (e.g., ch"
always_clear_depth_contributions,content-only,main contributions proposed framework adverse weather robust monocular depth estimation multi tuple degradation multi granularity knowledge distillation ordinal guidance,sentence-to-chunk,1000,1,True,1,1.0293901205062865,data\MonoDiffusion.pdf,9,MonoDiffusion_p9_chunk_27,72,2,2,0.8578909635543823,1.714991569519043,sentence::MonoDiffusion_p9_chunk_27::s0|sentence::MonoDiffusion_p9_chunk_27::s3,,,"for monocular depth estimation. arXiv preprint arXiv:2302.08149, 2023. [12] Xinchen Ye, Xin Fan, Mingliang Zhang, Rui Xu, and Wei Zhong. Un- supervised monocular depth estimation via recursive stereo distillation. IEEE Transactions on Image Processing , 3"
always_clear_depth_contributions,content-only,main contributions proposed framework adverse weather robust monocular depth estimation multi tuple degradation multi granularity knowledge distillation ordinal guidance,sentence-to-chunk,1000,2,True,2,1.0154582262039185,data\Repurposing Diffusion-Based Image Generators for Monocular Depth Estimation.pdf,1,Repurposing_Diffusion-Based_Image_Generators_for_Monocular_Depth_Estimation_p1_chunk_3,52,2,2,0.8470109701156616,1.6844725608825684,sentence::Repurposing_Diffusion-Based_Image_Generators_for_Monocular_Depth_Estimation_p1_chunk_3::s1|sentence::Repurposing_Diffusion-Based_Image_Generators_for_Monocular_Depth_Estimation_p1_chunk_3::s0,,,"er to unseen datasets, offering state-of-the-art monocular depth estimation results. Abstract Monocular depth estimation is a fundamental computer vision task. Recovering 3D depth from a single image is geometrically ill-posed and requires scene understand"
always_clear_depth_contributions,content-only,main contributions proposed framework adverse weather robust monocular depth estimation multi tuple degradation multi granularity knowledge distillation ordinal guidance,sentence-to-chunk,1000,3,True,3,1.005880206823349,data\Lite-Mono.pdf,9,Lite-Mono_p9_chunk_14,89,2,2,0.8385518789291382,1.6732832789421082,sentence::Lite-Mono_p9_chunk_14::s2|sentence::Lite-Mono_p9_chunk_14::s0,,,"tow. Unsupervised monocular depth estimation with left- right consistency. In CVPR, 2017. 1, 2 [15] Cl ´ement Godard, Oisin Mac Aodha, Michael Firman, and Gabriel J Brostow. Digging into self-supervised monocular depth estimation. In ICCV, 2019. 1, 2, 3,"
always_clear_depth_contributions,content-only,main contributions proposed framework adverse weather robust monocular depth estimation multi tuple degradation multi granularity knowledge distillation ordinal guidance,sentence-to-chunk,1000,4,True,4,0.981231951713562,data\ACD.pdf,1,ACD_p1_chunk_0,77,1,1,0.8920290470123291,0.8920290470123291,sentence::ACD_p1_chunk_0::s0,,,"Always Clear Depth: Robust Monocular Depth Estimation Under Adverse Weather Kui Jiang1 , Jing Cao1 , Zhaocheng Yu1 , Junjun Jiang1∗ and Jingchun Zhou2 1Harbin Institute of Technology 2Dalian Maritime University jiangkui@hit.edu.com, {caojing,yuzhaocheng}@s"
always_clear_depth_contributions,content-only,main contributions proposed framework adverse weather robust monocular depth estimation multi tuple degradation multi granularity knowledge distillation ordinal guidance,sentence-to-chunk,1000,5,True,5,0.9780911207199097,data\ACD.pdf,7,ACD_p7_chunk_23,56,1,1,0.8891737461090088,0.8891737461090088,sentence::ACD_p7_chunk_23::s0,acdepth_framework,,"on In this paper, we propose a novel approach named ACDepth for robust monocular depth estimation under adverse weather conditions. In addition, we introduce an elaborate data gen- eration scheme to produce the multi-tuple depth dataset with diverse degrad"
always_clear_depth_contributions,content-only,main contributions proposed framework adverse weather robust monocular depth estimation multi tuple degradation multi granularity knowledge distillation ordinal guidance,sentence-to-chunk,1000,6,True,6,0.9624609231948853,data\ACD.pdf,2,ACD_p2_chunk_18,55,1,1,0.8749644756317139,0.8749644756317139,sentence::ACD_p2_chunk_18::s0,"acdepth_framework,multi_granularity_knowledge_distillation",,"p a novel robust monocu- lar depth estimation framework, termed as ACDepth for high-quality depth estimation under adverse weather. • We propose the multi-granularity knowledge distillation strategy (MKD) to achieve the complete transfer and alignment of c"
always_clear_depth_contributions,content-only,main contributions proposed framework adverse weather robust monocular depth estimation multi tuple degradation multi granularity knowledge distillation ordinal guidance,sentence-to-chunk,1000,7,True,7,0.9619242072105407,data\Robust Monocular Depth Estimation under Challenging Conditions.pdf,1,Robust_Monocular_Depth_Estimation_under_Challenging_Conditions_p1_chunk_0,80,1,1,0.8744765520095825,0.8744765520095825,sentence::Robust_Monocular_Depth_Estimation_under_Challenging_Conditions_p1_chunk_0::s0,,,"Robust Monocular Depth Estimation under Challenging Conditions Stefano Gasperini∗,1,2 Nils Morbitzer∗,1 HyunJun Jung1 Nassir Navab1 Federico Tombari1,3 1 Technical University of Munich 2 VisualAIs 3 Google Abstract While state-of-the-art monocular depth es"
always_clear_depth_contributions,content-only,main contributions proposed framework adverse weather robust monocular depth estimation multi tuple degradation multi granularity knowledge distillation ordinal guidance,sentence-to-chunk,1000,8,True,8,0.9554340481758118,data\ACD.pdf,9,ACD_p9_chunk_3,86,1,1,0.8685764074325562,0.8685764074325562,sentence::ACD_p9_chunk_3::s2,,,"tion at adverse night conditions. In ROBIO, pages 1–7, 2023. [Song and Y oon, 2022] Kyeongseob Song and Kuk-Jin Y oon. Learning monocular depth estimation via selective distillation of stereo knowledge. arXiv, 2022. [Spencer et al., 2020 ] Jaime Spencer, R"
always_clear_depth_contributions,content-only,main contributions proposed framework adverse weather robust monocular depth estimation multi tuple degradation multi granularity knowledge distillation ordinal guidance,sentence-to-chunk,1000,9,True,9,0.9535238742828369,data\Depth_Anything.pdf,1,Depth_Anything_p1_chunk_3,64,1,1,0.8668398857116699,0.8668398857116699,sentence::Depth_Anything_p1_chunk_3::s1,,,"umn), complex scenes (2nd and 5th column), foggy weather (5th column), and ultra-remote distance (5th and 6th column), etc. Abstract This work presents Depth Anything1, a highly practical solution for robust monocular depth estimation. Without pur- suing n"
always_clear_depth_contributions,content-only,main contributions proposed framework adverse weather robust monocular depth estimation multi tuple degradation multi granularity knowledge distillation ordinal guidance,sentence-to-chunk,1000,10,True,10,0.9521744132041932,data\s.pdf,9,s_p9_chunk_29,78,1,1,0.8656131029129028,0.8656131029129028,sentence::s_p9_chunk_29::s1,,,"695, 2022. 2, 4 [22] Kieran Saunders, George V ogiatzis, and Luis J. Manso. Self- supervised monocular depth estimation: Let’s talk about the weather. In Proceedings of the IEEE/CVF International Conference on Computer Vision (ICCV), pages 8907–8917, 2023."
always_clear_depth_contributions,content-only,main contributions proposed framework adverse weather robust monocular depth estimation multi tuple degradation multi granularity knowledge distillation ordinal guidance,sentence-to-chunk,1000,11,True,11,0.9519322156906128,data\Single Image Depth Prediction with Wavelet Decomposition.pdf,9,Single_Image_Depth_Prediction_with_Wavelet_Decomposition_p9_chunk_11,83,1,1,0.8653929233551025,0.8653929233551025,sentence::Single_Image_Depth_Prediction_with_Wavelet_Decomposition_p9_chunk_11::s1,,,"4, 2014. [13] Huan Fu, Mingming Gong, Chaohui Wang, Kayhan Bat- manghelich, and Dacheng Tao. Deep ordinal regression net- work for monocular depth estimation. In CVPR, 2018. [14] Ravi Garg, Vijay Kumar BG, and Ian Reid. Unsupervised CNN for single view dep"
always_clear_depth_contributions,content-only,main contributions proposed framework adverse weather robust monocular depth estimation multi tuple degradation multi granularity knowledge distillation ordinal guidance,sentence-to-chunk,1000,12,True,12,0.9519322156906128,data\Robust Monocular Depth Estimation under Challenging Conditions.pdf,9,Robust_Monocular_Depth_Estimation_under_Challenging_Conditions_p9_chunk_8,68,1,1,0.8653929233551025,0.8653929233551025,sentence::Robust_Monocular_Depth_Estimation_under_Challenging_Conditions_p9_chunk_8::s2,,,"in Neural Information Processing Systems, 27, 2014. 2 [6] Huan Fu, Mingming Gong, Chaohui Wang, Kayhan Bat- manghelich, and Dacheng Tao. Deep ordinal regression net- work for monocular depth estimation. In Proceedings of the IEEE Conference on Computer Vi"
always_clear_depth_contributions,content-only,main contributions proposed framework adverse weather robust monocular depth estimation multi tuple degradation multi granularity knowledge distillation ordinal guidance,sentence-to-chunk,1000,13,True,13,0.9519322156906128,data\Monocular Depth Estimation.pdf,9,Monocular_Depth_Estimation_p9_chunk_8,74,1,1,0.8653929233551025,0.8653929233551025,sentence::Monocular_Depth_Estimation_p9_chunk_8::s1,,,"Fu, Mingming Gong, Chaohui Wang, Kayhan Bat- manghelich, and Dacheng Tao. Deep ordinal regression net- work for monocular depth estimation. In CVPR, 2018. [11] Yasutaka Furukawa and Carlos Hern ´andez. Multi-view stereo: A tutorial. Foundations and Trends"
always_clear_depth_contributions,content-only,main contributions proposed framework adverse weather robust monocular depth estimation multi tuple degradation multi granularity knowledge distillation ordinal guidance,sentence-to-chunk,1000,14,False,,0.9519322156906128,data\Lite-Mono.pdf,9,Lite-Mono_p9_chunk_11,79,1,1,0.8653929233551025,0.8653929233551025,sentence::Lite-Mono_p9_chunk_11::s1,,,", Chaohui Wang, Kayhan Bat- manghelich, and Dacheng Tao. Deep ordinal regression net- work for monocular depth estimation. In CVPR, 2018. 1, 2 [12] Ravi Garg, Vijay Kumar Bg, Gustavo Carneiro, and Ian Reid. Unsupervised cnn for single view depth estimation"
always_clear_depth_contributions,content-only,main contributions proposed framework adverse weather robust monocular depth estimation multi tuple degradation multi granularity knowledge distillation ordinal guidance,sentence-to-chunk,1000,15,False,,0.9486555993556977,data\Depth_Anything.pdf,3,Depth_Anything_p3_chunk_9,90,1,1,0.8624141812324524,0.8624141812324524,sentence::Depth_Anything_p3_chunk_9::s1,,,"uth di: ˆdi = di − t(d) s(d) , (2) where t(d) and s(d) are used to align the prediction and ground truth to have zero translation and unit scale: t(d) = median(d), s (d) = 1 HW HWX i=1 |di − t(d)|. (3) To obtain a robust monocular depth estimation model, w"
always_clear_depth_contributions,content-only,main contributions proposed framework adverse weather robust monocular depth estimation multi tuple degradation multi granularity knowledge distillation ordinal guidance,sentence-to-chunk,1000,16,False,,0.9460935115814209,data\SSRDepth.pdf,13,SSRDepth_p13_chunk_33,78,1,1,0.8600850105285645,0.8600850105285645,sentence::SSRDepth_p13_chunk_33::s2,,,"internet photos, in: Proceedings of the IEEE Conference on Computer Vision and Pattern Recognition, 2018, pp. 2041–2050. [21] R. Ranftl, K. Lasinger, D. Hafner, K. Schindler, V. Koltun, Towards robust monocular depth estimation: mixing datasets for ze"
always_clear_depth_contributions,content-only,main contributions proposed framework adverse weather robust monocular depth estimation multi tuple degradation multi granularity knowledge distillation ordinal guidance,sentence-to-chunk,1000,17,True,14,0.9441470146179199,data\Monocular Depth Estimation.pdf,1,Monocular_Depth_Estimation_p1_chunk_19,54,1,1,0.8583154678344727,0.8583154678344727,sentence::Monocular_Depth_Estimation_p1_chunk_19::s1,,,"stimation a one-time ofﬂine calibration, but can cause issues related to occlusion and texture-copy artifacts [15]. We propose three architectural and loss innovations that combined, lead to large improvements in monocular depth estimation when training wi"
always_clear_depth_contributions,content-only,main contributions proposed framework adverse weather robust monocular depth estimation multi tuple degradation multi granularity knowledge distillation ordinal guidance,sentence-to-chunk,1000,18,False,,0.9436455726623535,data\Robust Monocular Depth Estimation under Challenging Conditions.pdf,3,Robust_Monocular_Depth_Estimation_under_Challenging_Conditions_p3_chunk_19,61,1,1,0.8578596115112305,0.8578596115112305,sentence::Robust_Monocular_Depth_Estimation_under_Challenging_Conditions_p3_chunk_19::s0,,,e explored depth estimation with adverse weather. ITDFA [43] requires an encoder for each condition and was not shown to work in both standard and adverse settings. R4Dyn [8] and MonoViT [44] are ro- bust methods that delivered improvements also in adverse
always_clear_depth_contributions,content-only,main contributions proposed framework adverse weather robust monocular depth estimation multi tuple degradation multi granularity knowledge distillation ordinal guidance,sentence-to-chunk,1000,19,False,,0.9436118721961975,data\s.pdf,10,s_p10_chunk_4,89,1,1,0.8578289747238159,0.8578289747238159,sentence::s_p10_chunk_4::s1,,,"6, 7 [28] Jiyuan Wang, Chunyu Lin, Lang Nie, Shujun Huang, Yao Zhao, Xing Pan, and Rui Ai. Weatherdepth: Curriculum con- trastive learning for self-supervised depth estimation under adverse weather conditions, 2023. 1, 2, 4, 7 [29] Jiyuan Wang, Lang Nie,"
always_clear_depth_contributions,content-only,main contributions proposed framework adverse weather robust monocular depth estimation multi tuple degradation multi granularity knowledge distillation ordinal guidance,sentence-to-chunk,1000,20,False,,0.9435713529586792,data\ACD.pdf,9,ACD_p9_chunk_12,80,1,1,0.8577921390533447,0.8577921390533447,sentence::ACD_p9_chunk_12::s1,,,", Y ao Zhao, Xing Pan, and Rui Ai. Weatherdepth: Curriculum contrastive learning for self- supervised depth estimation under adverse weather con- ditions. In ICRA, pages 4976–4982, 2024. [Wang et al., 2024b ] Jiyuan Wang, Chunyu Lin, Lang Nie, Kang Liao, S"
always_clear_depth_contributions,content-only,main contributions proposed framework adverse weather robust monocular depth estimation multi tuple degradation multi granularity knowledge distillation ordinal guidance,sentence-to-chunk,1000,21,False,,0.9432270050048828,data\MonoDiffusion.pdf,9,MonoDiffusion_p9_chunk_26,97,1,1,0.8574790954589844,0.8574790954589844,sentence::MonoDiffusion_p9_chunk_26::s1,,,"sing, 27(8):4131–4144, 2018. [11] Shuwei Shao, Zhongcai Pei, Weihai Chen, Ran Li, Zhong Liu, and Zhengguo Li. Urcdc-depth: Uncertainty rectified cross-distillation with cutflip for monocular depth estimation. arXiv preprint arXiv:2302.08149, 2023. [12] Xin"
always_clear_depth_contributions,content-only,main contributions proposed framework adverse weather robust monocular depth estimation multi tuple degradation multi granularity knowledge distillation ordinal guidance,sentence-to-chunk,1000,22,False,,0.9424550414085389,data\MonoDiffusion.pdf,9,MonoDiffusion_p9_chunk_25,79,1,1,0.8567773103713989,0.8567773103713989,sentence::MonoDiffusion_p9_chunk_25::s1,,,"Youngjung Kim, Hyungjoo Jung, Dongbo Min, and Kwanghoon Sohn. Deep monocular depth estimation via integration of global and local predictions. IEEE Transactions on Image Processing, 27(8):4131–4144, 2018. [11] Shuwei Shao, Zhongcai Pei, Weihai Chen, Ran Li"
always_clear_depth_contributions,content-only,main contributions proposed framework adverse weather robust monocular depth estimation multi tuple degradation multi granularity knowledge distillation ordinal guidance,sentence-to-chunk,1000,23,False,,0.942373412847519,data\DepthDark.pdf,6,DepthDark_p6_chunk_15,46,1,1,0.8567031025886536,0.8567031025886536,sentence::DepthDark_p6_chunk_15::s0,,,"ground truth depth values. training, and our model was eventually fine-tuned for downstream monocular depth estimation tasks. Additionally, data augmentation techniques, including random cropping and horizontal flipping, were employed to enhance the train"
always_clear_depth_contributions,content-only,main contributions proposed framework adverse weather robust monocular depth estimation multi tuple degradation multi granularity knowledge distillation ordinal guidance,sentence-to-chunk,1000,24,False,,0.942318469285965,data\LED.pdf,11,LED_p11_chunk_14,44,1,1,0.8566531538963318,0.8566531538963318,sentence::LED_p11_chunk_14::s1,,,"asperini, Nils Morbitzer, HyunJun Jung, Nassir Navab, and Federico Tombari. Robust monocular depth estimation under challenging conditions. InICCV, 2023."
always_clear_depth_contributions,content-only,main contributions proposed framework adverse weather robust monocular depth estimation multi tuple degradation multi granularity knowledge distillation ordinal guidance,sentence-to-chunk,1000,25,False,,0.9420467674732208,data\ACD.pdf,9,ACD_p9_chunk_0,88,1,1,0.8564061522483826,0.8564061522483826,sentence::ACD_p9_chunk_0::s1,,,"[Saunders et al., 2023] Kieran Saunders, George V ogiatzis, and Luis J Manso. Self-supervised monocular depth es- timation: Let’s talk about the weather. In ICCV, pages 8907–8917, 2023. [Sch¨on et al., 2021 ] Markus Sch ¨on, Michael Buchholz, and Klaus Die"
always_clear_depth_contributions,content-only,main contributions proposed framework adverse weather robust monocular depth estimation multi tuple degradation multi granularity knowledge distillation ordinal guidance,sentence-to-chunk,1000,26,False,,0.9413881003856659,data\Depth_Anything.pdf,1,Depth_Anything_p1_chunk_4,54,1,1,0.855807363986969,0.855807363986969,sentence::Depth_Anything_p1_chunk_4::s0,,,"y practical solution for robust monocular depth estimation. Without pur- suing novel technical modules, we aim to build a simple yet powerful foundation model dealing with any images under any circumstances. To this end, we scale up the dataset by designin"
always_clear_depth_contributions,content-only,main contributions proposed framework adverse weather robust monocular depth estimation multi tuple degradation multi granularity knowledge distillation ordinal guidance,sentence-to-chunk,1000,27,False,,0.9409326851367951,data\Monocular Depth Estimation.pdf,10,Monocular_Depth_Estimation_p10_chunk_10,86,1,1,0.8553933501243591,0.8553933501243591,sentence::Monocular_Depth_Estimation_p10_chunk_10::s3,,,"V, 2018. [49] Matteo Poggi, Filippo Aleotti, Fabio Tosi, and Stefano Mat- toccia. Towards real-time unsupervised monocular depth es- timation on cpu. In IROS, 2018. [50] Matteo Poggi, Fabio Tosi, and Stefano Mattoccia. Learning monocular depth estimation w"
always_clear_depth_contributions,content-only,main contributions proposed framework adverse weather robust monocular depth estimation multi tuple degradation multi granularity knowledge distillation ordinal guidance,sentence-to-chunk,1000,28,False,,0.9402030110359192,data\TDDC.pdf,10,TDDC_p10_chunk_8,71,1,1,0.8547300100326538,0.8547300100326538,sentence::TDDC_p10_chunk_8::s2,,,"e China Technological Sciences, 63(9):1612–1627, 2020. [Zhao et al., 2022a] Chaoqiang Zhao, Yang Tang, and Qiyu Sun. Unsupervised monocular depth estimation in highly complex environments. IEEE Transactions on Emerging Topics in Computational Intelligence"
always_clear_depth_contributions,content-only,main contributions proposed framework adverse weather robust monocular depth estimation multi tuple degradation multi granularity knowledge distillation ordinal guidance,sentence-to-chunk,1000,29,False,,0.9401147603988648,data\DepthDark.pdf,10,DepthDark_p10_chunk_10,78,1,1,0.8546497821807861,0.8546497821807861,sentence::DepthDark_p10_chunk_10::s0,,,"Tang, and Qiyu Sun. 2022. Unsupervised monocular depth estimation in highly complex environments.IEEE Transactions on Emerging Topics in Computational Intelligence 6, 5 (2022), 1237–1246. [51] Chaoqiang Zhao, Youmin Zhang, Matteo Poggi, Fabio Tosi, Xianda"
always_clear_depth_contributions,content-only,main contributions proposed framework adverse weather robust monocular depth estimation multi tuple degradation multi granularity knowledge distillation ordinal guidance,sentence-to-chunk,1000,30,False,,0.9371900975704193,data\Jasmine.pdf,13,Jasmine_p13_chunk_14,68,1,1,0.8519909977912903,0.8519909977912903,sentence::Jasmine_p13_chunk_14::s1,,,", 2017. 21 [48] Jiyuan Wang, Chunyu Lin, Lang Nie, Shujun Huang, Yao Zhao, Xing Pan, and Rui Ai. Weatherdepth: Curriculum contrastive learning for self-supervised depth estimation under adverse weather conditions. In 2024 IEEE International Conference on R"
always_clear_depth_contributions,content-only,main contributions proposed framework adverse weather robust monocular depth estimation multi tuple degradation multi granularity knowledge distillation ordinal guidance,sentence-to-chunk,1000,31,False,,0.9371605932712554,data\Robust Monocular Depth Estimation under Challenging Conditions.pdf,10,Robust_Monocular_Depth_Estimation_under_Challenging_Conditions_p10_chunk_22,69,1,1,0.8519641757011414,0.8519641757011414,sentence::Robust_Monocular_Depth_Estimation_under_Challenging_Conditions_p10_chunk_22::s3,,,". Image quality assessment: From error visibility to structural similarity. IEEE Transactions on Image Process- ing, 13(4):600–612, 2004. 4 [40] Mengchen Xiong, Xiao Xu, Dong Yang, and Eckehard Stein- bach. Robust depth estimation in foggy environments com"
always_clear_depth_contributions,content-only,main contributions proposed framework adverse weather robust monocular depth estimation multi tuple degradation multi granularity knowledge distillation ordinal guidance,sentence-to-chunk,1000,32,False,,0.936817753314972,data\Repurposing Diffusion-Based Image Generators for Monocular Depth Estimation.pdf,10,Repurposing_Diffusion-Based_Image_Generators_for_Monocular_Depth_Estimation_p10_chunk_30,80,1,1,0.8516525030136108,0.8516525030136108,sentence::Repurposing_Diffusion-Based_Image_Generators_for_Monocular_Depth_Estimation_p10_chunk_30::s1,,,"Gang Yu, Bin Fu, and Chunhua Shen. Hierarchical normalization for robust monoc- ular depth estimation. NeurIPS, 35, 2022. 3, 6, 11 [61] Lvmin Zhang, Anyi Rao, and Maneesh Agrawala. Adding conditional control to text-to-image diffusion models. In ICCV, page"
always_clear_depth_contributions,content-only,main contributions proposed framework adverse weather robust monocular depth estimation multi tuple degradation multi granularity knowledge distillation ordinal guidance,sentence-to-chunk,1000,33,False,,0.9363170981407165,data\Repurposing Diffusion-Based Image Generators for Monocular Depth Estimation.pdf,9,Repurposing_Diffusion-Based_Image_Generators_for_Monocular_Depth_Estimation_p9_chunk_15,93,1,1,0.851197361946106,0.851197361946106,sentence::Repurposing_Diffusion-Based_Image_Generators_for_Monocular_Depth_Estimation_p9_chunk_15::s1,,,"ng Gong, Chaohui Wang, Kayhan Bat- manghelich, and Dacheng Tao. Deep ordinal regression network for monocular depth estimation. In CVPR, pages 2002–2011, 2018. 2 [16] Peng Gao, Shijie Geng, Renrui Zhang, Teli Ma, Rongyao Fang, Yongfeng Zhang, Hongsheng Li,"
always_clear_depth_contributions,content-only,main contributions proposed framework adverse weather robust monocular depth estimation multi tuple degradation multi granularity knowledge distillation ordinal guidance,sentence-to-chunk,1000,34,False,,0.9363170981407165,data\MonoDiffusion.pdf,10,MonoDiffusion_p10_chunk_18,75,1,1,0.851197361946106,0.851197361946106,sentence::MonoDiffusion_p10_chunk_18::s2,,,"eo Technology, 28(11):3174–3182, 2017. [33] Huan Fu, Mingming Gong, Chaohui Wang, Kayhan Batmanghelich, and Dacheng Tao. Deep ordinal regression network for monocular depth estimation. In Proceedings of the IEEE Conference on Computer Vision and Pattern Re"
always_clear_depth_contributions,content-only,main contributions proposed framework adverse weather robust monocular depth estimation multi tuple degradation multi granularity knowledge distillation ordinal guidance,sentence-to-chunk,1000,35,False,,0.9363170981407165,data\Global-Local.pdf,7,Global-Local_p7_chunk_10,75,1,1,0.851197361946106,0.851197361946106,sentence::Global-Local_p7_chunk_10::s1,,,"IPS), pages 2366–2374, 2014. [Fu et al., 2018] Huan Fu, Mingming Gong, Chaohui Wang, Kayhan Batmanghelich, and Dacheng Tao. Deep ordinal regression network for monocular depth estimation. In Proceedings of the IEEE Conference on Computer Vision and Pattern"
always_clear_depth_contributions,content-only,main contributions proposed framework adverse weather robust monocular depth estimation multi tuple degradation multi granularity knowledge distillation ordinal guidance,sentence-to-chunk,1000,36,False,,0.9363170981407165,data\dav2.pdf,11,dav2_p11_chunk_17,85,1,1,0.851197361946106,0.851197361946106,sentence::dav2_p11_chunk_17::s1,,,"ngming Gong, Chaohui Wang, Kayhan Batmanghelich, and Dacheng Tao. Deep ordinal regression network for monocular depth estimation. In CVPR, 2018. 10 [20] Xiao Fu, Wei Yin, Mu Hu, Kaixuan Wang, Yuexin Ma, Ping Tan, Shaojie Shen, Dahua Lin, and Xiaoxiao Long."
always_clear_depth_contributions,content-only,main contributions proposed framework adverse weather robust monocular depth estimation multi tuple degradation multi granularity knowledge distillation ordinal guidance,sentence-to-chunk,1000,37,False,,0.9361505627632141,data\s.pdf,9,s_p9_chunk_10,89,1,1,0.8510459661483765,0.8510459661483765,sentence::s_p9_chunk_10::s1,,,"Morbitzer, HyunJun Jung, Nassir Navab, and Federico Tombari. Robust monocular depth esti- mation under challenging conditions. In Proceedings of the IEEE/CVF International Conference on Computer Vision , pages 8177–8186, 2023. 1, 2, 4, 5, 6, 7, 8 [9] Cl ´"
always_clear_depth_contributions,content-only,main contributions proposed framework adverse weather robust monocular depth estimation multi tuple degradation multi granularity knowledge distillation ordinal guidance,sentence-to-chunk,1000,38,False,,0.936025071144104,data\Robust Monocular Depth Estimation under Challenging Conditions.pdf,3,Robust_Monocular_Depth_Estimation_under_Challenging_Conditions_p3_chunk_21,56,1,1,0.8509318828582764,0.8509318828582764,sentence::Robust_Monocular_Depth_Estimation_under_Challenging_Conditions_p3_chunk_21::s0,,,"tion. Unlike prior works, in this paper, we propose a simple and effective solution enabling a standard monocular model to estimate depth in diverse conditions (e.g., day, night, and rain) without any difference at inference time compared to a common encod"
always_clear_depth_contributions,content-only,main contributions proposed framework adverse weather robust monocular depth estimation multi tuple degradation multi granularity knowledge distillation ordinal guidance,sentence-to-chunk,1000,39,False,,0.9354826509952545,data\dav2.pdf,12,dav2_p12_chunk_6,90,1,1,0.8504387736320496,0.8504387736320496,sentence::dav2_p12_chunk_6::s0,,,"and Adrien Gaidon. Towards zero-shot scale-aware monocular depth estimation. In ICCV, 2023. 2, 3 [27] Geoffrey Hinton, Oriol Vinyals, and Jeff Dean. Distilling the knowledge in a neural network. arXiv:1503.02531, 2015. 6, 10 [28] Mu Hu, Wei Yin, Chi Zhang,"
always_clear_depth_contributions,content-only,main contributions proposed framework adverse weather robust monocular depth estimation multi tuple degradation multi granularity knowledge distillation ordinal guidance,sentence-to-chunk,1000,40,False,,0.9346604645252228,data\Robust Monocular Depth Estimation under Challenging Conditions.pdf,10,Robust_Monocular_Depth_Estimation_under_Challenging_Conditions_p10_chunk_14,80,1,1,0.8496913313865662,0.8496913313865662,sentence::Robust_Monocular_Depth_Estimation_under_Challenging_Conditions_p10_chunk_14::s1,,,"14402–14413, 2020. 2, 3, 6, 7 [34] Fabio Tosi, Filippo Aleotti, Matteo Poggi, and Stefano Mat- toccia. Learning monocular depth estimation infusing tradi- tional stereo knowledge. In Proceedings of the IEEE/CVF Conference on Computer Vision and Pattern Rec"
always_clear_depth_contributions,content-only,main contributions proposed framework adverse weather robust monocular depth estimation multi tuple degradation multi granularity knowledge distillation ordinal guidance,sentence-to-chunk,1000,41,False,,0.9345466434955597,data\TDDC.pdf,9,TDDC_p9_chunk_20,92,1,1,0.8495878577232361,0.8495878577232361,sentence::TDDC_p9_chunk_20::s1,,,"ch Graf, Wendy Adams, An- drew J Schofield, James H Elder, Richard Bowden, Heng Cong, et al. The monocular depth estimation challenge. In WACV, pages 623–632, 2023. [Tan et al., 2021] Xin Tan, Ke Xu, Ying Cao, Yiheng Zhang, Lizhuang Ma, and Rynson W. H. La"
always_clear_depth_contributions,content-only,main contributions proposed framework adverse weather robust monocular depth estimation multi tuple degradation multi granularity knowledge distillation ordinal guidance,sentence-to-chunk,1000,42,False,,0.9341219782829284,data\Global-Local.pdf,7,Global-Local_p7_chunk_0,50,1,1,0.8492017984390259,0.8492017984390259,sentence::Global-Local_p7_chunk_0::s0,,,5 Conclusion This paper proposes a new architecture for monocular depth estimation to deliver meaningful global and local features and generate a precisely estimated depth map. We further exploit the depth-speciﬁc data augmentation technique to improve the
always_clear_depth_contributions,content-only,main contributions proposed framework adverse weather robust monocular depth estimation multi tuple degradation multi granularity knowledge distillation ordinal guidance,sentence-to-chunk,1000,43,False,,0.9337171137332916,data\s.pdf,10,s_p10_chunk_21,72,1,1,0.8488337397575378,0.8488337397575378,sentence::s_p10_chunk_21::s2,,,"rence on Artificial Intelligence, pages 7323– 7331, 2024. 1 [41] Chaoqiang Zhao, Yang Tang, and Qiyu Sun. Unsuper- vised monocular depth estimation in highly complex envi- ronments. IEEE Transactions on Emerging Topics in Com- putational Intelligence, 6(5)"
always_clear_depth_contributions,content-only,main contributions proposed framework adverse weather robust monocular depth estimation multi tuple degradation multi granularity knowledge distillation ordinal guidance,sentence-to-chunk,1000,44,False,,0.9337171137332916,data\Robust Monocular Depth Estimation under Challenging Conditions.pdf,10,Robust_Monocular_Depth_Estimation_under_Challenging_Conditions_p10_chunk_27,88,1,1,0.8488337397575378,0.8488337397575378,sentence::Robust_Monocular_Depth_Estimation_under_Challenging_Conditions_p10_chunk_27::s1,,,"2645, 2020. 6 [43] Chaoqiang Zhao, Yang Tang, and Qiyu Sun. Unsuper- vised monocular depth estimation in highly complex envi- ronments. Transactions on Emerging Topics in Computa- tional Intelligence, 6(5):1237–1246, 2022. 3, 4 [44] Chaoqiang Zhao, Youmin"
always_clear_depth_contributions,content-only,main contributions proposed framework adverse weather robust monocular depth estimation multi tuple degradation multi granularity knowledge distillation ordinal guidance,sentence-to-chunk,1000,45,False,,0.9332857608795166,data\DepthDark.pdf,1,DepthDark_p1_chunk_4,45,1,1,0.8484416007995605,0.8484416007995605,sentence::DepthDark_p1_chunk_4::s1,,,"ds mainly address typical daylight conditions, but their effectiveness notably decreases in low-light environments. There is a lack of robust foundational models for monocular depth estimation specifically designed for low-light scenarios. This largely ste"
always_clear_depth_contributions,content-only,main contributions proposed framework adverse weather robust monocular depth estimation multi tuple degradation multi granularity knowledge distillation ordinal guidance,sentence-to-chunk,1000,46,False,,0.9331412553787232,data\LED.pdf,12,LED_p12_chunk_7,83,1,1,0.8483102321624756,0.8483102321624756,sentence::LED_p12_chunk_7::s0,,,"guidance for monocular depth estimation.arXiv preprint arXiv:1907.10326, 2019. [25] Chunyu Li, Yusuke Monno, and Masatoshi Okutomi. Deep Hyperspectral-Depth Re- construction Using Single Color-Dot Projection. InCVPR, 2022. [26] Zhenyu Li. Monocular depth e"
always_clear_depth_contributions,content-only,main contributions proposed framework adverse weather robust monocular depth estimation multi tuple degradation multi granularity knowledge distillation ordinal guidance,sentence-to-chunk,1000,47,False,,0.932092934846878,data\s.pdf,10,s_p10_chunk_9,82,1,1,0.8473572134971619,0.8473572134971619,sentence::s_p10_chunk_9::s2,,,"Conference on Computer Vision and Pat- tern Recognition (CVPR), pages 21425–21434, 2023. 1 [32] Youhong Wang, Yunji Liang, Hao Xu, Shaohui Jiao, and Hongkai Yu. Sqldepth: Generalizable self-supervised fine- structured monocular depth estimation, 2023. 1 [3"
always_clear_depth_contributions,content-only,main contributions proposed framework adverse weather robust monocular depth estimation multi tuple degradation multi granularity knowledge distillation ordinal guidance,sentence-to-chunk,1000,48,False,,0.9316524028778076,data\DepthDark.pdf,1,DepthDark_p1_chunk_0,88,1,1,0.846956729888916,0.846956729888916,sentence::DepthDark_p1_chunk_0::s0,,,"DepthDark: Robust Monocular Depth Estimation for Low-Light Environments Longjian Zeng 245060073@hdu.edu.cn Hangzhou Dianzi University Hangzhou, China Zunjie Zhu∗ zunjiezhu@hdu.edu.cn Hangzhou Dianzi University Hangzhou, China Rongfeng Lu rongfeng-lu@hdu.ed"
always_clear_depth_contributions,content-only,main contributions proposed framework adverse weather robust monocular depth estimation multi tuple degradation multi granularity knowledge distillation ordinal guidance,sentence-to-chunk,1000,49,False,,0.9315103888511658,data\Repurposing Diffusion-Based Image Generators for Monocular Depth Estimation.pdf,30,Repurposing_Diffusion-Based_Image_Generators_for_Monocular_Depth_Estimation_p30_chunk_1,62,1,1,0.8468276262283325,0.8468276262283325,sentence::Repurposing_Diffusion-Based_Image_Generators_for_Monocular_Depth_Estimation_p30_chunk_1::s1,,,"Input RGB Image DiverseDepth MiDaS LeReS Ground Truth Marigold (ours) DPT Omnidata Figure S4. Qualitative comparison (depth) of monocular depth estimation methods across different datasets. Predictions are aligned to ground truth. For every sample, the co"
always_clear_depth_contributions,content-only,main contributions proposed framework adverse weather robust monocular depth estimation multi tuple degradation multi granularity knowledge distillation ordinal guidance,sentence-to-chunk,1000,50,False,,0.9315103888511658,data\Repurposing Diffusion-Based Image Generators for Monocular Depth Estimation.pdf,7,Repurposing_Diffusion-Based_Image_Generators_for_Monocular_Depth_Estimation_p7_chunk_0,74,1,1,0.8468276262283325,0.8468276262283325,sentence::Repurposing_Diffusion-Based_Image_Generators_for_Monocular_Depth_Estimation_p7_chunk_0::s1,,,"Input RGB Image MiDaS Omnidata DPT Marigold (ours) Ground Truth NYUv2 KITTI ETH3D Scannet DIODE Figure 4. Qualitative comparison (depth) of monocular depth estimation methods across different datasets. Marigold excels at capturing thin structures (e.g., ch"
always_clear_depth_contributions,content-only,main contributions proposed framework adverse weather robust monocular depth estimation multi tuple degradation multi granularity knowledge distillation ordinal guidance,sentence-to-chunk,1500,1,True,1,1.0293901205062865,data\MonoDiffusion.pdf,9,MonoDiffusion_p9_chunk_27,72,2,2,0.8578909635543823,1.714991569519043,sentence::MonoDiffusion_p9_chunk_27::s0|sentence::MonoDiffusion_p9_chunk_27::s3,,,"for monocular depth estimation. arXiv preprint arXiv:2302.08149, 2023. [12] Xinchen Ye, Xin Fan, Mingliang Zhang, Rui Xu, and Wei Zhong. Un- supervised monocular depth estimation via recursive stereo distillation. IEEE Transactions on Image Processing , 3"
always_clear_depth_contributions,content-only,main contributions proposed framework adverse weather robust monocular depth estimation multi tuple degradation multi granularity knowledge distillation ordinal guidance,sentence-to-chunk,1500,2,True,2,1.0154582262039185,data\Repurposing Diffusion-Based Image Generators for Monocular Depth Estimation.pdf,1,Repurposing_Diffusion-Based_Image_Generators_for_Monocular_Depth_Estimation_p1_chunk_3,52,2,2,0.8470109701156616,1.6844725608825684,sentence::Repurposing_Diffusion-Based_Image_Generators_for_Monocular_Depth_Estimation_p1_chunk_3::s1|sentence::Repurposing_Diffusion-Based_Image_Generators_for_Monocular_Depth_Estimation_p1_chunk_3::s0,,,"er to unseen datasets, offering state-of-the-art monocular depth estimation results. Abstract Monocular depth estimation is a fundamental computer vision task. Recovering 3D depth from a single image is geometrically ill-posed and requires scene understand"
always_clear_depth_contributions,content-only,main contributions proposed framework adverse weather robust monocular depth estimation multi tuple degradation multi granularity knowledge distillation ordinal guidance,sentence-to-chunk,1500,3,True,3,1.005880206823349,data\Lite-Mono.pdf,9,Lite-Mono_p9_chunk_14,89,2,2,0.8385518789291382,1.6732832789421082,sentence::Lite-Mono_p9_chunk_14::s2|sentence::Lite-Mono_p9_chunk_14::s0,,,"tow. Unsupervised monocular depth estimation with left- right consistency. In CVPR, 2017. 1, 2 [15] Cl ´ement Godard, Oisin Mac Aodha, Michael Firman, and Gabriel J Brostow. Digging into self-supervised monocular depth estimation. In ICCV, 2019. 1, 2, 3,"
always_clear_depth_contributions,content-only,main contributions proposed framework adverse weather robust monocular depth estimation multi tuple degradation multi granularity knowledge distillation ordinal guidance,sentence-to-chunk,1500,4,True,4,0.981231951713562,data\ACD.pdf,1,ACD_p1_chunk_0,77,1,1,0.8920290470123291,0.8920290470123291,sentence::ACD_p1_chunk_0::s0,,,"Always Clear Depth: Robust Monocular Depth Estimation Under Adverse Weather Kui Jiang1 , Jing Cao1 , Zhaocheng Yu1 , Junjun Jiang1∗ and Jingchun Zhou2 1Harbin Institute of Technology 2Dalian Maritime University jiangkui@hit.edu.com, {caojing,yuzhaocheng}@s"
always_clear_depth_contributions,content-only,main contributions proposed framework adverse weather robust monocular depth estimation multi tuple degradation multi granularity knowledge distillation ordinal guidance,sentence-to-chunk,1500,5,True,5,0.9780911207199097,data\ACD.pdf,7,ACD_p7_chunk_23,56,1,1,0.8891737461090088,0.8891737461090088,sentence::ACD_p7_chunk_23::s0,acdepth_framework,,"on In this paper, we propose a novel approach named ACDepth for robust monocular depth estimation under adverse weather conditions. In addition, we introduce an elaborate data gen- eration scheme to produce the multi-tuple depth dataset with diverse degrad"
always_clear_depth_contributions,content-only,main contributions proposed framework adverse weather robust monocular depth estimation multi tuple degradation multi granularity knowledge distillation ordinal guidance,sentence-to-chunk,1500,6,True,6,0.9624609231948853,data\ACD.pdf,2,ACD_p2_chunk_18,55,1,1,0.8749644756317139,0.8749644756317139,sentence::ACD_p2_chunk_18::s0,"acdepth_framework,multi_granularity_knowledge_distillation",,"p a novel robust monocu- lar depth estimation framework, termed as ACDepth for high-quality depth estimation under adverse weather. • We propose the multi-granularity knowledge distillation strategy (MKD) to achieve the complete transfer and alignment of c"
always_clear_depth_contributions,content-only,main contributions proposed framework adverse weather robust monocular depth estimation multi tuple degradation multi granularity knowledge distillation ordinal guidance,sentence-to-chunk,1500,7,True,7,0.9619242072105407,data\Robust Monocular Depth Estimation under Challenging Conditions.pdf,1,Robust_Monocular_Depth_Estimation_under_Challenging_Conditions_p1_chunk_0,80,1,1,0.8744765520095825,0.8744765520095825,sentence::Robust_Monocular_Depth_Estimation_under_Challenging_Conditions_p1_chunk_0::s0,,,"Robust Monocular Depth Estimation under Challenging Conditions Stefano Gasperini∗,1,2 Nils Morbitzer∗,1 HyunJun Jung1 Nassir Navab1 Federico Tombari1,3 1 Technical University of Munich 2 VisualAIs 3 Google Abstract While state-of-the-art monocular depth es"
always_clear_depth_contributions,content-only,main contributions proposed framework adverse weather robust monocular depth estimation multi tuple degradation multi granularity knowledge distillation ordinal guidance,sentence-to-chunk,1500,8,True,8,0.9554340481758118,data\ACD.pdf,9,ACD_p9_chunk_3,86,1,1,0.8685764074325562,0.8685764074325562,sentence::ACD_p9_chunk_3::s2,,,"tion at adverse night conditions. In ROBIO, pages 1–7, 2023. [Song and Y oon, 2022] Kyeongseob Song and Kuk-Jin Y oon. Learning monocular depth estimation via selective distillation of stereo knowledge. arXiv, 2022. [Spencer et al., 2020 ] Jaime Spencer, R"
always_clear_depth_contributions,content-only,main contributions proposed framework adverse weather robust monocular depth estimation multi tuple degradation multi granularity knowledge distillation ordinal guidance,sentence-to-chunk,1500,9,True,9,0.9535238742828369,data\Depth_Anything.pdf,1,Depth_Anything_p1_chunk_3,64,1,1,0.8668398857116699,0.8668398857116699,sentence::Depth_Anything_p1_chunk_3::s1,,,"umn), complex scenes (2nd and 5th column), foggy weather (5th column), and ultra-remote distance (5th and 6th column), etc. Abstract This work presents Depth Anything1, a highly practical solution for robust monocular depth estimation. Without pur- suing n"
always_clear_depth_contributions,content-only,main contributions proposed framework adverse weather robust monocular depth estimation multi tuple degradation multi granularity knowledge distillation ordinal guidance,sentence-to-chunk,1500,10,True,10,0.9521744132041932,data\s.pdf,9,s_p9_chunk_29,78,1,1,0.8656131029129028,0.8656131029129028,sentence::s_p9_chunk_29::s1,,,"695, 2022. 2, 4 [22] Kieran Saunders, George V ogiatzis, and Luis J. Manso. Self- supervised monocular depth estimation: Let’s talk about the weather. In Proceedings of the IEEE/CVF International Conference on Computer Vision (ICCV), pages 8907–8917, 2023."
always_clear_depth_contributions,content-only,main contributions proposed framework adverse weather robust monocular depth estimation multi tuple degradation multi granularity knowledge distillation ordinal guidance,sentence-to-chunk,1500,11,True,11,0.9519322156906128,data\Single Image Depth Prediction with Wavelet Decomposition.pdf,9,Single_Image_Depth_Prediction_with_Wavelet_Decomposition_p9_chunk_11,83,1,1,0.8653929233551025,0.8653929233551025,sentence::Single_Image_Depth_Prediction_with_Wavelet_Decomposition_p9_chunk_11::s1,,,"4, 2014. [13] Huan Fu, Mingming Gong, Chaohui Wang, Kayhan Bat- manghelich, and Dacheng Tao. Deep ordinal regression net- work for monocular depth estimation. In CVPR, 2018. [14] Ravi Garg, Vijay Kumar BG, and Ian Reid. Unsupervised CNN for single view dep"
always_clear_depth_contributions,content-only,main contributions proposed framework adverse weather robust monocular depth estimation multi tuple degradation multi granularity knowledge distillation ordinal guidance,sentence-to-chunk,1500,12,True,12,0.9519322156906128,data\Robust Monocular Depth Estimation under Challenging Conditions.pdf,9,Robust_Monocular_Depth_Estimation_under_Challenging_Conditions_p9_chunk_8,68,1,1,0.8653929233551025,0.8653929233551025,sentence::Robust_Monocular_Depth_Estimation_under_Challenging_Conditions_p9_chunk_8::s2,,,"in Neural Information Processing Systems, 27, 2014. 2 [6] Huan Fu, Mingming Gong, Chaohui Wang, Kayhan Bat- manghelich, and Dacheng Tao. Deep ordinal regression net- work for monocular depth estimation. In Proceedings of the IEEE Conference on Computer Vi"
always_clear_depth_contributions,content-only,main contributions proposed framework adverse weather robust monocular depth estimation multi tuple degradation multi granularity knowledge distillation ordinal guidance,sentence-to-chunk,1500,13,True,13,0.9519322156906128,data\Monocular Depth Estimation.pdf,9,Monocular_Depth_Estimation_p9_chunk_8,74,1,1,0.8653929233551025,0.8653929233551025,sentence::Monocular_Depth_Estimation_p9_chunk_8::s1,,,"Fu, Mingming Gong, Chaohui Wang, Kayhan Bat- manghelich, and Dacheng Tao. Deep ordinal regression net- work for monocular depth estimation. In CVPR, 2018. [11] Yasutaka Furukawa and Carlos Hern ´andez. Multi-view stereo: A tutorial. Foundations and Trends"
always_clear_depth_contributions,content-only,main contributions proposed framework adverse weather robust monocular depth estimation multi tuple degradation multi granularity knowledge distillation ordinal guidance,sentence-to-chunk,1500,14,True,14,0.9519322156906128,data\Lite-Mono.pdf,9,Lite-Mono_p9_chunk_11,79,1,1,0.8653929233551025,0.8653929233551025,sentence::Lite-Mono_p9_chunk_11::s1,,,", Chaohui Wang, Kayhan Bat- manghelich, and Dacheng Tao. Deep ordinal regression net- work for monocular depth estimation. In CVPR, 2018. 1, 2 [12] Ravi Garg, Vijay Kumar Bg, Gustavo Carneiro, and Ian Reid. Unsupervised cnn for single view depth estimation"
always_clear_depth_contributions,content-only,main contributions proposed framework adverse weather robust monocular depth estimation multi tuple degradation multi granularity knowledge distillation ordinal guidance,sentence-to-chunk,1500,15,True,15,0.9486555993556977,data\Depth_Anything.pdf,3,Depth_Anything_p3_chunk_9,90,1,1,0.8624141812324524,0.8624141812324524,sentence::Depth_Anything_p3_chunk_9::s1,,,"uth di: ˆdi = di − t(d) s(d) , (2) where t(d) and s(d) are used to align the prediction and ground truth to have zero translation and unit scale: t(d) = median(d), s (d) = 1 HW HWX i=1 |di − t(d)|. (3) To obtain a robust monocular depth estimation model, w"
always_clear_depth_contributions,content-only,main contributions proposed framework adverse weather robust monocular depth estimation multi tuple degradation multi granularity knowledge distillation ordinal guidance,sentence-to-chunk,1500,16,True,16,0.9460935115814209,data\SSRDepth.pdf,13,SSRDepth_p13_chunk_33,78,1,1,0.8600850105285645,0.8600850105285645,sentence::SSRDepth_p13_chunk_33::s2,,,"internet photos, in: Proceedings of the IEEE Conference on Computer Vision and Pattern Recognition, 2018, pp. 2041–2050. [21] R. Ranftl, K. Lasinger, D. Hafner, K. Schindler, V. Koltun, Towards robust monocular depth estimation: mixing datasets for ze"
always_clear_depth_contributions,content-only,main contributions proposed framework adverse weather robust monocular depth estimation multi tuple degradation multi granularity knowledge distillation ordinal guidance,sentence-to-chunk,1500,17,True,17,0.9441470146179199,data\Monocular Depth Estimation.pdf,1,Monocular_Depth_Estimation_p1_chunk_19,54,1,1,0.8583154678344727,0.8583154678344727,sentence::Monocular_Depth_Estimation_p1_chunk_19::s1,,,"stimation a one-time ofﬂine calibration, but can cause issues related to occlusion and texture-copy artifacts [15]. We propose three architectural and loss innovations that combined, lead to large improvements in monocular depth estimation when training wi"
always_clear_depth_contributions,content-only,main contributions proposed framework adverse weather robust monocular depth estimation multi tuple degradation multi granularity knowledge distillation ordinal guidance,sentence-to-chunk,1500,18,True,18,0.9436455726623535,data\Robust Monocular Depth Estimation under Challenging Conditions.pdf,3,Robust_Monocular_Depth_Estimation_under_Challenging_Conditions_p3_chunk_19,61,1,1,0.8578596115112305,0.8578596115112305,sentence::Robust_Monocular_Depth_Estimation_under_Challenging_Conditions_p3_chunk_19::s0,,,e explored depth estimation with adverse weather. ITDFA [43] requires an encoder for each condition and was not shown to work in both standard and adverse settings. R4Dyn [8] and MonoViT [44] are ro- bust methods that delivered improvements also in adverse
always_clear_depth_contributions,content-only,main contributions proposed framework adverse weather robust monocular depth estimation multi tuple degradation multi granularity knowledge distillation ordinal guidance,sentence-to-chunk,1500,19,True,19,0.9436118721961975,data\s.pdf,10,s_p10_chunk_4,89,1,1,0.8578289747238159,0.8578289747238159,sentence::s_p10_chunk_4::s1,,,"6, 7 [28] Jiyuan Wang, Chunyu Lin, Lang Nie, Shujun Huang, Yao Zhao, Xing Pan, and Rui Ai. Weatherdepth: Curriculum con- trastive learning for self-supervised depth estimation under adverse weather conditions, 2023. 1, 2, 4, 7 [29] Jiyuan Wang, Lang Nie,"
always_clear_depth_contributions,content-only,main contributions proposed framework adverse weather robust monocular depth estimation multi tuple degradation multi granularity knowledge distillation ordinal guidance,sentence-to-chunk,1500,20,True,20,0.9435713529586792,data\ACD.pdf,9,ACD_p9_chunk_12,80,1,1,0.8577921390533447,0.8577921390533447,sentence::ACD_p9_chunk_12::s1,,,", Y ao Zhao, Xing Pan, and Rui Ai. Weatherdepth: Curriculum contrastive learning for self- supervised depth estimation under adverse weather con- ditions. In ICRA, pages 4976–4982, 2024. [Wang et al., 2024b ] Jiyuan Wang, Chunyu Lin, Lang Nie, Kang Liao, S"
always_clear_depth_contributions,content-only,main contributions proposed framework adverse weather robust monocular depth estimation multi tuple degradation multi granularity knowledge distillation ordinal guidance,sentence-to-chunk,1500,21,False,,0.9432270050048828,data\MonoDiffusion.pdf,9,MonoDiffusion_p9_chunk_26,97,1,1,0.8574790954589844,0.8574790954589844,sentence::MonoDiffusion_p9_chunk_26::s1,,,"sing, 27(8):4131–4144, 2018. [11] Shuwei Shao, Zhongcai Pei, Weihai Chen, Ran Li, Zhong Liu, and Zhengguo Li. Urcdc-depth: Uncertainty rectified cross-distillation with cutflip for monocular depth estimation. arXiv preprint arXiv:2302.08149, 2023. [12] Xin"
always_clear_depth_contributions,content-only,main contributions proposed framework adverse weather robust monocular depth estimation multi tuple degradation multi granularity knowledge distillation ordinal guidance,sentence-to-chunk,1500,22,False,,0.9424550414085389,data\MonoDiffusion.pdf,9,MonoDiffusion_p9_chunk_25,79,1,1,0.8567773103713989,0.8567773103713989,sentence::MonoDiffusion_p9_chunk_25::s1,,,"Youngjung Kim, Hyungjoo Jung, Dongbo Min, and Kwanghoon Sohn. Deep monocular depth estimation via integration of global and local predictions. IEEE Transactions on Image Processing, 27(8):4131–4144, 2018. [11] Shuwei Shao, Zhongcai Pei, Weihai Chen, Ran Li"
always_clear_depth_contributions,content-only,main contributions proposed framework adverse weather robust monocular depth estimation multi tuple degradation multi granularity knowledge distillation ordinal guidance,sentence-to-chunk,1500,23,False,,0.942373412847519,data\DepthDark.pdf,6,DepthDark_p6_chunk_15,46,1,1,0.8567031025886536,0.8567031025886536,sentence::DepthDark_p6_chunk_15::s0,,,"ground truth depth values. training, and our model was eventually fine-tuned for downstream monocular depth estimation tasks. Additionally, data augmentation techniques, including random cropping and horizontal flipping, were employed to enhance the train"
always_clear_depth_contributions,content-only,main contributions proposed framework adverse weather robust monocular depth estimation multi tuple degradation multi granularity knowledge distillation ordinal guidance,sentence-to-chunk,1500,24,False,,0.942318469285965,data\LED.pdf,11,LED_p11_chunk_14,44,1,1,0.8566531538963318,0.8566531538963318,sentence::LED_p11_chunk_14::s1,,,"asperini, Nils Morbitzer, HyunJun Jung, Nassir Navab, and Federico Tombari. Robust monocular depth estimation under challenging conditions. InICCV, 2023."
always_clear_depth_contributions,content-only,main contributions proposed framework adverse weather robust monocular depth estimation multi tuple degradation multi granularity knowledge distillation ordinal guidance,sentence-to-chunk,1500,25,False,,0.9420467674732208,data\ACD.pdf,9,ACD_p9_chunk_0,88,1,1,0.8564061522483826,0.8564061522483826,sentence::ACD_p9_chunk_0::s1,,,"[Saunders et al., 2023] Kieran Saunders, George V ogiatzis, and Luis J Manso. Self-supervised monocular depth es- timation: Let’s talk about the weather. In ICCV, pages 8907–8917, 2023. [Sch¨on et al., 2021 ] Markus Sch ¨on, Michael Buchholz, and Klaus Die"
always_clear_depth_contributions,content-only,main contributions proposed framework adverse weather robust monocular depth estimation multi tuple degradation multi granularity knowledge distillation ordinal guidance,sentence-to-chunk,1500,26,False,,0.9413881003856659,data\Depth_Anything.pdf,1,Depth_Anything_p1_chunk_4,54,1,1,0.855807363986969,0.855807363986969,sentence::Depth_Anything_p1_chunk_4::s0,,,"y practical solution for robust monocular depth estimation. Without pur- suing novel technical modules, we aim to build a simple yet powerful foundation model dealing with any images under any circumstances. To this end, we scale up the dataset by designin"
always_clear_depth_contributions,content-only,main contributions proposed framework adverse weather robust monocular depth estimation multi tuple degradation multi granularity knowledge distillation ordinal guidance,sentence-to-chunk,1500,27,False,,0.9409326851367951,data\Monocular Depth Estimation.pdf,10,Monocular_Depth_Estimation_p10_chunk_10,86,1,1,0.8553933501243591,0.8553933501243591,sentence::Monocular_Depth_Estimation_p10_chunk_10::s3,,,"V, 2018. [49] Matteo Poggi, Filippo Aleotti, Fabio Tosi, and Stefano Mat- toccia. Towards real-time unsupervised monocular depth es- timation on cpu. In IROS, 2018. [50] Matteo Poggi, Fabio Tosi, and Stefano Mattoccia. Learning monocular depth estimation w"
always_clear_depth_contributions,content-only,main contributions proposed framework adverse weather robust monocular depth estimation multi tuple degradation multi granularity knowledge distillation ordinal guidance,sentence-to-chunk,1500,28,False,,0.9402030110359192,data\TDDC.pdf,10,TDDC_p10_chunk_8,71,1,1,0.8547300100326538,0.8547300100326538,sentence::TDDC_p10_chunk_8::s2,,,"e China Technological Sciences, 63(9):1612–1627, 2020. [Zhao et al., 2022a] Chaoqiang Zhao, Yang Tang, and Qiyu Sun. Unsupervised monocular depth estimation in highly complex environments. IEEE Transactions on Emerging Topics in Computational Intelligence"
always_clear_depth_contributions,content-only,main contributions proposed framework adverse weather robust monocular depth estimation multi tuple degradation multi granularity knowledge distillation ordinal guidance,sentence-to-chunk,1500,29,False,,0.9401147603988648,data\DepthDark.pdf,10,DepthDark_p10_chunk_10,78,1,1,0.8546497821807861,0.8546497821807861,sentence::DepthDark_p10_chunk_10::s0,,,"Tang, and Qiyu Sun. 2022. Unsupervised monocular depth estimation in highly complex environments.IEEE Transactions on Emerging Topics in Computational Intelligence 6, 5 (2022), 1237–1246. [51] Chaoqiang Zhao, Youmin Zhang, Matteo Poggi, Fabio Tosi, Xianda"
always_clear_depth_contributions,content-only,main contributions proposed framework adverse weather robust monocular depth estimation multi tuple degradation multi granularity knowledge distillation ordinal guidance,sentence-to-chunk,1500,30,False,,0.9371900975704193,data\Jasmine.pdf,13,Jasmine_p13_chunk_14,68,1,1,0.8519909977912903,0.8519909977912903,sentence::Jasmine_p13_chunk_14::s1,,,", 2017. 21 [48] Jiyuan Wang, Chunyu Lin, Lang Nie, Shujun Huang, Yao Zhao, Xing Pan, and Rui Ai. Weatherdepth: Curriculum contrastive learning for self-supervised depth estimation under adverse weather conditions. In 2024 IEEE International Conference on R"
always_clear_depth_contributions,content-only,main contributions proposed framework adverse weather robust monocular depth estimation multi tuple degradation multi granularity knowledge distillation ordinal guidance,sentence-to-chunk,1500,31,False,,0.9371605932712554,data\Robust Monocular Depth Estimation under Challenging Conditions.pdf,10,Robust_Monocular_Depth_Estimation_under_Challenging_Conditions_p10_chunk_22,69,1,1,0.8519641757011414,0.8519641757011414,sentence::Robust_Monocular_Depth_Estimation_under_Challenging_Conditions_p10_chunk_22::s3,,,". Image quality assessment: From error visibility to structural similarity. IEEE Transactions on Image Process- ing, 13(4):600–612, 2004. 4 [40] Mengchen Xiong, Xiao Xu, Dong Yang, and Eckehard Stein- bach. Robust depth estimation in foggy environments com"
always_clear_depth_contributions,content-only,main contributions proposed framework adverse weather robust monocular depth estimation multi tuple degradation multi granularity knowledge distillation ordinal guidance,sentence-to-chunk,1500,32,False,,0.936817753314972,data\Repurposing Diffusion-Based Image Generators for Monocular Depth Estimation.pdf,10,Repurposing_Diffusion-Based_Image_Generators_for_Monocular_Depth_Estimation_p10_chunk_30,80,1,1,0.8516525030136108,0.8516525030136108,sentence::Repurposing_Diffusion-Based_Image_Generators_for_Monocular_Depth_Estimation_p10_chunk_30::s1,,,"Gang Yu, Bin Fu, and Chunhua Shen. Hierarchical normalization for robust monoc- ular depth estimation. NeurIPS, 35, 2022. 3, 6, 11 [61] Lvmin Zhang, Anyi Rao, and Maneesh Agrawala. Adding conditional control to text-to-image diffusion models. In ICCV, page"
always_clear_depth_contributions,content-only,main contributions proposed framework adverse weather robust monocular depth estimation multi tuple degradation multi granularity knowledge distillation ordinal guidance,sentence-to-chunk,1500,33,False,,0.9363170981407165,data\Repurposing Diffusion-Based Image Generators for Monocular Depth Estimation.pdf,9,Repurposing_Diffusion-Based_Image_Generators_for_Monocular_Depth_Estimation_p9_chunk_15,93,1,1,0.851197361946106,0.851197361946106,sentence::Repurposing_Diffusion-Based_Image_Generators_for_Monocular_Depth_Estimation_p9_chunk_15::s1,,,"ng Gong, Chaohui Wang, Kayhan Bat- manghelich, and Dacheng Tao. Deep ordinal regression network for monocular depth estimation. In CVPR, pages 2002–2011, 2018. 2 [16] Peng Gao, Shijie Geng, Renrui Zhang, Teli Ma, Rongyao Fang, Yongfeng Zhang, Hongsheng Li,"
always_clear_depth_contributions,content-only,main contributions proposed framework adverse weather robust monocular depth estimation multi tuple degradation multi granularity knowledge distillation ordinal guidance,sentence-to-chunk,1500,34,False,,0.9363170981407165,data\MonoDiffusion.pdf,10,MonoDiffusion_p10_chunk_18,75,1,1,0.851197361946106,0.851197361946106,sentence::MonoDiffusion_p10_chunk_18::s2,,,"eo Technology, 28(11):3174–3182, 2017. [33] Huan Fu, Mingming Gong, Chaohui Wang, Kayhan Batmanghelich, and Dacheng Tao. Deep ordinal regression network for monocular depth estimation. In Proceedings of the IEEE Conference on Computer Vision and Pattern Re"
always_clear_depth_contributions,content-only,main contributions proposed framework adverse weather robust monocular depth estimation multi tuple degradation multi granularity knowledge distillation ordinal guidance,sentence-to-chunk,1500,35,False,,0.9363170981407165,data\Global-Local.pdf,7,Global-Local_p7_chunk_10,75,1,1,0.851197361946106,0.851197361946106,sentence::Global-Local_p7_chunk_10::s1,,,"IPS), pages 2366–2374, 2014. [Fu et al., 2018] Huan Fu, Mingming Gong, Chaohui Wang, Kayhan Batmanghelich, and Dacheng Tao. Deep ordinal regression network for monocular depth estimation. In Proceedings of the IEEE Conference on Computer Vision and Pattern"
always_clear_depth_contributions,content-only,main contributions proposed framework adverse weather robust monocular depth estimation multi tuple degradation multi granularity knowledge distillation ordinal guidance,sentence-to-chunk,1500,36,False,,0.9363170981407165,data\dav2.pdf,11,dav2_p11_chunk_17,85,1,1,0.851197361946106,0.851197361946106,sentence::dav2_p11_chunk_17::s1,,,"ngming Gong, Chaohui Wang, Kayhan Batmanghelich, and Dacheng Tao. Deep ordinal regression network for monocular depth estimation. In CVPR, 2018. 10 [20] Xiao Fu, Wei Yin, Mu Hu, Kaixuan Wang, Yuexin Ma, Ping Tan, Shaojie Shen, Dahua Lin, and Xiaoxiao Long."
always_clear_depth_contributions,content-only,main contributions proposed framework adverse weather robust monocular depth estimation multi tuple degradation multi granularity knowledge distillation ordinal guidance,sentence-to-chunk,1500,37,False,,0.9361505627632141,data\s.pdf,9,s_p9_chunk_10,89,1,1,0.8510459661483765,0.8510459661483765,sentence::s_p9_chunk_10::s1,,,"Morbitzer, HyunJun Jung, Nassir Navab, and Federico Tombari. Robust monocular depth esti- mation under challenging conditions. In Proceedings of the IEEE/CVF International Conference on Computer Vision , pages 8177–8186, 2023. 1, 2, 4, 5, 6, 7, 8 [9] Cl ´"
always_clear_depth_contributions,content-only,main contributions proposed framework adverse weather robust monocular depth estimation multi tuple degradation multi granularity knowledge distillation ordinal guidance,sentence-to-chunk,1500,38,False,,0.936025071144104,data\Robust Monocular Depth Estimation under Challenging Conditions.pdf,3,Robust_Monocular_Depth_Estimation_under_Challenging_Conditions_p3_chunk_21,56,1,1,0.8509318828582764,0.8509318828582764,sentence::Robust_Monocular_Depth_Estimation_under_Challenging_Conditions_p3_chunk_21::s0,,,"tion. Unlike prior works, in this paper, we propose a simple and effective solution enabling a standard monocular model to estimate depth in diverse conditions (e.g., day, night, and rain) without any difference at inference time compared to a common encod"
always_clear_depth_contributions,content-only,main contributions proposed framework adverse weather robust monocular depth estimation multi tuple degradation multi granularity knowledge distillation ordinal guidance,sentence-to-chunk,1500,39,False,,0.9354826509952545,data\dav2.pdf,12,dav2_p12_chunk_6,90,1,1,0.8504387736320496,0.8504387736320496,sentence::dav2_p12_chunk_6::s0,,,"and Adrien Gaidon. Towards zero-shot scale-aware monocular depth estimation. In ICCV, 2023. 2, 3 [27] Geoffrey Hinton, Oriol Vinyals, and Jeff Dean. Distilling the knowledge in a neural network. arXiv:1503.02531, 2015. 6, 10 [28] Mu Hu, Wei Yin, Chi Zhang,"
always_clear_depth_contributions,content-only,main contributions proposed framework adverse weather robust monocular depth estimation multi tuple degradation multi granularity knowledge distillation ordinal guidance,sentence-to-chunk,1500,40,False,,0.9346604645252228,data\Robust Monocular Depth Estimation under Challenging Conditions.pdf,10,Robust_Monocular_Depth_Estimation_under_Challenging_Conditions_p10_chunk_14,80,1,1,0.8496913313865662,0.8496913313865662,sentence::Robust_Monocular_Depth_Estimation_under_Challenging_Conditions_p10_chunk_14::s1,,,"14402–14413, 2020. 2, 3, 6, 7 [34] Fabio Tosi, Filippo Aleotti, Matteo Poggi, and Stefano Mat- toccia. Learning monocular depth estimation infusing tradi- tional stereo knowledge. In Proceedings of the IEEE/CVF Conference on Computer Vision and Pattern Rec"
always_clear_depth_contributions,content-only,main contributions proposed framework adverse weather robust monocular depth estimation multi tuple degradation multi granularity knowledge distillation ordinal guidance,sentence-to-chunk,1500,41,False,,0.9345466434955597,data\TDDC.pdf,9,TDDC_p9_chunk_20,92,1,1,0.8495878577232361,0.8495878577232361,sentence::TDDC_p9_chunk_20::s1,,,"ch Graf, Wendy Adams, An- drew J Schofield, James H Elder, Richard Bowden, Heng Cong, et al. The monocular depth estimation challenge. In WACV, pages 623–632, 2023. [Tan et al., 2021] Xin Tan, Ke Xu, Ying Cao, Yiheng Zhang, Lizhuang Ma, and Rynson W. H. La"
always_clear_depth_contributions,content-only,main contributions proposed framework adverse weather robust monocular depth estimation multi tuple degradation multi granularity knowledge distillation ordinal guidance,sentence-to-chunk,1500,42,False,,0.9341219782829284,data\Global-Local.pdf,7,Global-Local_p7_chunk_0,50,1,1,0.8492017984390259,0.8492017984390259,sentence::Global-Local_p7_chunk_0::s0,,,5 Conclusion This paper proposes a new architecture for monocular depth estimation to deliver meaningful global and local features and generate a precisely estimated depth map. We further exploit the depth-speciﬁc data augmentation technique to improve the
always_clear_depth_contributions,content-only,main contributions proposed framework adverse weather robust monocular depth estimation multi tuple degradation multi granularity knowledge distillation ordinal guidance,sentence-to-chunk,1500,43,False,,0.9337171137332916,data\s.pdf,10,s_p10_chunk_21,72,1,1,0.8488337397575378,0.8488337397575378,sentence::s_p10_chunk_21::s2,,,"rence on Artificial Intelligence, pages 7323– 7331, 2024. 1 [41] Chaoqiang Zhao, Yang Tang, and Qiyu Sun. Unsuper- vised monocular depth estimation in highly complex envi- ronments. IEEE Transactions on Emerging Topics in Com- putational Intelligence, 6(5)"
always_clear_depth_contributions,content-only,main contributions proposed framework adverse weather robust monocular depth estimation multi tuple degradation multi granularity knowledge distillation ordinal guidance,sentence-to-chunk,1500,44,False,,0.9337171137332916,data\Robust Monocular Depth Estimation under Challenging Conditions.pdf,10,Robust_Monocular_Depth_Estimation_under_Challenging_Conditions_p10_chunk_27,88,1,1,0.8488337397575378,0.8488337397575378,sentence::Robust_Monocular_Depth_Estimation_under_Challenging_Conditions_p10_chunk_27::s1,,,"2645, 2020. 6 [43] Chaoqiang Zhao, Yang Tang, and Qiyu Sun. Unsuper- vised monocular depth estimation in highly complex envi- ronments. Transactions on Emerging Topics in Computa- tional Intelligence, 6(5):1237–1246, 2022. 3, 4 [44] Chaoqiang Zhao, Youmin"
always_clear_depth_contributions,content-only,main contributions proposed framework adverse weather robust monocular depth estimation multi tuple degradation multi granularity knowledge distillation ordinal guidance,sentence-to-chunk,1500,45,False,,0.9332857608795166,data\DepthDark.pdf,1,DepthDark_p1_chunk_4,45,1,1,0.8484416007995605,0.8484416007995605,sentence::DepthDark_p1_chunk_4::s1,,,"ds mainly address typical daylight conditions, but their effectiveness notably decreases in low-light environments. There is a lack of robust foundational models for monocular depth estimation specifically designed for low-light scenarios. This largely ste"
always_clear_depth_contributions,content-only,main contributions proposed framework adverse weather robust monocular depth estimation multi tuple degradation multi granularity knowledge distillation ordinal guidance,sentence-to-chunk,1500,46,False,,0.9331412553787232,data\LED.pdf,12,LED_p12_chunk_7,83,1,1,0.8483102321624756,0.8483102321624756,sentence::LED_p12_chunk_7::s0,,,"guidance for monocular depth estimation.arXiv preprint arXiv:1907.10326, 2019. [25] Chunyu Li, Yusuke Monno, and Masatoshi Okutomi. Deep Hyperspectral-Depth Re- construction Using Single Color-Dot Projection. InCVPR, 2022. [26] Zhenyu Li. Monocular depth e"
always_clear_depth_contributions,content-only,main contributions proposed framework adverse weather robust monocular depth estimation multi tuple degradation multi granularity knowledge distillation ordinal guidance,sentence-to-chunk,1500,47,False,,0.932092934846878,data\s.pdf,10,s_p10_chunk_9,82,1,1,0.8473572134971619,0.8473572134971619,sentence::s_p10_chunk_9::s2,,,"Conference on Computer Vision and Pat- tern Recognition (CVPR), pages 21425–21434, 2023. 1 [32] Youhong Wang, Yunji Liang, Hao Xu, Shaohui Jiao, and Hongkai Yu. Sqldepth: Generalizable self-supervised fine- structured monocular depth estimation, 2023. 1 [3"
always_clear_depth_contributions,content-only,main contributions proposed framework adverse weather robust monocular depth estimation multi tuple degradation multi granularity knowledge distillation ordinal guidance,sentence-to-chunk,1500,48,False,,0.9316524028778076,data\DepthDark.pdf,1,DepthDark_p1_chunk_0,88,1,1,0.846956729888916,0.846956729888916,sentence::DepthDark_p1_chunk_0::s0,,,"DepthDark: Robust Monocular Depth Estimation for Low-Light Environments Longjian Zeng 245060073@hdu.edu.cn Hangzhou Dianzi University Hangzhou, China Zunjie Zhu∗ zunjiezhu@hdu.edu.cn Hangzhou Dianzi University Hangzhou, China Rongfeng Lu rongfeng-lu@hdu.ed"
always_clear_depth_contributions,content-only,main contributions proposed framework adverse weather robust monocular depth estimation multi tuple degradation multi granularity knowledge distillation ordinal guidance,sentence-to-chunk,1500,49,False,,0.9315103888511658,data\Repurposing Diffusion-Based Image Generators for Monocular Depth Estimation.pdf,30,Repurposing_Diffusion-Based_Image_Generators_for_Monocular_Depth_Estimation_p30_chunk_1,62,1,1,0.8468276262283325,0.8468276262283325,sentence::Repurposing_Diffusion-Based_Image_Generators_for_Monocular_Depth_Estimation_p30_chunk_1::s1,,,"Input RGB Image DiverseDepth MiDaS LeReS Ground Truth Marigold (ours) DPT Omnidata Figure S4. Qualitative comparison (depth) of monocular depth estimation methods across different datasets. Predictions are aligned to ground truth. For every sample, the co"
always_clear_depth_contributions,content-only,main contributions proposed framework adverse weather robust monocular depth estimation multi tuple degradation multi granularity knowledge distillation ordinal guidance,sentence-to-chunk,1500,50,False,,0.9315103888511658,data\Repurposing Diffusion-Based Image Generators for Monocular Depth Estimation.pdf,7,Repurposing_Diffusion-Based_Image_Generators_for_Monocular_Depth_Estimation_p7_chunk_0,74,1,1,0.8468276262283325,0.8468276262283325,sentence::Repurposing_Diffusion-Based_Image_Generators_for_Monocular_Depth_Estimation_p7_chunk_0::s1,,,"Input RGB Image MiDaS Omnidata DPT Marigold (ours) Ground Truth NYUv2 KITTI ETH3D Scannet DIODE Figure 4. Qualitative comparison (depth) of monocular depth estimation methods across different datasets. Marigold excels at capturing thin structures (e.g., ch"
always_clear_depth_contributions,content-only,main contributions proposed framework adverse weather robust monocular depth estimation multi tuple degradation multi granularity knowledge distillation ordinal guidance,proposition-to-chunk,500,1,True,1,1.0572118520736695,data\Robust Monocular Depth Estimation under Challenging Conditions.pdf,7,Robust_Monocular_Depth_Estimation_under_Challenging_Conditions_p7_chunk_22,60,2,2,0.8812907934188843,1.7592105865478516,proposition::Robust_Monocular_Depth_Estimation_under_Challenging_Conditions_p7_chunk_22::p0|proposition::Robust_Monocular_Depth_Estimation_under_Challenging_Conditions_p7_chunk_22::p1,,,"lied it, without the need for spe- cialized branches (Tables 1 and 2). There is no trade-off introduced when training our unique md4all model for mul- tiple conditions, as the scores and errors remain equivalent or even improve compared to training only in"
always_clear_depth_contributions,content-only,main contributions proposed framework adverse weather robust monocular depth estimation multi tuple degradation multi granularity knowledge distillation ordinal guidance,proposition-to-chunk,500,2,True,2,1.0567927420139314,data\Robust Monocular Depth Estimation under Challenging Conditions.pdf,10,Robust_Monocular_Depth_Estimation_under_Challenging_Conditions_p10_chunk_18,82,2,2,0.8812907934188843,1.75501948595047,proposition::Robust_Monocular_Depth_Estimation_under_Challenging_Conditions_p10_chunk_18::p0|proposition::Robust_Monocular_Depth_Estimation_under_Challenging_Conditions_p10_chunk_18::p4,,,"n Computer Vision , pages 443–459. Springer, 2020. 2, 3 [37] Madhu Vankadari, Stuart Golodetz, Sourav Garg, Sangyun Shin, Andrew Markham, and Niki Trigoni. When the Sun Goes Down: Repairing photometric losses for all-day depth estimation. In Proceedings of"
always_clear_depth_contributions,content-only,main contributions proposed framework adverse weather robust monocular depth estimation multi tuple degradation multi granularity knowledge distillation ordinal guidance,proposition-to-chunk,500,3,True,3,1.0550850331783295,data\Robust Monocular Depth Estimation under Challenging Conditions.pdf,10,Robust_Monocular_Depth_Estimation_under_Challenging_Conditions_p10_chunk_11,79,2,2,0.8797383308410645,1.7534670233726501,proposition::Robust_Monocular_Depth_Estimation_under_Challenging_Conditions_p10_chunk_11::p0|proposition::Robust_Monocular_Depth_Estimation_under_Challenging_Conditions_p10_chunk_11::p2,,,"puter Vision, 7576:746–760, 2012. 2 [32] Xibin Song, Wei Li, Dingfu Zhou, Yuchao Dai, Jin Fang, Hongdong Li, and Liangjun Zhang. MLDA-Net: Multi-level dual attention-based network for self-supervised monocular depth estimation. IEEE Transactions on Image P"
always_clear_depth_contributions,content-only,main contributions proposed framework adverse weather robust monocular depth estimation multi tuple degradation multi granularity knowledge distillation ordinal guidance,proposition-to-chunk,500,4,True,4,1.0550850331783295,data\Robust Monocular Depth Estimation under Challenging Conditions.pdf,9,Robust_Monocular_Depth_Estimation_under_Challenging_Conditions_p9_chunk_21,87,2,2,0.8797383308410645,1.7534670233726501,proposition::Robust_Monocular_Depth_Estimation_under_Challenging_Conditions_p9_chunk_21::p0|proposition::Robust_Monocular_Depth_Estimation_under_Challenging_Conditions_p9_chunk_21::p2,,,"gor Vasiljevic, Rares Ambrus, Greg Shakhnarovich, and Adrien Gaidon. Full surround mon- odepth from multiple cameras. IEEE Robotics and Automa- tion Letters, 7(2):5397–5404, 2022. 3 [16] Kaiming He, Xiangyu Zhang, Shaoqing Ren, and Jian Sun. Deep residual"
always_clear_depth_contributions,content-only,main contributions proposed framework adverse weather robust monocular depth estimation multi tuple degradation multi granularity knowledge distillation ordinal guidance,proposition-to-chunk,500,5,True,5,1.0550850331783295,data\Robust Monocular Depth Estimation under Challenging Conditions.pdf,9,Robust_Monocular_Depth_Estimation_under_Challenging_Conditions_p9_chunk_4,90,2,2,0.8797383308410645,1.7534670233726501,proposition::Robust_Monocular_Depth_Estimation_under_Challenging_Conditions_p9_chunk_4::p0|proposition::Robust_Monocular_Depth_Estimation_under_Challenging_Conditions_p9_chunk_4::p2,,,"dan, and Oscar Beijbom. nuScenes: A multi- modal dataset for autonomous driving. In Proceedings of the IEEE/CVF Conference on Computer Vision and Pattern Recognition, pages 11621–11631, 2020. 1, 2, 4, 5, 6, 7, 8 [4] Carlos A Diaz-Ruiz, Youya Xia, Yurong Yo"
always_clear_depth_contributions,content-only,main contributions proposed framework adverse weather robust monocular depth estimation multi tuple degradation multi granularity knowledge distillation ordinal guidance,proposition-to-chunk,500,6,True,6,0.9891560196876525,data\ACD.pdf,1,ACD_p1_chunk_0,77,1,1,0.8992327451705933,0.8992327451705933,proposition::ACD_p1_chunk_0::p0,,,"Always Clear Depth: Robust Monocular Depth Estimation Under Adverse Weather Kui Jiang1 , Jing Cao1 , Zhaocheng Yu1 , Junjun Jiang1∗ and Jingchun Zhou2 1Harbin Institute of Technology 2Dalian Maritime University jiangkui@hit.edu.com, {caojing,yuzhaocheng}@s"
always_clear_depth_contributions,content-only,main contributions proposed framework adverse weather robust monocular depth estimation multi tuple degradation multi granularity knowledge distillation ordinal guidance,proposition-to-chunk,500,7,False,,0.9820502042770386,data\ACD.pdf,7,ACD_p7_chunk_23,56,1,1,0.892772912979126,0.892772912979126,proposition::ACD_p7_chunk_23::p0,acdepth_framework,,"on In this paper, we propose a novel approach named ACDepth for robust monocular depth estimation under adverse weather conditions. In addition, we introduce an elaborate data gen- eration scheme to produce the multi-tuple depth dataset with diverse degrad"
always_clear_depth_contributions,content-only,main contributions proposed framework adverse weather robust monocular depth estimation multi tuple degradation multi granularity knowledge distillation ordinal guidance,proposition-to-chunk,500,8,False,,0.9760005116462708,data\Robust Monocular Depth Estimation under Challenging Conditions.pdf,3,Robust_Monocular_Depth_Estimation_under_Challenging_Conditions_p3_chunk_27,72,1,1,0.8872731924057007,0.8872731924057007,proposition::Robust_Monocular_Depth_Estimation_under_Challenging_Conditions_p3_chunk_27::p0,,,"og and snow). 3.1. md4all - Self-Supervised We build upon a scale-aware video-based monocular method (Section 3.1.1). As described in Section 2.2.1, night and bad weather cause issues to self-supervised approaches. We address this with md4allby computing t"
always_clear_depth_contributions,content-only,main contributions proposed framework adverse weather robust monocular depth estimation multi tuple degradation multi granularity knowledge distillation ordinal guidance,proposition-to-chunk,500,9,False,,0.9699021697044372,data\Robust Monocular Depth Estimation under Challenging Conditions.pdf,3,Robust_Monocular_Depth_Estimation_under_Challenging_Conditions_p3_chunk_21,56,1,1,0.881729245185852,0.881729245185852,proposition::Robust_Monocular_Depth_Estimation_under_Challenging_Conditions_p3_chunk_21::p0,,,"tion. Unlike prior works, in this paper, we propose a simple and effective solution enabling a standard monocular model to estimate depth in diverse conditions (e.g., day, night, and rain) without any difference at inference time compared to a common encod"
always_clear_depth_contributions,content-only,main contributions proposed framework adverse weather robust monocular depth estimation multi tuple degradation multi granularity knowledge distillation ordinal guidance,proposition-to-chunk,500,10,False,,0.9694198727607727,data\Robust Monocular Depth Estimation under Challenging Conditions.pdf,10,Robust_Monocular_Depth_Estimation_under_Challenging_Conditions_p10_chunk_8,75,1,1,0.8812907934188843,0.8812907934188843,proposition::Robust_Monocular_Depth_Estimation_under_Challenging_Conditions_p10_chunk_8::p0,,,"ing scene understanding. In Proceedings of the IEEE/CVF International Conference on Computer Vision , pages 10765–10775, 2021. 6 [30] Peilun Shi, Jiachuan Peng, Jianing Qiu, Xinwei Ju, Frank Po Wen Lo, and Benny Lo. EVEN: An event-based frame- work for mon"
always_clear_depth_contributions,content-only,main contributions proposed framework adverse weather robust monocular depth estimation multi tuple degradation multi granularity knowledge distillation ordinal guidance,proposition-to-chunk,500,11,False,,0.9694198727607727,data\Robust Monocular Depth Estimation under Challenging Conditions.pdf,10,Robust_Monocular_Depth_Estimation_under_Challenging_Conditions_p10_chunk_4,73,1,1,0.8812907934188843,0.8812907934188843,proposition::Robust_Monocular_Depth_Estimation_under_Challenging_Conditions_p10_chunk_4::p0,,,"ce on Computer Vision and Pattern Recognition, pages 3227–3237, 2020. 3 [27] Robin Rombach, Andreas Blattmann, Dominik Lorenz, Patrick Esser, and Bj ¨orn Ommer. High-resolution image synthesis with latent diffusion models. In Proceedings of the IEEE/CVF Co"
always_clear_depth_contributions,content-only,main contributions proposed framework adverse weather robust monocular depth estimation multi tuple degradation multi granularity knowledge distillation ordinal guidance,proposition-to-chunk,500,12,False,,0.9694198727607727,data\Robust Monocular Depth Estimation under Challenging Conditions.pdf,9,Robust_Monocular_Depth_Estimation_under_Challenging_Conditions_p9_chunk_23,76,1,1,0.8812907934188843,0.8812907934188843,proposition::Robust_Monocular_Depth_Estimation_under_Challenging_Conditions_p9_chunk_23::p0,,,"attern Recognition, pages 770–778, 2016. 6 [17] Kuan-Chih Huang, Tsung-Han Wu, Hung-Ting Su, and Win- ston H Hsu. MonoDTR: Monocular 3d object detection with depth-aware transformer. In Proceedings of the IEEE/CVF Conference on Computer Vision and Pattern"
always_clear_depth_contributions,content-only,main contributions proposed framework adverse weather robust monocular depth estimation multi tuple degradation multi granularity knowledge distillation ordinal guidance,proposition-to-chunk,500,13,False,,0.9694198727607727,data\Robust Monocular Depth Estimation under Challenging Conditions.pdf,9,Robust_Monocular_Depth_Estimation_under_Challenging_Conditions_p9_chunk_13,86,1,1,0.8812907934188843,0.8812907934188843,proposition::Robust_Monocular_Depth_Estimation_under_Challenging_Conditions_p9_chunk_13::p0,,,"eiger, Philip Lenz, Christoph Stiller, and Raquel Urtasun. Vision meets robotics: The KITTI dataset. The International Journal of Robotics Research , 32(11):1231– 1237, 2013. 2 [10] Cl ´ement Godard, Oisin Mac Aodha, and Gabriel J Bros- tow. Unsupervised m"
always_clear_depth_contributions,content-only,main contributions proposed framework adverse weather robust monocular depth estimation multi tuple degradation multi granularity knowledge distillation ordinal guidance,proposition-to-chunk,500,14,False,,0.9694198727607727,data\Robust Monocular Depth Estimation under Challenging Conditions.pdf,9,Robust_Monocular_Depth_Estimation_under_Challenging_Conditions_p9_chunk_12,87,1,1,0.8812907934188843,0.8812907934188843,proposition::Robust_Monocular_Depth_Estimation_under_Challenging_Conditions_p9_chunk_12::p0,,,"monocular depth esti- mation of dynamic scenes. In Proceedings of the Inter- national Conference on 3D Vision (3DV) , pages 751–760. IEEE, 2021. 1, 2, 3, 6, 7, 8 [9] Andreas Geiger, Philip Lenz, Christoph Stiller, and Raquel Urtasun. Vision meets robotics"
always_clear_depth_contributions,content-only,main contributions proposed framework adverse weather robust monocular depth estimation multi tuple degradation multi granularity knowledge distillation ordinal guidance,proposition-to-chunk,500,15,False,,0.9694198727607727,data\Robust Monocular Depth Estimation under Challenging Conditions.pdf,9,Robust_Monocular_Depth_Estimation_under_Challenging_Conditions_p9_chunk_2,72,1,1,0.8812907934188843,0.8812907934188843,proposition::Robust_Monocular_Depth_Estimation_under_Challenging_Conditions_p9_chunk_2::p0,,,"eide. See- ing through fog without seeing fog: Deep multimodal sen- sor fusion in unseen adverse weather. In Proceedings of the IEEE/CVF Conference on Computer Vision and Pattern Recognition, pages 11682–11692, 2020. 6, 7 [3] Holger Caesar, Varun Bankiti,"
always_clear_depth_contributions,content-only,main contributions proposed framework adverse weather robust monocular depth estimation multi tuple degradation multi granularity knowledge distillation ordinal guidance,proposition-to-chunk,500,16,False,,0.9694198727607727,data\Robust Monocular Depth Estimation under Challenging Conditions.pdf,8,Robust_Monocular_Depth_Estimation_under_Challenging_Conditions_p8_chunk_18,47,1,1,0.8812907934188843,0.8812907934188843,proposition::Robust_Monocular_Depth_Estimation_under_Challenging_Conditions_p8_chunk_18::p0,,,"and challenging conditions (e.g., night, rain). We showed md4all delivering significant improvements under both fully- or self-supervised settings, overcoming the detri- mental factors that make adverse conditions problematic. 8184"
always_clear_depth_contributions,content-only,main contributions proposed framework adverse weather robust monocular depth estimation multi tuple degradation multi granularity knowledge distillation ordinal guidance,proposition-to-chunk,500,17,False,,0.9694198727607727,data\Robust Monocular Depth Estimation under Challenging Conditions.pdf,8,Robust_Monocular_Depth_Estimation_under_Challenging_Conditions_p8_chunk_16,54,1,1,0.8812907934188843,0.8812907934188843,proposition::Robust_Monocular_Depth_Estimation_under_Challenging_Conditions_p8_chunk_16::p0,,,"y be beneficial, albeit adding complexity. The core ideas of this work can be extended to other tasks. The Appendix includes a variety of extra results, e.g., experiments with snow and fog, and sample translations. 5. Conclusion We presented the simple and"
always_clear_depth_contributions,content-only,main contributions proposed framework adverse weather robust monocular depth estimation multi tuple degradation multi granularity knowledge distillation ordinal guidance,proposition-to-chunk,500,18,False,,0.9694198727607727,data\Robust Monocular Depth Estimation under Challenging Conditions.pdf,8,Robust_Monocular_Depth_Estimation_under_Challenging_Conditions_p8_chunk_10,68,1,1,0.8812907934188843,0.8812907934188843,proposition::Robust_Monocular_Depth_Estimation_under_Challenging_Conditions_p8_chunk_10::p0,,,"he left side of the bottom in- put, which are particularly hard to see. For RobotCar [23] (Figure 6), we compared on the same samples displayed by WSGD in their paper [37]. As in Table 2, our md4all de- livered better and sharper estimates in both conditio"
always_clear_depth_contributions,content-only,main contributions proposed framework adverse weather robust monocular depth estimation multi tuple degradation multi granularity knowledge distillation ordinal guidance,proposition-to-chunk,500,19,False,,0.9694198727607727,data\Robust Monocular Depth Estimation under Challenging Conditions.pdf,8,Robust_Monocular_Depth_Estimation_under_Challenging_Conditions_p8_chunk_3,64,1,1,0.8812907934188843,0.8812907934188843,proposition::Robust_Monocular_Depth_Estimation_under_Challenging_Conditions_p8_chunk_3::p0,,,"uts via random erasing. 4.3. Qualitative Results Qualitative comparisons in Figures 5 and 6 confirm the quantitative findings, with our md4all delivering improved estimates in both adverse and standard conditions. On nuScenes [3] (Figure 5), unlike the bas"
always_clear_depth_contributions,content-only,main contributions proposed framework adverse weather robust monocular depth estimation multi tuple degradation multi granularity knowledge distillation ordinal guidance,proposition-to-chunk,500,20,False,,0.9694198727607727,data\Robust Monocular Depth Estimation under Challenging Conditions.pdf,7,Robust_Monocular_Depth_Estimation_under_Challenging_Conditions_p7_chunk_25,50,1,1,0.8812907934188843,0.8812907934188843,proposition::Robust_Monocular_Depth_Estimation_under_Challenging_Conditions_p7_chunk_25::p0,,,"are applica- ble under both supervisions, available and reliable ground truth alongside the day-clear data makes AD more suitable for supervised setups. DD works better than AD in self- supervised settings thanks to the simplified training scheme and the"
always_clear_depth_contributions,content-only,main contributions proposed framework adverse weather robust monocular depth estimation multi tuple degradation multi granularity knowledge distillation ordinal guidance,proposition-to-chunk,500,21,False,,0.9694198727607727,data\Robust Monocular Depth Estimation under Challenging Conditions.pdf,7,Robust_Monocular_Depth_Estimation_under_Challenging_Conditions_p7_chunk_19,55,1,1,0.8812907934188843,0.8812907934188843,proposition::Robust_Monocular_Depth_Estimation_under_Challenging_Conditions_p7_chunk_19::p0,,,"es across both datasets and supervision types (Tables 1 and 2). This is due to the training mix of easy and translated samples acting as a strong data augmen- tation and regularization technique. Since the same weights are optimized on all conditions, they"
always_clear_depth_contributions,content-only,main contributions proposed framework adverse weather robust monocular depth estimation multi tuple degradation multi granularity knowledge distillation ordinal guidance,proposition-to-chunk,500,22,False,,0.9694198727607727,data\Robust Monocular Depth Estimation under Challenging Conditions.pdf,7,Robust_Monocular_Depth_Estimation_under_Challenging_Conditions_p7_chunk_18,61,1,1,0.8812907934188843,0.8812907934188843,proposition::Robust_Monocular_Depth_Estimation_under_Challenging_Conditions_p7_chunk_18::p0,,,"hown |C| + 1 variations of each day-clear input. Day(-clear) While we do not include any modification addressing standard conditions, we still see improvements over the baselines across both datasets and supervision types (Tables 1 and 2). This is due to t"
always_clear_depth_contributions,content-only,main contributions proposed framework adverse weather robust monocular depth estimation multi tuple degradation multi granularity knowledge distillation ordinal guidance,proposition-to-chunk,500,23,False,,0.9694198727607727,data\Robust Monocular Depth Estimation under Challenging Conditions.pdf,7,Robust_Monocular_Depth_Estimation_under_Challenging_Conditions_p7_chunk_15,50,1,1,0.8812907934188843,0.8812907934188843,proposition::Robust_Monocular_Depth_Estimation_under_Challenging_Conditions_p7_chunk_15::p0,,,"r than AdaBins both quantitatively and quali- tatively, eliminating the dependency on the sensor artifacts. Additionally, thanks to the strong regularization introduced by the translated samples, our model generalizes signifi- cantly better than the standa"
always_clear_depth_contributions,content-only,main contributions proposed framework adverse weather robust monocular depth estimation multi tuple degradation multi granularity knowledge distillation ordinal guidance,proposition-to-chunk,500,24,False,,0.9694198727607727,data\Robust Monocular Depth Estimation under Challenging Conditions.pdf,7,Robust_Monocular_Depth_Estimation_under_Challenging_Conditions_p7_chunk_14,53,1,1,0.8812907934188843,0.8812907934188843,proposition::Robust_Monocular_Depth_Estimation_under_Challenging_Conditions_p7_chunk_14::p0,,,"eliminating the artifacts. Therefore, these com- parisons are more meaningful when considered alongside qualitative outputs (Figure 5). Our supervised md4all per- formed better than AdaBins both quantitatively and quali- tatively, eliminating the dependen"
always_clear_depth_contributions,content-only,main contributions proposed framework adverse weather robust monocular depth estimation multi tuple degradation multi granularity knowledge distillation ordinal guidance,proposition-to-chunk,500,25,False,,0.9694198727607727,data\Robust Monocular Depth Estimation under Challenging Conditions.pdf,7,Robust_Monocular_Depth_Estimation_under_Challenging_Conditions_p7_chunk_11,61,1,1,0.8812907934188843,0.8812907934188843,proposition::Robust_Monocular_Depth_Estimation_under_Challenging_Conditions_p7_chunk_11::p0,,,"ess of an issue. Instead, rain inputs are partic- ularly interesting for supervised works due to the reflection issues shown in Figures 1 and 2. For supervised settings, we applied our method on AdaBins [1]. It is to be considered that LiDAR artifacts may"
always_clear_depth_contributions,content-only,main contributions proposed framework adverse weather robust monocular depth estimation multi tuple degradation multi granularity knowledge distillation ordinal guidance,proposition-to-chunk,500,26,False,,0.9694198727607727,data\Robust Monocular Depth Estimation under Challenging Conditions.pdf,6,Robust_Monocular_Depth_Estimation_under_Challenging_Conditions_p6_chunk_18,69,1,1,0.8812907934188843,0.8812907934188843,proposition::Robust_Monocular_Depth_Estimation_under_Challenging_Conditions_p6_chunk_18::p0,,,"ets with multiple drives on the same roads [4, 29, 23] do not solve this issue due to the lack of synchronization and environmental changes. So we opted for GANs. For each condition c, we used a ForkGAN model [45] T c to translate all day-clear training sa"
always_clear_depth_contributions,content-only,main contributions proposed framework adverse weather robust monocular depth estimation multi tuple degradation multi granularity knowledge distillation ordinal guidance,proposition-to-chunk,500,27,False,,0.9694198727607727,data\Robust Monocular Depth Estimation under Challenging Conditions.pdf,6,Robust_Monocular_Depth_Estimation_under_Challenging_Conditions_p6_chunk_14,79,1,1,0.8812907934188843,0.8812907934188843,proposition::Robust_Monocular_Depth_Estimation_under_Challenging_Conditions_p6_chunk_14::p0,,,"upervised model and md4all-DD are given only one keyframe. At inference time, all models take a single RGB input. We set x = |C|/(|C|+1) %, with |C| being the num- ber of the adverse conditions of interest C, e.g., x = 66% for a model to work with rain, ni"
always_clear_depth_contributions,content-only,main contributions proposed framework adverse weather robust monocular depth estimation multi tuple degradation multi granularity knowledge distillation ordinal guidance,proposition-to-chunk,500,28,False,,0.9694198727607727,data\Robust Monocular Depth Estimation under Challenging Conditions.pdf,6,Robust_Monocular_Depth_Estimation_under_Challenging_Conditions_p6_chunk_7,84,1,1,0.8812907934188843,0.8812907934188843,proposition::Robust_Monocular_Depth_Estimation_under_Challenging_Conditions_p6_chunk_7::p0,,,"edian-scaling via LiDAR, v: weak velocity, r: weak radar, GT: via LiDAR data. Training data (tr.data): d: day-clear, T: translated in, n: night (incl. night-rain), r: day-rain, a: all. Visual support: 1st, 2nd, ...3rd best. More conditions and metrics in t"
always_clear_depth_contributions,content-only,main contributions proposed framework adverse weather robust monocular depth estimation multi tuple degradation multi granularity knowledge distillation ordinal guidance,proposition-to-chunk,500,29,False,,0.9694198727607727,data\Robust Monocular Depth Estimation under Challenging Conditions.pdf,5,Robust_Monocular_Depth_Estimation_under_Challenging_Conditions_p5_chunk_16,58,1,1,0.8812907934188843,0.8812907934188843,proposition::Robust_Monocular_Depth_Estimation_under_Challenging_Conditions_p5_chunk_16::p0,,,"s measurements (Figure 2), so learning from their signal means copying their artifacts as well (Fig- ure 1). This has been ignored so far for monocular depth. Regardless of the input, we address the sensor issues by learning from E. Analogously to the self"
always_clear_depth_contributions,content-only,main contributions proposed framework adverse weather robust monocular depth estimation multi tuple degradation multi granularity knowledge distillation ordinal guidance,proposition-to-chunk,500,30,False,,0.9694198727607727,data\Robust Monocular Depth Estimation under Challenging Conditions.pdf,3,Robust_Monocular_Depth_Estimation_under_Challenging_Conditions_p3_chunk_18,52,1,1,0.8812907934188843,0.8812907934188843,proposition::Robust_Monocular_Depth_Estimation_under_Challenging_Conditions_p3_chunk_18::p0,,,"he limited visibility pre- vents establishing correct correspondences. Even fully- supervised approaches have issues in these settings [19]. So far, only a handful of works have explored depth estimation with adverse weather. ITDFA [43] requires an encoder"
always_clear_depth_contributions,content-only,main contributions proposed framework adverse weather robust monocular depth estimation multi tuple degradation multi granularity knowledge distillation ordinal guidance,proposition-to-chunk,500,31,False,,0.9694198727607727,data\Robust Monocular Depth Estimation under Challenging Conditions.pdf,2,Robust_Monocular_Depth_Estimation_under_Challenging_Conditions_p2_chunk_19,55,1,1,0.8812907934188843,0.8812907934188843,proposition::Robust_Monocular_Depth_Estimation_under_Challenging_Conditions_p2_chunk_19::p0,,,d ones learn artifacts from the ground truth sensor (LiDAR is shown). • We apply our generic method to both fully- and self- supervised monocular settings. • We generate and share open-source images in adverse conditions corresponding to the sunny and clou
always_clear_depth_contributions,content-only,main contributions proposed framework adverse weather robust monocular depth estimation multi tuple degradation multi granularity knowledge distillation ordinal guidance,proposition-to-chunk,500,32,False,,0.9694198727607727,data\Robust Monocular Depth Estimation under Challenging Conditions.pdf,2,Robust_Monocular_Depth_Estimation_under_Challenging_Conditions_p2_chunk_1,54,1,1,0.8812907934188843,0.8812907934188843,proposition::Robust_Monocular_Depth_Estimation_under_Challenging_Conditions_p2_chunk_1::p0,,,"hat can operate both at night- and daytime introduce a sig- nificant trade-off concerning the standard daytime perfor- mance [22, 37], highlighting the need for a new solution. In adverse weather conditions such as rain, monocular models are similarly fool"
always_clear_depth_contributions,content-only,main contributions proposed framework adverse weather robust monocular depth estimation multi tuple degradation multi granularity knowledge distillation ordinal guidance,proposition-to-chunk,500,33,False,,0.9694198727607727,data\Robust Monocular Depth Estimation under Challenging Conditions.pdf,2,Robust_Monocular_Depth_Estimation_under_Challenging_Conditions_p2_chunk_0,59,1,1,0.8812907934188843,0.8812907934188843,proposition::Robust_Monocular_Depth_Estimation_under_Challenging_Conditions_p2_chunk_0::p0,,,"complex pipelines and significant architecture changes af- fecting inference as well [38, 37, 22, 33, 36], such as illumination-specific branches. Additionally, prior methods that can operate both at night- and daytime introduce a sig- nificant trade-off c"
always_clear_depth_contributions,content-only,main contributions proposed framework adverse weather robust monocular depth estimation multi tuple degradation multi granularity knowledge distillation ordinal guidance,proposition-to-chunk,500,34,False,,0.9694198727607727,data\Robust Monocular Depth Estimation under Challenging Conditions.pdf,1,Robust_Monocular_Depth_Estimation_under_Challenging_Conditions_p1_chunk_14,61,1,1,0.8812907934188843,0.8812907934188843,proposition::Robust_Monocular_Depth_Estimation_under_Challenging_Conditions_p1_chunk_14::p0,,,"er both supervisions, our md4all makes the same models robust in all conditions. to learn depth estimation in a self-supervised manner [11, 25, 34, 7, 10]. Monocular training solutions are the most inexpensive and rely on the smallest amount of assumptions"
always_clear_depth_contributions,content-only,main contributions proposed framework adverse weather robust monocular depth estimation multi tuple degradation multi granularity knowledge distillation ordinal guidance,proposition-to-chunk,500,35,False,,0.9694198727607727,data\Robust Monocular Depth Estimation under Challenging Conditions.pdf,1,Robust_Monocular_Depth_Estimation_under_Challenging_Conditions_p1_chunk_11,66,1,1,0.8812907934188843,0.8812907934188843,proposition::Robust_Monocular_Depth_Estimation_under_Challenging_Conditions_p1_chunk_11::p0,,,"[19, 12]. To circumvent these issues, geometrical constraints on stereo pairs or monocular videos have been widely explored ∗ The authors contributed equally. Contact author: Stefano Gasperini (stefano.gasperini@tum.de). night - input image Monodepth2 md4"
always_clear_depth_contributions,content-only,main contributions proposed framework adverse weather robust monocular depth estimation multi tuple degradation multi granularity knowledge distillation ordinal guidance,proposition-to-chunk,500,36,False,,0.9694198727607727,data\Robust Monocular Depth Estimation under Challenging Conditions.pdf,1,Robust_Monocular_Depth_Estimation_under_Challenging_Conditions_p1_chunk_8,56,1,1,0.8812907934188843,0.8812907934188843,proposition::Robust_Monocular_Depth_Estimation_under_Challenging_Conditions_p1_chunk_8::p0,,,rior works by a large margin in both stan- dard and challenging conditions. Source code and data are available at: https://md4all.github.io. 1. Introduction Estimating the depth of a scene is a fundamental task for autonomous driving and robotics navigatio
always_clear_depth_contributions,content-only,main contributions proposed framework adverse weather robust monocular depth estimation multi tuple degradation multi granularity knowledge distillation ordinal guidance,proposition-to-chunk,500,37,False,,0.9694198727607727,data\Robust Monocular Depth Estimation under Challenging Conditions.pdf,1,Robust_Monocular_Depth_Estimation_under_Challenging_Conditions_p1_chunk_7,53,1,1,0.8812907934188843,0.8812907934188843,proposition::Robust_Monocular_Depth_Estimation_under_Challenging_Conditions_p1_chunk_7::p0,,,"inference time. Extensive experiments on two challenging public datasets, namely nuScenes and Oxford RobotCar, demonstrate the effectiveness of our techniques, outperforming prior works by a large margin in both stan- dard and challenging conditions. Sour"
always_clear_depth_contributions,content-only,main contributions proposed framework adverse weather robust monocular depth estimation multi tuple degradation multi granularity knowledge distillation ordinal guidance,proposition-to-chunk,500,38,False,,0.9694198727607727,data\Robust Monocular Depth Estimation under Challenging Conditions.pdf,1,Robust_Monocular_Depth_Estimation_under_Challenging_Conditions_p1_chunk_6,49,1,1,0.8812907934188843,0.8812907934188843,proposition::Robust_Monocular_Depth_Estimation_under_Challenging_Conditions_p1_chunk_6::p0,,,"omputing the standard losses on the correspond- ing original images. Doing so enables a single model to recover information across diverse conditions without mod- ifications at inference time. Extensive experiments on two challenging public datasets, namel"
always_clear_depth_contributions,content-only,main contributions proposed framework adverse weather robust monocular depth estimation multi tuple degradation multi granularity knowledge distillation ordinal guidance,proposition-to-chunk,500,39,False,,0.9693748950958252,data\Robust Monocular Depth Estimation under Challenging Conditions.pdf,2,Robust_Monocular_Depth_Estimation_under_Challenging_Conditions_p2_chunk_14,51,1,1,0.8812499046325684,0.8812499046325684,proposition::Robust_Monocular_Depth_Estimation_under_Challenging_Conditions_p2_chunk_14::p0,,,l principle to both supervised and self- supervised depth estimation via a set of techniques to im- prove the model robustness and reduce the performance gap between standard and hard conditions. The main contribu- tions of this paper can be summarized as
always_clear_depth_contributions,content-only,main contributions proposed framework adverse weather robust monocular depth estimation multi tuple degradation multi granularity knowledge distillation ordinal guidance,proposition-to-chunk,500,40,False,,0.9677121639251709,data\Robust Monocular Depth Estimation under Challenging Conditions.pdf,10,Robust_Monocular_Depth_Estimation_under_Challenging_Conditions_p10_chunk_23,79,1,1,0.8797383308410645,0.8797383308410645,proposition::Robust_Monocular_Depth_Estimation_under_Challenging_Conditions_p10_chunk_23::p0,,,"ang, and Eckehard Stein- bach. Robust depth estimation in foggy environments com- bining RGB images and mmWave radar. In International Symposium on Multimedia, pages 34–41. IEEE, 2022. 2, 3 [41] Jiaxing Yan, Hong Zhao, Penghui Bu, and YuSheng Jin. Channel-"
always_clear_depth_contributions,content-only,main contributions proposed framework adverse weather robust monocular depth estimation multi tuple degradation multi granularity knowledge distillation ordinal guidance,proposition-to-chunk,500,41,False,,0.9677121639251709,data\Robust Monocular Depth Estimation under Challenging Conditions.pdf,10,Robust_Monocular_Depth_Estimation_under_Challenging_Conditions_p10_chunk_2,78,1,1,0.8797383308410645,0.8797383308410645,proposition::Robust_Monocular_Depth_Estimation_under_Challenging_Conditions_p10_chunk_2::p0,,,"ning framework for im- proved monocular depth estimation. In Proceedings of the IEEE/CVF Conference on Computer Vision and Pattern Recognition, pages 1578–1588, 2022. 1, 3 [26] Matteo Poggi, Filippo Aleotti, Fabio Tosi, and Stefano Mat- toccia. On the unce"
always_clear_depth_contributions,content-only,main contributions proposed framework adverse weather robust monocular depth estimation multi tuple degradation multi granularity knowledge distillation ordinal guidance,proposition-to-chunk,500,42,False,,0.9677121639251709,data\Robust Monocular Depth Estimation under Challenging Conditions.pdf,9,Robust_Monocular_Depth_Estimation_under_Challenging_Conditions_p9_chunk_19,80,1,1,0.8797383308410645,0.8797383308410645,proposition::Robust_Monocular_Depth_Estimation_under_Challenging_Conditions_p9_chunk_19::p0,,,"n learning for self-supervised monocular depth. In International Confer- ence on Learning Representations, 2020. 2, 3 [14] Vitor Guizilini, Kuan-Hui Lee, Rares ¸ Ambrus ¸, and Adrien Gaidon. Learning optical flow, depth, and scene flow without real-world l"
always_clear_depth_contributions,content-only,main contributions proposed framework adverse weather robust monocular depth estimation multi tuple degradation multi granularity knowledge distillation ordinal guidance,proposition-to-chunk,500,43,False,,0.9677121639251709,data\Robust Monocular Depth Estimation under Challenging Conditions.pdf,9,Robust_Monocular_Depth_Estimation_under_Challenging_Conditions_p9_chunk_16,93,1,1,0.8797383308410645,0.8797383308410645,proposition::Robust_Monocular_Depth_Estimation_under_Challenging_Conditions_p9_chunk_16::p0,,,"sed monocular depth estimation. In Proceedings of the IEEE/CVF Inter- national Conference on Computer Vision, pages 3828–3838, 2019. 1, 2, 3, 4, 6, 7, 8 [12] Vitor Guizilini, Rares Ambrus, Sudeep Pillai, Allan Raven- tos, and Adrien Gaidon. 3D packing for"
always_clear_depth_contributions,content-only,main contributions proposed framework adverse weather robust monocular depth estimation multi tuple degradation multi granularity knowledge distillation ordinal guidance,proposition-to-chunk,500,44,False,,0.9677121639251709,data\Robust Monocular Depth Estimation under Challenging Conditions.pdf,9,Robust_Monocular_Depth_Estimation_under_Challenging_Conditions_p9_chunk_9,74,1,1,0.8797383308410645,0.8797383308410645,proposition::Robust_Monocular_Depth_Estimation_under_Challenging_Conditions_p9_chunk_9::p0,,,"monocular depth estimation. In Proceedings of the IEEE Conference on Computer Vision and Pattern Recogni- tion, pages 2002–2011, 2018. 2 [7] Ravi Garg, Vijay Kumar Bg, Gustavo Carneiro, and Ian Reid. Unsupervised CNN for single view depth estimation: Geom-"
always_clear_depth_contributions,content-only,main contributions proposed framework adverse weather robust monocular depth estimation multi tuple degradation multi granularity knowledge distillation ordinal guidance,proposition-to-chunk,500,45,False,,0.9677121639251709,data\Robust Monocular Depth Estimation under Challenging Conditions.pdf,9,Robust_Monocular_Depth_Estimation_under_Challenging_Conditions_p9_chunk_7,76,1,1,0.8797383308410645,0.8797383308410645,proposition::Robust_Monocular_Depth_Estimation_under_Challenging_Conditions_p9_chunk_7::p0,,,"cognition , pages 21383–21392, 2022. 6 [5] David Eigen, Christian Puhrsch, and Rob Fergus. Depth map prediction from a single image using a multi-scale deep net- work. Advances in Neural Information Processing Systems, 27, 2014. 2 [6] Huan Fu, Mingming Gon"
always_clear_depth_contributions,content-only,main contributions proposed framework adverse weather robust monocular depth estimation multi tuple degradation multi granularity knowledge distillation ordinal guidance,proposition-to-chunk,500,46,False,,0.9677121639251709,data\Robust Monocular Depth Estimation under Challenging Conditions.pdf,9,Robust_Monocular_Depth_Estimation_under_Challenging_Conditions_p9_chunk_1,90,1,1,0.8797383308410645,0.8797383308410645,proposition::Robust_Monocular_Depth_Estimation_under_Challenging_Conditions_p9_chunk_1::p0,,,"sion and Pattern Recognition, pages 4009–4018, 2021. 1, 2, 3, 6, 7, 8 [2] Mario Bijelic, Tobias Gruber, Fahim Mannan, Florian Kraus, Werner Ritter, Klaus Dietmayer, and Felix Heide. See- ing through fog without seeing fog: Deep multimodal sen- sor fusion i"
always_clear_depth_contributions,content-only,main contributions proposed framework adverse weather robust monocular depth estimation multi tuple degradation multi granularity knowledge distillation ordinal guidance,proposition-to-chunk,500,47,False,,0.9677121639251709,data\Robust Monocular Depth Estimation under Challenging Conditions.pdf,8,Robust_Monocular_Depth_Estimation_under_Challenging_Conditions_p8_chunk_12,59,1,1,0.8797383308410645,0.8797383308410645,proposition::Robust_Monocular_Depth_Estimation_under_Challenging_Conditions_p8_chunk_12::p0,,,"itions, but DD may propagate errors from the baseline. Thus, a stronger baseline would help. Despite the robustness against translations (Table 3), GANs [45] could be prob- lematic. Better translations would help eliminate the do- main gap, as seen with Ro"
always_clear_depth_contributions,content-only,main contributions proposed framework adverse weather robust monocular depth estimation multi tuple degradation multi granularity knowledge distillation ordinal guidance,proposition-to-chunk,500,48,False,,0.9677121639251709,data\Robust Monocular Depth Estimation under Challenging Conditions.pdf,8,Robust_Monocular_Depth_Estimation_under_Challenging_Conditions_p8_chunk_8,74,1,1,0.8797383308410645,0.8797383308410645,proposition::Robust_Monocular_Depth_Estimation_under_Challenging_Conditions_p8_chunk_8::p0,,,"n in the dark are evident. Monodepth2 had fewer issues input image WSGD md4all [ours] Figure 6. Comparison on RobotCar [23] samples between ours self-supervised and WSGD [37]. Ouputs of WSGD are from [37]. with brighter night samples, as shown in the Appen"
always_clear_depth_contributions,content-only,main contributions proposed framework adverse weather robust monocular depth estimation multi tuple degradation multi granularity knowledge distillation ordinal guidance,proposition-to-chunk,500,49,False,,0.9677121639251709,data\Robust Monocular Depth Estimation under Challenging Conditions.pdf,8,Robust_Monocular_Depth_Estimation_under_Challenging_Conditions_p8_chunk_7,63,1,1,0.8797383308410645,0.8797383308410645,proposition::Robust_Monocular_Depth_Estimation_under_Challenging_Conditions_p8_chunk_7::p0,,,"upervised methods have issues at night. While Mon- odepth2 [11] could identify critical elements of the scenes (e.g., car and sign), its difficulties in extracting informa- tion in the dark are evident. Monodepth2 had fewer issues input image WSGD md4all ["
always_clear_depth_contributions,content-only,main contributions proposed framework adverse weather robust monocular depth estimation multi tuple degradation multi granularity knowledge distillation ordinal guidance,proposition-to-chunk,500,50,False,,0.9677121639251709,data\Robust Monocular Depth Estimation under Challenging Conditions.pdf,8,Robust_Monocular_Depth_Estimation_under_Challenging_Conditions_p8_chunk_4,63,1,1,0.8797383308410645,0.8797383308410645,proposition::Robust_Monocular_Depth_Estimation_under_Challenging_Conditions_p8_chunk_4::p0,,,"both adverse and standard conditions. On nuScenes [3] (Figure 5), unlike the baselines, both our mod- els correctly identified the truck in the first rainy sample. As shown in Figure 2, rain leads to artifacts in the LiDAR ground truth, which cause the sta"
always_clear_depth_contributions,content-only,main contributions proposed framework adverse weather robust monocular depth estimation multi tuple degradation multi granularity knowledge distillation ordinal guidance,proposition-to-chunk,1000,1,True,1,1.0572118520736695,data\Robust Monocular Depth Estimation under Challenging Conditions.pdf,7,Robust_Monocular_Depth_Estimation_under_Challenging_Conditions_p7_chunk_22,60,2,2,0.8812907934188843,1.7592105865478516,proposition::Robust_Monocular_Depth_Estimation_under_Challenging_Conditions_p7_chunk_22::p0|proposition::Robust_Monocular_Depth_Estimation_under_Challenging_Conditions_p7_chunk_22::p1,,,"lied it, without the need for spe- cialized branches (Tables 1 and 2). There is no trade-off introduced when training our unique md4all model for mul- tiple conditions, as the scores and errors remain equivalent or even improve compared to training only in"
always_clear_depth_contributions,content-only,main contributions proposed framework adverse weather robust monocular depth estimation multi tuple degradation multi granularity knowledge distillation ordinal guidance,proposition-to-chunk,1000,2,True,2,1.0567927420139314,data\Robust Monocular Depth Estimation under Challenging Conditions.pdf,10,Robust_Monocular_Depth_Estimation_under_Challenging_Conditions_p10_chunk_18,82,2,2,0.8812907934188843,1.75501948595047,proposition::Robust_Monocular_Depth_Estimation_under_Challenging_Conditions_p10_chunk_18::p0|proposition::Robust_Monocular_Depth_Estimation_under_Challenging_Conditions_p10_chunk_18::p4,,,"n Computer Vision , pages 443–459. Springer, 2020. 2, 3 [37] Madhu Vankadari, Stuart Golodetz, Sourav Garg, Sangyun Shin, Andrew Markham, and Niki Trigoni. When the Sun Goes Down: Repairing photometric losses for all-day depth estimation. In Proceedings of"
always_clear_depth_contributions,content-only,main contributions proposed framework adverse weather robust monocular depth estimation multi tuple degradation multi granularity knowledge distillation ordinal guidance,proposition-to-chunk,1000,3,True,3,1.0550850331783295,data\Robust Monocular Depth Estimation under Challenging Conditions.pdf,10,Robust_Monocular_Depth_Estimation_under_Challenging_Conditions_p10_chunk_11,79,2,2,0.8797383308410645,1.7534670233726501,proposition::Robust_Monocular_Depth_Estimation_under_Challenging_Conditions_p10_chunk_11::p0|proposition::Robust_Monocular_Depth_Estimation_under_Challenging_Conditions_p10_chunk_11::p2,,,"puter Vision, 7576:746–760, 2012. 2 [32] Xibin Song, Wei Li, Dingfu Zhou, Yuchao Dai, Jin Fang, Hongdong Li, and Liangjun Zhang. MLDA-Net: Multi-level dual attention-based network for self-supervised monocular depth estimation. IEEE Transactions on Image P"
always_clear_depth_contributions,content-only,main contributions proposed framework adverse weather robust monocular depth estimation multi tuple degradation multi granularity knowledge distillation ordinal guidance,proposition-to-chunk,1000,4,True,4,1.0550850331783295,data\Robust Monocular Depth Estimation under Challenging Conditions.pdf,9,Robust_Monocular_Depth_Estimation_under_Challenging_Conditions_p9_chunk_21,87,2,2,0.8797383308410645,1.7534670233726501,proposition::Robust_Monocular_Depth_Estimation_under_Challenging_Conditions_p9_chunk_21::p0|proposition::Robust_Monocular_Depth_Estimation_under_Challenging_Conditions_p9_chunk_21::p2,,,"gor Vasiljevic, Rares Ambrus, Greg Shakhnarovich, and Adrien Gaidon. Full surround mon- odepth from multiple cameras. IEEE Robotics and Automa- tion Letters, 7(2):5397–5404, 2022. 3 [16] Kaiming He, Xiangyu Zhang, Shaoqing Ren, and Jian Sun. Deep residual"
always_clear_depth_contributions,content-only,main contributions proposed framework adverse weather robust monocular depth estimation multi tuple degradation multi granularity knowledge distillation ordinal guidance,proposition-to-chunk,1000,5,True,5,1.0550850331783295,data\Robust Monocular Depth Estimation under Challenging Conditions.pdf,9,Robust_Monocular_Depth_Estimation_under_Challenging_Conditions_p9_chunk_4,90,2,2,0.8797383308410645,1.7534670233726501,proposition::Robust_Monocular_Depth_Estimation_under_Challenging_Conditions_p9_chunk_4::p0|proposition::Robust_Monocular_Depth_Estimation_under_Challenging_Conditions_p9_chunk_4::p2,,,"dan, and Oscar Beijbom. nuScenes: A multi- modal dataset for autonomous driving. In Proceedings of the IEEE/CVF Conference on Computer Vision and Pattern Recognition, pages 11621–11631, 2020. 1, 2, 4, 5, 6, 7, 8 [4] Carlos A Diaz-Ruiz, Youya Xia, Yurong Yo"
always_clear_depth_contributions,content-only,main contributions proposed framework adverse weather robust monocular depth estimation multi tuple degradation multi granularity knowledge distillation ordinal guidance,proposition-to-chunk,1000,6,True,6,0.9891560196876525,data\ACD.pdf,1,ACD_p1_chunk_0,77,1,1,0.8992327451705933,0.8992327451705933,proposition::ACD_p1_chunk_0::p0,,,"Always Clear Depth: Robust Monocular Depth Estimation Under Adverse Weather Kui Jiang1 , Jing Cao1 , Zhaocheng Yu1 , Junjun Jiang1∗ and Jingchun Zhou2 1Harbin Institute of Technology 2Dalian Maritime University jiangkui@hit.edu.com, {caojing,yuzhaocheng}@s"
always_clear_depth_contributions,content-only,main contributions proposed framework adverse weather robust monocular depth estimation multi tuple degradation multi granularity knowledge distillation ordinal guidance,proposition-to-chunk,1000,7,True,7,0.9820502042770386,data\ACD.pdf,7,ACD_p7_chunk_23,56,1,1,0.892772912979126,0.892772912979126,proposition::ACD_p7_chunk_23::p0,acdepth_framework,,"on In this paper, we propose a novel approach named ACDepth for robust monocular depth estimation under adverse weather conditions. In addition, we introduce an elaborate data gen- eration scheme to produce the multi-tuple depth dataset with diverse degrad"
always_clear_depth_contributions,content-only,main contributions proposed framework adverse weather robust monocular depth estimation multi tuple degradation multi granularity knowledge distillation ordinal guidance,proposition-to-chunk,1000,8,True,8,0.9760005116462708,data\Robust Monocular Depth Estimation under Challenging Conditions.pdf,3,Robust_Monocular_Depth_Estimation_under_Challenging_Conditions_p3_chunk_27,72,1,1,0.8872731924057007,0.8872731924057007,proposition::Robust_Monocular_Depth_Estimation_under_Challenging_Conditions_p3_chunk_27::p0,,,"og and snow). 3.1. md4all - Self-Supervised We build upon a scale-aware video-based monocular method (Section 3.1.1). As described in Section 2.2.1, night and bad weather cause issues to self-supervised approaches. We address this with md4allby computing t"
always_clear_depth_contributions,content-only,main contributions proposed framework adverse weather robust monocular depth estimation multi tuple degradation multi granularity knowledge distillation ordinal guidance,proposition-to-chunk,1000,9,True,9,0.9699021697044372,data\Robust Monocular Depth Estimation under Challenging Conditions.pdf,3,Robust_Monocular_Depth_Estimation_under_Challenging_Conditions_p3_chunk_21,56,1,1,0.881729245185852,0.881729245185852,proposition::Robust_Monocular_Depth_Estimation_under_Challenging_Conditions_p3_chunk_21::p0,,,"tion. Unlike prior works, in this paper, we propose a simple and effective solution enabling a standard monocular model to estimate depth in diverse conditions (e.g., day, night, and rain) without any difference at inference time compared to a common encod"
always_clear_depth_contributions,content-only,main contributions proposed framework adverse weather robust monocular depth estimation multi tuple degradation multi granularity knowledge distillation ordinal guidance,proposition-to-chunk,1000,10,True,10,0.9694198727607727,data\Robust Monocular Depth Estimation under Challenging Conditions.pdf,10,Robust_Monocular_Depth_Estimation_under_Challenging_Conditions_p10_chunk_8,75,1,1,0.8812907934188843,0.8812907934188843,proposition::Robust_Monocular_Depth_Estimation_under_Challenging_Conditions_p10_chunk_8::p0,,,"ing scene understanding. In Proceedings of the IEEE/CVF International Conference on Computer Vision , pages 10765–10775, 2021. 6 [30] Peilun Shi, Jiachuan Peng, Jianing Qiu, Xinwei Ju, Frank Po Wen Lo, and Benny Lo. EVEN: An event-based frame- work for mon"
always_clear_depth_contributions,content-only,main contributions proposed framework adverse weather robust monocular depth estimation multi tuple degradation multi granularity knowledge distillation ordinal guidance,proposition-to-chunk,1000,11,True,11,0.9694198727607727,data\Robust Monocular Depth Estimation under Challenging Conditions.pdf,10,Robust_Monocular_Depth_Estimation_under_Challenging_Conditions_p10_chunk_4,73,1,1,0.8812907934188843,0.8812907934188843,proposition::Robust_Monocular_Depth_Estimation_under_Challenging_Conditions_p10_chunk_4::p0,,,"ce on Computer Vision and Pattern Recognition, pages 3227–3237, 2020. 3 [27] Robin Rombach, Andreas Blattmann, Dominik Lorenz, Patrick Esser, and Bj ¨orn Ommer. High-resolution image synthesis with latent diffusion models. In Proceedings of the IEEE/CVF Co"
always_clear_depth_contributions,content-only,main contributions proposed framework adverse weather robust monocular depth estimation multi tuple degradation multi granularity knowledge distillation ordinal guidance,proposition-to-chunk,1000,12,True,12,0.9694198727607727,data\Robust Monocular Depth Estimation under Challenging Conditions.pdf,9,Robust_Monocular_Depth_Estimation_under_Challenging_Conditions_p9_chunk_23,76,1,1,0.8812907934188843,0.8812907934188843,proposition::Robust_Monocular_Depth_Estimation_under_Challenging_Conditions_p9_chunk_23::p0,,,"attern Recognition, pages 770–778, 2016. 6 [17] Kuan-Chih Huang, Tsung-Han Wu, Hung-Ting Su, and Win- ston H Hsu. MonoDTR: Monocular 3d object detection with depth-aware transformer. In Proceedings of the IEEE/CVF Conference on Computer Vision and Pattern"
always_clear_depth_contributions,content-only,main contributions proposed framework adverse weather robust monocular depth estimation multi tuple degradation multi granularity knowledge distillation ordinal guidance,proposition-to-chunk,1000,13,True,13,0.9694198727607727,data\Robust Monocular Depth Estimation under Challenging Conditions.pdf,9,Robust_Monocular_Depth_Estimation_under_Challenging_Conditions_p9_chunk_13,86,1,1,0.8812907934188843,0.8812907934188843,proposition::Robust_Monocular_Depth_Estimation_under_Challenging_Conditions_p9_chunk_13::p0,,,"eiger, Philip Lenz, Christoph Stiller, and Raquel Urtasun. Vision meets robotics: The KITTI dataset. The International Journal of Robotics Research , 32(11):1231– 1237, 2013. 2 [10] Cl ´ement Godard, Oisin Mac Aodha, and Gabriel J Bros- tow. Unsupervised m"
always_clear_depth_contributions,content-only,main contributions proposed framework adverse weather robust monocular depth estimation multi tuple degradation multi granularity knowledge distillation ordinal guidance,proposition-to-chunk,1000,14,False,,0.9694198727607727,data\Robust Monocular Depth Estimation under Challenging Conditions.pdf,9,Robust_Monocular_Depth_Estimation_under_Challenging_Conditions_p9_chunk_12,87,1,1,0.8812907934188843,0.8812907934188843,proposition::Robust_Monocular_Depth_Estimation_under_Challenging_Conditions_p9_chunk_12::p0,,,"monocular depth esti- mation of dynamic scenes. In Proceedings of the Inter- national Conference on 3D Vision (3DV) , pages 751–760. IEEE, 2021. 1, 2, 3, 6, 7, 8 [9] Andreas Geiger, Philip Lenz, Christoph Stiller, and Raquel Urtasun. Vision meets robotics"
always_clear_depth_contributions,content-only,main contributions proposed framework adverse weather robust monocular depth estimation multi tuple degradation multi granularity knowledge distillation ordinal guidance,proposition-to-chunk,1000,15,False,,0.9694198727607727,data\Robust Monocular Depth Estimation under Challenging Conditions.pdf,9,Robust_Monocular_Depth_Estimation_under_Challenging_Conditions_p9_chunk_2,72,1,1,0.8812907934188843,0.8812907934188843,proposition::Robust_Monocular_Depth_Estimation_under_Challenging_Conditions_p9_chunk_2::p0,,,"eide. See- ing through fog without seeing fog: Deep multimodal sen- sor fusion in unseen adverse weather. In Proceedings of the IEEE/CVF Conference on Computer Vision and Pattern Recognition, pages 11682–11692, 2020. 6, 7 [3] Holger Caesar, Varun Bankiti,"
always_clear_depth_contributions,content-only,main contributions proposed framework adverse weather robust monocular depth estimation multi tuple degradation multi granularity knowledge distillation ordinal guidance,proposition-to-chunk,1000,16,False,,0.9694198727607727,data\Robust Monocular Depth Estimation under Challenging Conditions.pdf,8,Robust_Monocular_Depth_Estimation_under_Challenging_Conditions_p8_chunk_18,47,1,1,0.8812907934188843,0.8812907934188843,proposition::Robust_Monocular_Depth_Estimation_under_Challenging_Conditions_p8_chunk_18::p0,,,"and challenging conditions (e.g., night, rain). We showed md4all delivering significant improvements under both fully- or self-supervised settings, overcoming the detri- mental factors that make adverse conditions problematic. 8184"
always_clear_depth_contributions,content-only,main contributions proposed framework adverse weather robust monocular depth estimation multi tuple degradation multi granularity knowledge distillation ordinal guidance,proposition-to-chunk,1000,17,False,,0.9694198727607727,data\Robust Monocular Depth Estimation under Challenging Conditions.pdf,8,Robust_Monocular_Depth_Estimation_under_Challenging_Conditions_p8_chunk_16,54,1,1,0.8812907934188843,0.8812907934188843,proposition::Robust_Monocular_Depth_Estimation_under_Challenging_Conditions_p8_chunk_16::p0,,,"y be beneficial, albeit adding complexity. The core ideas of this work can be extended to other tasks. The Appendix includes a variety of extra results, e.g., experiments with snow and fog, and sample translations. 5. Conclusion We presented the simple and"
always_clear_depth_contributions,content-only,main contributions proposed framework adverse weather robust monocular depth estimation multi tuple degradation multi granularity knowledge distillation ordinal guidance,proposition-to-chunk,1000,18,False,,0.9694198727607727,data\Robust Monocular Depth Estimation under Challenging Conditions.pdf,8,Robust_Monocular_Depth_Estimation_under_Challenging_Conditions_p8_chunk_10,68,1,1,0.8812907934188843,0.8812907934188843,proposition::Robust_Monocular_Depth_Estimation_under_Challenging_Conditions_p8_chunk_10::p0,,,"he left side of the bottom in- put, which are particularly hard to see. For RobotCar [23] (Figure 6), we compared on the same samples displayed by WSGD in their paper [37]. As in Table 2, our md4all de- livered better and sharper estimates in both conditio"
always_clear_depth_contributions,content-only,main contributions proposed framework adverse weather robust monocular depth estimation multi tuple degradation multi granularity knowledge distillation ordinal guidance,proposition-to-chunk,1000,19,False,,0.9694198727607727,data\Robust Monocular Depth Estimation under Challenging Conditions.pdf,8,Robust_Monocular_Depth_Estimation_under_Challenging_Conditions_p8_chunk_3,64,1,1,0.8812907934188843,0.8812907934188843,proposition::Robust_Monocular_Depth_Estimation_under_Challenging_Conditions_p8_chunk_3::p0,,,"uts via random erasing. 4.3. Qualitative Results Qualitative comparisons in Figures 5 and 6 confirm the quantitative findings, with our md4all delivering improved estimates in both adverse and standard conditions. On nuScenes [3] (Figure 5), unlike the bas"
always_clear_depth_contributions,content-only,main contributions proposed framework adverse weather robust monocular depth estimation multi tuple degradation multi granularity knowledge distillation ordinal guidance,proposition-to-chunk,1000,20,False,,0.9694198727607727,data\Robust Monocular Depth Estimation under Challenging Conditions.pdf,7,Robust_Monocular_Depth_Estimation_under_Challenging_Conditions_p7_chunk_25,50,1,1,0.8812907934188843,0.8812907934188843,proposition::Robust_Monocular_Depth_Estimation_under_Challenging_Conditions_p7_chunk_25::p0,,,"are applica- ble under both supervisions, available and reliable ground truth alongside the day-clear data makes AD more suitable for supervised setups. DD works better than AD in self- supervised settings thanks to the simplified training scheme and the"
always_clear_depth_contributions,content-only,main contributions proposed framework adverse weather robust monocular depth estimation multi tuple degradation multi granularity knowledge distillation ordinal guidance,proposition-to-chunk,1000,21,False,,0.9694198727607727,data\Robust Monocular Depth Estimation under Challenging Conditions.pdf,7,Robust_Monocular_Depth_Estimation_under_Challenging_Conditions_p7_chunk_19,55,1,1,0.8812907934188843,0.8812907934188843,proposition::Robust_Monocular_Depth_Estimation_under_Challenging_Conditions_p7_chunk_19::p0,,,"es across both datasets and supervision types (Tables 1 and 2). This is due to the training mix of easy and translated samples acting as a strong data augmen- tation and regularization technique. Since the same weights are optimized on all conditions, they"
always_clear_depth_contributions,content-only,main contributions proposed framework adverse weather robust monocular depth estimation multi tuple degradation multi granularity knowledge distillation ordinal guidance,proposition-to-chunk,1000,22,False,,0.9694198727607727,data\Robust Monocular Depth Estimation under Challenging Conditions.pdf,7,Robust_Monocular_Depth_Estimation_under_Challenging_Conditions_p7_chunk_18,61,1,1,0.8812907934188843,0.8812907934188843,proposition::Robust_Monocular_Depth_Estimation_under_Challenging_Conditions_p7_chunk_18::p0,,,"hown |C| + 1 variations of each day-clear input. Day(-clear) While we do not include any modification addressing standard conditions, we still see improvements over the baselines across both datasets and supervision types (Tables 1 and 2). This is due to t"
always_clear_depth_contributions,content-only,main contributions proposed framework adverse weather robust monocular depth estimation multi tuple degradation multi granularity knowledge distillation ordinal guidance,proposition-to-chunk,1000,23,False,,0.9694198727607727,data\Robust Monocular Depth Estimation under Challenging Conditions.pdf,7,Robust_Monocular_Depth_Estimation_under_Challenging_Conditions_p7_chunk_15,50,1,1,0.8812907934188843,0.8812907934188843,proposition::Robust_Monocular_Depth_Estimation_under_Challenging_Conditions_p7_chunk_15::p0,,,"r than AdaBins both quantitatively and quali- tatively, eliminating the dependency on the sensor artifacts. Additionally, thanks to the strong regularization introduced by the translated samples, our model generalizes signifi- cantly better than the standa"
always_clear_depth_contributions,content-only,main contributions proposed framework adverse weather robust monocular depth estimation multi tuple degradation multi granularity knowledge distillation ordinal guidance,proposition-to-chunk,1000,24,False,,0.9694198727607727,data\Robust Monocular Depth Estimation under Challenging Conditions.pdf,7,Robust_Monocular_Depth_Estimation_under_Challenging_Conditions_p7_chunk_14,53,1,1,0.8812907934188843,0.8812907934188843,proposition::Robust_Monocular_Depth_Estimation_under_Challenging_Conditions_p7_chunk_14::p0,,,"eliminating the artifacts. Therefore, these com- parisons are more meaningful when considered alongside qualitative outputs (Figure 5). Our supervised md4all per- formed better than AdaBins both quantitatively and quali- tatively, eliminating the dependen"
always_clear_depth_contributions,content-only,main contributions proposed framework adverse weather robust monocular depth estimation multi tuple degradation multi granularity knowledge distillation ordinal guidance,proposition-to-chunk,1000,25,False,,0.9694198727607727,data\Robust Monocular Depth Estimation under Challenging Conditions.pdf,7,Robust_Monocular_Depth_Estimation_under_Challenging_Conditions_p7_chunk_11,61,1,1,0.8812907934188843,0.8812907934188843,proposition::Robust_Monocular_Depth_Estimation_under_Challenging_Conditions_p7_chunk_11::p0,,,"ess of an issue. Instead, rain inputs are partic- ularly interesting for supervised works due to the reflection issues shown in Figures 1 and 2. For supervised settings, we applied our method on AdaBins [1]. It is to be considered that LiDAR artifacts may"
always_clear_depth_contributions,content-only,main contributions proposed framework adverse weather robust monocular depth estimation multi tuple degradation multi granularity knowledge distillation ordinal guidance,proposition-to-chunk,1000,26,False,,0.9694198727607727,data\Robust Monocular Depth Estimation under Challenging Conditions.pdf,6,Robust_Monocular_Depth_Estimation_under_Challenging_Conditions_p6_chunk_18,69,1,1,0.8812907934188843,0.8812907934188843,proposition::Robust_Monocular_Depth_Estimation_under_Challenging_Conditions_p6_chunk_18::p0,,,"ets with multiple drives on the same roads [4, 29, 23] do not solve this issue due to the lack of synchronization and environmental changes. So we opted for GANs. For each condition c, we used a ForkGAN model [45] T c to translate all day-clear training sa"
always_clear_depth_contributions,content-only,main contributions proposed framework adverse weather robust monocular depth estimation multi tuple degradation multi granularity knowledge distillation ordinal guidance,proposition-to-chunk,1000,27,False,,0.9694198727607727,data\Robust Monocular Depth Estimation under Challenging Conditions.pdf,6,Robust_Monocular_Depth_Estimation_under_Challenging_Conditions_p6_chunk_14,79,1,1,0.8812907934188843,0.8812907934188843,proposition::Robust_Monocular_Depth_Estimation_under_Challenging_Conditions_p6_chunk_14::p0,,,"upervised model and md4all-DD are given only one keyframe. At inference time, all models take a single RGB input. We set x = |C|/(|C|+1) %, with |C| being the num- ber of the adverse conditions of interest C, e.g., x = 66% for a model to work with rain, ni"
always_clear_depth_contributions,content-only,main contributions proposed framework adverse weather robust monocular depth estimation multi tuple degradation multi granularity knowledge distillation ordinal guidance,proposition-to-chunk,1000,28,False,,0.9694198727607727,data\Robust Monocular Depth Estimation under Challenging Conditions.pdf,6,Robust_Monocular_Depth_Estimation_under_Challenging_Conditions_p6_chunk_7,84,1,1,0.8812907934188843,0.8812907934188843,proposition::Robust_Monocular_Depth_Estimation_under_Challenging_Conditions_p6_chunk_7::p0,,,"edian-scaling via LiDAR, v: weak velocity, r: weak radar, GT: via LiDAR data. Training data (tr.data): d: day-clear, T: translated in, n: night (incl. night-rain), r: day-rain, a: all. Visual support: 1st, 2nd, ...3rd best. More conditions and metrics in t"
always_clear_depth_contributions,content-only,main contributions proposed framework adverse weather robust monocular depth estimation multi tuple degradation multi granularity knowledge distillation ordinal guidance,proposition-to-chunk,1000,29,False,,0.9694198727607727,data\Robust Monocular Depth Estimation under Challenging Conditions.pdf,5,Robust_Monocular_Depth_Estimation_under_Challenging_Conditions_p5_chunk_16,58,1,1,0.8812907934188843,0.8812907934188843,proposition::Robust_Monocular_Depth_Estimation_under_Challenging_Conditions_p5_chunk_16::p0,,,"s measurements (Figure 2), so learning from their signal means copying their artifacts as well (Fig- ure 1). This has been ignored so far for monocular depth. Regardless of the input, we address the sensor issues by learning from E. Analogously to the self"
always_clear_depth_contributions,content-only,main contributions proposed framework adverse weather robust monocular depth estimation multi tuple degradation multi granularity knowledge distillation ordinal guidance,proposition-to-chunk,1000,30,False,,0.9694198727607727,data\Robust Monocular Depth Estimation under Challenging Conditions.pdf,3,Robust_Monocular_Depth_Estimation_under_Challenging_Conditions_p3_chunk_18,52,1,1,0.8812907934188843,0.8812907934188843,proposition::Robust_Monocular_Depth_Estimation_under_Challenging_Conditions_p3_chunk_18::p0,,,"he limited visibility pre- vents establishing correct correspondences. Even fully- supervised approaches have issues in these settings [19]. So far, only a handful of works have explored depth estimation with adverse weather. ITDFA [43] requires an encoder"
always_clear_depth_contributions,content-only,main contributions proposed framework adverse weather robust monocular depth estimation multi tuple degradation multi granularity knowledge distillation ordinal guidance,proposition-to-chunk,1000,31,False,,0.9694198727607727,data\Robust Monocular Depth Estimation under Challenging Conditions.pdf,2,Robust_Monocular_Depth_Estimation_under_Challenging_Conditions_p2_chunk_19,55,1,1,0.8812907934188843,0.8812907934188843,proposition::Robust_Monocular_Depth_Estimation_under_Challenging_Conditions_p2_chunk_19::p0,,,d ones learn artifacts from the ground truth sensor (LiDAR is shown). • We apply our generic method to both fully- and self- supervised monocular settings. • We generate and share open-source images in adverse conditions corresponding to the sunny and clou
always_clear_depth_contributions,content-only,main contributions proposed framework adverse weather robust monocular depth estimation multi tuple degradation multi granularity knowledge distillation ordinal guidance,proposition-to-chunk,1000,32,False,,0.9694198727607727,data\Robust Monocular Depth Estimation under Challenging Conditions.pdf,2,Robust_Monocular_Depth_Estimation_under_Challenging_Conditions_p2_chunk_1,54,1,1,0.8812907934188843,0.8812907934188843,proposition::Robust_Monocular_Depth_Estimation_under_Challenging_Conditions_p2_chunk_1::p0,,,"hat can operate both at night- and daytime introduce a sig- nificant trade-off concerning the standard daytime perfor- mance [22, 37], highlighting the need for a new solution. In adverse weather conditions such as rain, monocular models are similarly fool"
always_clear_depth_contributions,content-only,main contributions proposed framework adverse weather robust monocular depth estimation multi tuple degradation multi granularity knowledge distillation ordinal guidance,proposition-to-chunk,1000,33,False,,0.9694198727607727,data\Robust Monocular Depth Estimation under Challenging Conditions.pdf,2,Robust_Monocular_Depth_Estimation_under_Challenging_Conditions_p2_chunk_0,59,1,1,0.8812907934188843,0.8812907934188843,proposition::Robust_Monocular_Depth_Estimation_under_Challenging_Conditions_p2_chunk_0::p0,,,"complex pipelines and significant architecture changes af- fecting inference as well [38, 37, 22, 33, 36], such as illumination-specific branches. Additionally, prior methods that can operate both at night- and daytime introduce a sig- nificant trade-off c"
always_clear_depth_contributions,content-only,main contributions proposed framework adverse weather robust monocular depth estimation multi tuple degradation multi granularity knowledge distillation ordinal guidance,proposition-to-chunk,1000,34,False,,0.9694198727607727,data\Robust Monocular Depth Estimation under Challenging Conditions.pdf,1,Robust_Monocular_Depth_Estimation_under_Challenging_Conditions_p1_chunk_14,61,1,1,0.8812907934188843,0.8812907934188843,proposition::Robust_Monocular_Depth_Estimation_under_Challenging_Conditions_p1_chunk_14::p0,,,"er both supervisions, our md4all makes the same models robust in all conditions. to learn depth estimation in a self-supervised manner [11, 25, 34, 7, 10]. Monocular training solutions are the most inexpensive and rely on the smallest amount of assumptions"
always_clear_depth_contributions,content-only,main contributions proposed framework adverse weather robust monocular depth estimation multi tuple degradation multi granularity knowledge distillation ordinal guidance,proposition-to-chunk,1000,35,False,,0.9694198727607727,data\Robust Monocular Depth Estimation under Challenging Conditions.pdf,1,Robust_Monocular_Depth_Estimation_under_Challenging_Conditions_p1_chunk_11,66,1,1,0.8812907934188843,0.8812907934188843,proposition::Robust_Monocular_Depth_Estimation_under_Challenging_Conditions_p1_chunk_11::p0,,,"[19, 12]. To circumvent these issues, geometrical constraints on stereo pairs or monocular videos have been widely explored ∗ The authors contributed equally. Contact author: Stefano Gasperini (stefano.gasperini@tum.de). night - input image Monodepth2 md4"
always_clear_depth_contributions,content-only,main contributions proposed framework adverse weather robust monocular depth estimation multi tuple degradation multi granularity knowledge distillation ordinal guidance,proposition-to-chunk,1000,36,False,,0.9694198727607727,data\Robust Monocular Depth Estimation under Challenging Conditions.pdf,1,Robust_Monocular_Depth_Estimation_under_Challenging_Conditions_p1_chunk_8,56,1,1,0.8812907934188843,0.8812907934188843,proposition::Robust_Monocular_Depth_Estimation_under_Challenging_Conditions_p1_chunk_8::p0,,,rior works by a large margin in both stan- dard and challenging conditions. Source code and data are available at: https://md4all.github.io. 1. Introduction Estimating the depth of a scene is a fundamental task for autonomous driving and robotics navigatio
always_clear_depth_contributions,content-only,main contributions proposed framework adverse weather robust monocular depth estimation multi tuple degradation multi granularity knowledge distillation ordinal guidance,proposition-to-chunk,1000,37,False,,0.9694198727607727,data\Robust Monocular Depth Estimation under Challenging Conditions.pdf,1,Robust_Monocular_Depth_Estimation_under_Challenging_Conditions_p1_chunk_7,53,1,1,0.8812907934188843,0.8812907934188843,proposition::Robust_Monocular_Depth_Estimation_under_Challenging_Conditions_p1_chunk_7::p0,,,"inference time. Extensive experiments on two challenging public datasets, namely nuScenes and Oxford RobotCar, demonstrate the effectiveness of our techniques, outperforming prior works by a large margin in both stan- dard and challenging conditions. Sour"
always_clear_depth_contributions,content-only,main contributions proposed framework adverse weather robust monocular depth estimation multi tuple degradation multi granularity knowledge distillation ordinal guidance,proposition-to-chunk,1000,38,False,,0.9694198727607727,data\Robust Monocular Depth Estimation under Challenging Conditions.pdf,1,Robust_Monocular_Depth_Estimation_under_Challenging_Conditions_p1_chunk_6,49,1,1,0.8812907934188843,0.8812907934188843,proposition::Robust_Monocular_Depth_Estimation_under_Challenging_Conditions_p1_chunk_6::p0,,,"omputing the standard losses on the correspond- ing original images. Doing so enables a single model to recover information across diverse conditions without mod- ifications at inference time. Extensive experiments on two challenging public datasets, namel"
always_clear_depth_contributions,content-only,main contributions proposed framework adverse weather robust monocular depth estimation multi tuple degradation multi granularity knowledge distillation ordinal guidance,proposition-to-chunk,1000,39,False,,0.9693748950958252,data\Robust Monocular Depth Estimation under Challenging Conditions.pdf,2,Robust_Monocular_Depth_Estimation_under_Challenging_Conditions_p2_chunk_14,51,1,1,0.8812499046325684,0.8812499046325684,proposition::Robust_Monocular_Depth_Estimation_under_Challenging_Conditions_p2_chunk_14::p0,,,l principle to both supervised and self- supervised depth estimation via a set of techniques to im- prove the model robustness and reduce the performance gap between standard and hard conditions. The main contribu- tions of this paper can be summarized as
always_clear_depth_contributions,content-only,main contributions proposed framework adverse weather robust monocular depth estimation multi tuple degradation multi granularity knowledge distillation ordinal guidance,proposition-to-chunk,1000,40,False,,0.9677121639251709,data\Robust Monocular Depth Estimation under Challenging Conditions.pdf,10,Robust_Monocular_Depth_Estimation_under_Challenging_Conditions_p10_chunk_23,79,1,1,0.8797383308410645,0.8797383308410645,proposition::Robust_Monocular_Depth_Estimation_under_Challenging_Conditions_p10_chunk_23::p0,,,"ang, and Eckehard Stein- bach. Robust depth estimation in foggy environments com- bining RGB images and mmWave radar. In International Symposium on Multimedia, pages 34–41. IEEE, 2022. 2, 3 [41] Jiaxing Yan, Hong Zhao, Penghui Bu, and YuSheng Jin. Channel-"
always_clear_depth_contributions,content-only,main contributions proposed framework adverse weather robust monocular depth estimation multi tuple degradation multi granularity knowledge distillation ordinal guidance,proposition-to-chunk,1000,41,False,,0.9677121639251709,data\Robust Monocular Depth Estimation under Challenging Conditions.pdf,10,Robust_Monocular_Depth_Estimation_under_Challenging_Conditions_p10_chunk_2,78,1,1,0.8797383308410645,0.8797383308410645,proposition::Robust_Monocular_Depth_Estimation_under_Challenging_Conditions_p10_chunk_2::p0,,,"ning framework for im- proved monocular depth estimation. In Proceedings of the IEEE/CVF Conference on Computer Vision and Pattern Recognition, pages 1578–1588, 2022. 1, 3 [26] Matteo Poggi, Filippo Aleotti, Fabio Tosi, and Stefano Mat- toccia. On the unce"
always_clear_depth_contributions,content-only,main contributions proposed framework adverse weather robust monocular depth estimation multi tuple degradation multi granularity knowledge distillation ordinal guidance,proposition-to-chunk,1000,42,False,,0.9677121639251709,data\Robust Monocular Depth Estimation under Challenging Conditions.pdf,9,Robust_Monocular_Depth_Estimation_under_Challenging_Conditions_p9_chunk_19,80,1,1,0.8797383308410645,0.8797383308410645,proposition::Robust_Monocular_Depth_Estimation_under_Challenging_Conditions_p9_chunk_19::p0,,,"n learning for self-supervised monocular depth. In International Confer- ence on Learning Representations, 2020. 2, 3 [14] Vitor Guizilini, Kuan-Hui Lee, Rares ¸ Ambrus ¸, and Adrien Gaidon. Learning optical flow, depth, and scene flow without real-world l"
always_clear_depth_contributions,content-only,main contributions proposed framework adverse weather robust monocular depth estimation multi tuple degradation multi granularity knowledge distillation ordinal guidance,proposition-to-chunk,1000,43,False,,0.9677121639251709,data\Robust Monocular Depth Estimation under Challenging Conditions.pdf,9,Robust_Monocular_Depth_Estimation_under_Challenging_Conditions_p9_chunk_16,93,1,1,0.8797383308410645,0.8797383308410645,proposition::Robust_Monocular_Depth_Estimation_under_Challenging_Conditions_p9_chunk_16::p0,,,"sed monocular depth estimation. In Proceedings of the IEEE/CVF Inter- national Conference on Computer Vision, pages 3828–3838, 2019. 1, 2, 3, 4, 6, 7, 8 [12] Vitor Guizilini, Rares Ambrus, Sudeep Pillai, Allan Raven- tos, and Adrien Gaidon. 3D packing for"
always_clear_depth_contributions,content-only,main contributions proposed framework adverse weather robust monocular depth estimation multi tuple degradation multi granularity knowledge distillation ordinal guidance,proposition-to-chunk,1000,44,False,,0.9677121639251709,data\Robust Monocular Depth Estimation under Challenging Conditions.pdf,9,Robust_Monocular_Depth_Estimation_under_Challenging_Conditions_p9_chunk_9,74,1,1,0.8797383308410645,0.8797383308410645,proposition::Robust_Monocular_Depth_Estimation_under_Challenging_Conditions_p9_chunk_9::p0,,,"monocular depth estimation. In Proceedings of the IEEE Conference on Computer Vision and Pattern Recogni- tion, pages 2002–2011, 2018. 2 [7] Ravi Garg, Vijay Kumar Bg, Gustavo Carneiro, and Ian Reid. Unsupervised CNN for single view depth estimation: Geom-"
always_clear_depth_contributions,content-only,main contributions proposed framework adverse weather robust monocular depth estimation multi tuple degradation multi granularity knowledge distillation ordinal guidance,proposition-to-chunk,1000,45,False,,0.9677121639251709,data\Robust Monocular Depth Estimation under Challenging Conditions.pdf,9,Robust_Monocular_Depth_Estimation_under_Challenging_Conditions_p9_chunk_7,76,1,1,0.8797383308410645,0.8797383308410645,proposition::Robust_Monocular_Depth_Estimation_under_Challenging_Conditions_p9_chunk_7::p0,,,"cognition , pages 21383–21392, 2022. 6 [5] David Eigen, Christian Puhrsch, and Rob Fergus. Depth map prediction from a single image using a multi-scale deep net- work. Advances in Neural Information Processing Systems, 27, 2014. 2 [6] Huan Fu, Mingming Gon"
always_clear_depth_contributions,content-only,main contributions proposed framework adverse weather robust monocular depth estimation multi tuple degradation multi granularity knowledge distillation ordinal guidance,proposition-to-chunk,1000,46,False,,0.9677121639251709,data\Robust Monocular Depth Estimation under Challenging Conditions.pdf,9,Robust_Monocular_Depth_Estimation_under_Challenging_Conditions_p9_chunk_1,90,1,1,0.8797383308410645,0.8797383308410645,proposition::Robust_Monocular_Depth_Estimation_under_Challenging_Conditions_p9_chunk_1::p0,,,"sion and Pattern Recognition, pages 4009–4018, 2021. 1, 2, 3, 6, 7, 8 [2] Mario Bijelic, Tobias Gruber, Fahim Mannan, Florian Kraus, Werner Ritter, Klaus Dietmayer, and Felix Heide. See- ing through fog without seeing fog: Deep multimodal sen- sor fusion i"
always_clear_depth_contributions,content-only,main contributions proposed framework adverse weather robust monocular depth estimation multi tuple degradation multi granularity knowledge distillation ordinal guidance,proposition-to-chunk,1000,47,False,,0.9677121639251709,data\Robust Monocular Depth Estimation under Challenging Conditions.pdf,8,Robust_Monocular_Depth_Estimation_under_Challenging_Conditions_p8_chunk_12,59,1,1,0.8797383308410645,0.8797383308410645,proposition::Robust_Monocular_Depth_Estimation_under_Challenging_Conditions_p8_chunk_12::p0,,,"itions, but DD may propagate errors from the baseline. Thus, a stronger baseline would help. Despite the robustness against translations (Table 3), GANs [45] could be prob- lematic. Better translations would help eliminate the do- main gap, as seen with Ro"
always_clear_depth_contributions,content-only,main contributions proposed framework adverse weather robust monocular depth estimation multi tuple degradation multi granularity knowledge distillation ordinal guidance,proposition-to-chunk,1000,48,False,,0.9677121639251709,data\Robust Monocular Depth Estimation under Challenging Conditions.pdf,8,Robust_Monocular_Depth_Estimation_under_Challenging_Conditions_p8_chunk_8,74,1,1,0.8797383308410645,0.8797383308410645,proposition::Robust_Monocular_Depth_Estimation_under_Challenging_Conditions_p8_chunk_8::p0,,,"n in the dark are evident. Monodepth2 had fewer issues input image WSGD md4all [ours] Figure 6. Comparison on RobotCar [23] samples between ours self-supervised and WSGD [37]. Ouputs of WSGD are from [37]. with brighter night samples, as shown in the Appen"
always_clear_depth_contributions,content-only,main contributions proposed framework adverse weather robust monocular depth estimation multi tuple degradation multi granularity knowledge distillation ordinal guidance,proposition-to-chunk,1000,49,False,,0.9677121639251709,data\Robust Monocular Depth Estimation under Challenging Conditions.pdf,8,Robust_Monocular_Depth_Estimation_under_Challenging_Conditions_p8_chunk_7,63,1,1,0.8797383308410645,0.8797383308410645,proposition::Robust_Monocular_Depth_Estimation_under_Challenging_Conditions_p8_chunk_7::p0,,,"upervised methods have issues at night. While Mon- odepth2 [11] could identify critical elements of the scenes (e.g., car and sign), its difficulties in extracting informa- tion in the dark are evident. Monodepth2 had fewer issues input image WSGD md4all ["
always_clear_depth_contributions,content-only,main contributions proposed framework adverse weather robust monocular depth estimation multi tuple degradation multi granularity knowledge distillation ordinal guidance,proposition-to-chunk,1000,50,False,,0.9677121639251709,data\Robust Monocular Depth Estimation under Challenging Conditions.pdf,8,Robust_Monocular_Depth_Estimation_under_Challenging_Conditions_p8_chunk_4,63,1,1,0.8797383308410645,0.8797383308410645,proposition::Robust_Monocular_Depth_Estimation_under_Challenging_Conditions_p8_chunk_4::p0,,,"both adverse and standard conditions. On nuScenes [3] (Figure 5), unlike the baselines, both our mod- els correctly identified the truck in the first rainy sample. As shown in Figure 2, rain leads to artifacts in the LiDAR ground truth, which cause the sta"
always_clear_depth_contributions,content-only,main contributions proposed framework adverse weather robust monocular depth estimation multi tuple degradation multi granularity knowledge distillation ordinal guidance,proposition-to-chunk,1500,1,True,1,1.0572118520736695,data\Robust Monocular Depth Estimation under Challenging Conditions.pdf,7,Robust_Monocular_Depth_Estimation_under_Challenging_Conditions_p7_chunk_22,60,2,2,0.8812907934188843,1.7592105865478516,proposition::Robust_Monocular_Depth_Estimation_under_Challenging_Conditions_p7_chunk_22::p0|proposition::Robust_Monocular_Depth_Estimation_under_Challenging_Conditions_p7_chunk_22::p1,,,"lied it, without the need for spe- cialized branches (Tables 1 and 2). There is no trade-off introduced when training our unique md4all model for mul- tiple conditions, as the scores and errors remain equivalent or even improve compared to training only in"
always_clear_depth_contributions,content-only,main contributions proposed framework adverse weather robust monocular depth estimation multi tuple degradation multi granularity knowledge distillation ordinal guidance,proposition-to-chunk,1500,2,True,2,1.0567927420139314,data\Robust Monocular Depth Estimation under Challenging Conditions.pdf,10,Robust_Monocular_Depth_Estimation_under_Challenging_Conditions_p10_chunk_18,82,2,2,0.8812907934188843,1.75501948595047,proposition::Robust_Monocular_Depth_Estimation_under_Challenging_Conditions_p10_chunk_18::p0|proposition::Robust_Monocular_Depth_Estimation_under_Challenging_Conditions_p10_chunk_18::p4,,,"n Computer Vision , pages 443–459. Springer, 2020. 2, 3 [37] Madhu Vankadari, Stuart Golodetz, Sourav Garg, Sangyun Shin, Andrew Markham, and Niki Trigoni. When the Sun Goes Down: Repairing photometric losses for all-day depth estimation. In Proceedings of"
always_clear_depth_contributions,content-only,main contributions proposed framework adverse weather robust monocular depth estimation multi tuple degradation multi granularity knowledge distillation ordinal guidance,proposition-to-chunk,1500,3,True,3,1.0550850331783295,data\Robust Monocular Depth Estimation under Challenging Conditions.pdf,10,Robust_Monocular_Depth_Estimation_under_Challenging_Conditions_p10_chunk_11,79,2,2,0.8797383308410645,1.7534670233726501,proposition::Robust_Monocular_Depth_Estimation_under_Challenging_Conditions_p10_chunk_11::p0|proposition::Robust_Monocular_Depth_Estimation_under_Challenging_Conditions_p10_chunk_11::p2,,,"puter Vision, 7576:746–760, 2012. 2 [32] Xibin Song, Wei Li, Dingfu Zhou, Yuchao Dai, Jin Fang, Hongdong Li, and Liangjun Zhang. MLDA-Net: Multi-level dual attention-based network for self-supervised monocular depth estimation. IEEE Transactions on Image P"
always_clear_depth_contributions,content-only,main contributions proposed framework adverse weather robust monocular depth estimation multi tuple degradation multi granularity knowledge distillation ordinal guidance,proposition-to-chunk,1500,4,True,4,1.0550850331783295,data\Robust Monocular Depth Estimation under Challenging Conditions.pdf,9,Robust_Monocular_Depth_Estimation_under_Challenging_Conditions_p9_chunk_21,87,2,2,0.8797383308410645,1.7534670233726501,proposition::Robust_Monocular_Depth_Estimation_under_Challenging_Conditions_p9_chunk_21::p0|proposition::Robust_Monocular_Depth_Estimation_under_Challenging_Conditions_p9_chunk_21::p2,,,"gor Vasiljevic, Rares Ambrus, Greg Shakhnarovich, and Adrien Gaidon. Full surround mon- odepth from multiple cameras. IEEE Robotics and Automa- tion Letters, 7(2):5397–5404, 2022. 3 [16] Kaiming He, Xiangyu Zhang, Shaoqing Ren, and Jian Sun. Deep residual"
always_clear_depth_contributions,content-only,main contributions proposed framework adverse weather robust monocular depth estimation multi tuple degradation multi granularity knowledge distillation ordinal guidance,proposition-to-chunk,1500,5,True,5,1.0550850331783295,data\Robust Monocular Depth Estimation under Challenging Conditions.pdf,9,Robust_Monocular_Depth_Estimation_under_Challenging_Conditions_p9_chunk_4,90,2,2,0.8797383308410645,1.7534670233726501,proposition::Robust_Monocular_Depth_Estimation_under_Challenging_Conditions_p9_chunk_4::p0|proposition::Robust_Monocular_Depth_Estimation_under_Challenging_Conditions_p9_chunk_4::p2,,,"dan, and Oscar Beijbom. nuScenes: A multi- modal dataset for autonomous driving. In Proceedings of the IEEE/CVF Conference on Computer Vision and Pattern Recognition, pages 11621–11631, 2020. 1, 2, 4, 5, 6, 7, 8 [4] Carlos A Diaz-Ruiz, Youya Xia, Yurong Yo"
always_clear_depth_contributions,content-only,main contributions proposed framework adverse weather robust monocular depth estimation multi tuple degradation multi granularity knowledge distillation ordinal guidance,proposition-to-chunk,1500,6,True,6,0.9891560196876525,data\ACD.pdf,1,ACD_p1_chunk_0,77,1,1,0.8992327451705933,0.8992327451705933,proposition::ACD_p1_chunk_0::p0,,,"Always Clear Depth: Robust Monocular Depth Estimation Under Adverse Weather Kui Jiang1 , Jing Cao1 , Zhaocheng Yu1 , Junjun Jiang1∗ and Jingchun Zhou2 1Harbin Institute of Technology 2Dalian Maritime University jiangkui@hit.edu.com, {caojing,yuzhaocheng}@s"
always_clear_depth_contributions,content-only,main contributions proposed framework adverse weather robust monocular depth estimation multi tuple degradation multi granularity knowledge distillation ordinal guidance,proposition-to-chunk,1500,7,True,7,0.9820502042770386,data\ACD.pdf,7,ACD_p7_chunk_23,56,1,1,0.892772912979126,0.892772912979126,proposition::ACD_p7_chunk_23::p0,acdepth_framework,,"on In this paper, we propose a novel approach named ACDepth for robust monocular depth estimation under adverse weather conditions. In addition, we introduce an elaborate data gen- eration scheme to produce the multi-tuple depth dataset with diverse degrad"
always_clear_depth_contributions,content-only,main contributions proposed framework adverse weather robust monocular depth estimation multi tuple degradation multi granularity knowledge distillation ordinal guidance,proposition-to-chunk,1500,8,True,8,0.9760005116462708,data\Robust Monocular Depth Estimation under Challenging Conditions.pdf,3,Robust_Monocular_Depth_Estimation_under_Challenging_Conditions_p3_chunk_27,72,1,1,0.8872731924057007,0.8872731924057007,proposition::Robust_Monocular_Depth_Estimation_under_Challenging_Conditions_p3_chunk_27::p0,,,"og and snow). 3.1. md4all - Self-Supervised We build upon a scale-aware video-based monocular method (Section 3.1.1). As described in Section 2.2.1, night and bad weather cause issues to self-supervised approaches. We address this with md4allby computing t"
always_clear_depth_contributions,content-only,main contributions proposed framework adverse weather robust monocular depth estimation multi tuple degradation multi granularity knowledge distillation ordinal guidance,proposition-to-chunk,1500,9,True,9,0.9699021697044372,data\Robust Monocular Depth Estimation under Challenging Conditions.pdf,3,Robust_Monocular_Depth_Estimation_under_Challenging_Conditions_p3_chunk_21,56,1,1,0.881729245185852,0.881729245185852,proposition::Robust_Monocular_Depth_Estimation_under_Challenging_Conditions_p3_chunk_21::p0,,,"tion. Unlike prior works, in this paper, we propose a simple and effective solution enabling a standard monocular model to estimate depth in diverse conditions (e.g., day, night, and rain) without any difference at inference time compared to a common encod"
always_clear_depth_contributions,content-only,main contributions proposed framework adverse weather robust monocular depth estimation multi tuple degradation multi granularity knowledge distillation ordinal guidance,proposition-to-chunk,1500,10,True,10,0.9694198727607727,data\Robust Monocular Depth Estimation under Challenging Conditions.pdf,10,Robust_Monocular_Depth_Estimation_under_Challenging_Conditions_p10_chunk_8,75,1,1,0.8812907934188843,0.8812907934188843,proposition::Robust_Monocular_Depth_Estimation_under_Challenging_Conditions_p10_chunk_8::p0,,,"ing scene understanding. In Proceedings of the IEEE/CVF International Conference on Computer Vision , pages 10765–10775, 2021. 6 [30] Peilun Shi, Jiachuan Peng, Jianing Qiu, Xinwei Ju, Frank Po Wen Lo, and Benny Lo. EVEN: An event-based frame- work for mon"
always_clear_depth_contributions,content-only,main contributions proposed framework adverse weather robust monocular depth estimation multi tuple degradation multi granularity knowledge distillation ordinal guidance,proposition-to-chunk,1500,11,True,11,0.9694198727607727,data\Robust Monocular Depth Estimation under Challenging Conditions.pdf,10,Robust_Monocular_Depth_Estimation_under_Challenging_Conditions_p10_chunk_4,73,1,1,0.8812907934188843,0.8812907934188843,proposition::Robust_Monocular_Depth_Estimation_under_Challenging_Conditions_p10_chunk_4::p0,,,"ce on Computer Vision and Pattern Recognition, pages 3227–3237, 2020. 3 [27] Robin Rombach, Andreas Blattmann, Dominik Lorenz, Patrick Esser, and Bj ¨orn Ommer. High-resolution image synthesis with latent diffusion models. In Proceedings of the IEEE/CVF Co"
always_clear_depth_contributions,content-only,main contributions proposed framework adverse weather robust monocular depth estimation multi tuple degradation multi granularity knowledge distillation ordinal guidance,proposition-to-chunk,1500,12,True,12,0.9694198727607727,data\Robust Monocular Depth Estimation under Challenging Conditions.pdf,9,Robust_Monocular_Depth_Estimation_under_Challenging_Conditions_p9_chunk_23,76,1,1,0.8812907934188843,0.8812907934188843,proposition::Robust_Monocular_Depth_Estimation_under_Challenging_Conditions_p9_chunk_23::p0,,,"attern Recognition, pages 770–778, 2016. 6 [17] Kuan-Chih Huang, Tsung-Han Wu, Hung-Ting Su, and Win- ston H Hsu. MonoDTR: Monocular 3d object detection with depth-aware transformer. In Proceedings of the IEEE/CVF Conference on Computer Vision and Pattern"
always_clear_depth_contributions,content-only,main contributions proposed framework adverse weather robust monocular depth estimation multi tuple degradation multi granularity knowledge distillation ordinal guidance,proposition-to-chunk,1500,13,True,13,0.9694198727607727,data\Robust Monocular Depth Estimation under Challenging Conditions.pdf,9,Robust_Monocular_Depth_Estimation_under_Challenging_Conditions_p9_chunk_13,86,1,1,0.8812907934188843,0.8812907934188843,proposition::Robust_Monocular_Depth_Estimation_under_Challenging_Conditions_p9_chunk_13::p0,,,"eiger, Philip Lenz, Christoph Stiller, and Raquel Urtasun. Vision meets robotics: The KITTI dataset. The International Journal of Robotics Research , 32(11):1231– 1237, 2013. 2 [10] Cl ´ement Godard, Oisin Mac Aodha, and Gabriel J Bros- tow. Unsupervised m"
always_clear_depth_contributions,content-only,main contributions proposed framework adverse weather robust monocular depth estimation multi tuple degradation multi granularity knowledge distillation ordinal guidance,proposition-to-chunk,1500,14,True,14,0.9694198727607727,data\Robust Monocular Depth Estimation under Challenging Conditions.pdf,9,Robust_Monocular_Depth_Estimation_under_Challenging_Conditions_p9_chunk_12,87,1,1,0.8812907934188843,0.8812907934188843,proposition::Robust_Monocular_Depth_Estimation_under_Challenging_Conditions_p9_chunk_12::p0,,,"monocular depth esti- mation of dynamic scenes. In Proceedings of the Inter- national Conference on 3D Vision (3DV) , pages 751–760. IEEE, 2021. 1, 2, 3, 6, 7, 8 [9] Andreas Geiger, Philip Lenz, Christoph Stiller, and Raquel Urtasun. Vision meets robotics"
always_clear_depth_contributions,content-only,main contributions proposed framework adverse weather robust monocular depth estimation multi tuple degradation multi granularity knowledge distillation ordinal guidance,proposition-to-chunk,1500,15,True,15,0.9694198727607727,data\Robust Monocular Depth Estimation under Challenging Conditions.pdf,9,Robust_Monocular_Depth_Estimation_under_Challenging_Conditions_p9_chunk_2,72,1,1,0.8812907934188843,0.8812907934188843,proposition::Robust_Monocular_Depth_Estimation_under_Challenging_Conditions_p9_chunk_2::p0,,,"eide. See- ing through fog without seeing fog: Deep multimodal sen- sor fusion in unseen adverse weather. In Proceedings of the IEEE/CVF Conference on Computer Vision and Pattern Recognition, pages 11682–11692, 2020. 6, 7 [3] Holger Caesar, Varun Bankiti,"
always_clear_depth_contributions,content-only,main contributions proposed framework adverse weather robust monocular depth estimation multi tuple degradation multi granularity knowledge distillation ordinal guidance,proposition-to-chunk,1500,16,True,16,0.9694198727607727,data\Robust Monocular Depth Estimation under Challenging Conditions.pdf,8,Robust_Monocular_Depth_Estimation_under_Challenging_Conditions_p8_chunk_18,47,1,1,0.8812907934188843,0.8812907934188843,proposition::Robust_Monocular_Depth_Estimation_under_Challenging_Conditions_p8_chunk_18::p0,,,"and challenging conditions (e.g., night, rain). We showed md4all delivering significant improvements under both fully- or self-supervised settings, overcoming the detri- mental factors that make adverse conditions problematic. 8184"
always_clear_depth_contributions,content-only,main contributions proposed framework adverse weather robust monocular depth estimation multi tuple degradation multi granularity knowledge distillation ordinal guidance,proposition-to-chunk,1500,17,True,17,0.9694198727607727,data\Robust Monocular Depth Estimation under Challenging Conditions.pdf,8,Robust_Monocular_Depth_Estimation_under_Challenging_Conditions_p8_chunk_16,54,1,1,0.8812907934188843,0.8812907934188843,proposition::Robust_Monocular_Depth_Estimation_under_Challenging_Conditions_p8_chunk_16::p0,,,"y be beneficial, albeit adding complexity. The core ideas of this work can be extended to other tasks. The Appendix includes a variety of extra results, e.g., experiments with snow and fog, and sample translations. 5. Conclusion We presented the simple and"
always_clear_depth_contributions,content-only,main contributions proposed framework adverse weather robust monocular depth estimation multi tuple degradation multi granularity knowledge distillation ordinal guidance,proposition-to-chunk,1500,18,True,18,0.9694198727607727,data\Robust Monocular Depth Estimation under Challenging Conditions.pdf,8,Robust_Monocular_Depth_Estimation_under_Challenging_Conditions_p8_chunk_10,68,1,1,0.8812907934188843,0.8812907934188843,proposition::Robust_Monocular_Depth_Estimation_under_Challenging_Conditions_p8_chunk_10::p0,,,"he left side of the bottom in- put, which are particularly hard to see. For RobotCar [23] (Figure 6), we compared on the same samples displayed by WSGD in their paper [37]. As in Table 2, our md4all de- livered better and sharper estimates in both conditio"
always_clear_depth_contributions,content-only,main contributions proposed framework adverse weather robust monocular depth estimation multi tuple degradation multi granularity knowledge distillation ordinal guidance,proposition-to-chunk,1500,19,True,19,0.9694198727607727,data\Robust Monocular Depth Estimation under Challenging Conditions.pdf,8,Robust_Monocular_Depth_Estimation_under_Challenging_Conditions_p8_chunk_3,64,1,1,0.8812907934188843,0.8812907934188843,proposition::Robust_Monocular_Depth_Estimation_under_Challenging_Conditions_p8_chunk_3::p0,,,"uts via random erasing. 4.3. Qualitative Results Qualitative comparisons in Figures 5 and 6 confirm the quantitative findings, with our md4all delivering improved estimates in both adverse and standard conditions. On nuScenes [3] (Figure 5), unlike the bas"
always_clear_depth_contributions,content-only,main contributions proposed framework adverse weather robust monocular depth estimation multi tuple degradation multi granularity knowledge distillation ordinal guidance,proposition-to-chunk,1500,20,True,20,0.9694198727607727,data\Robust Monocular Depth Estimation under Challenging Conditions.pdf,7,Robust_Monocular_Depth_Estimation_under_Challenging_Conditions_p7_chunk_25,50,1,1,0.8812907934188843,0.8812907934188843,proposition::Robust_Monocular_Depth_Estimation_under_Challenging_Conditions_p7_chunk_25::p0,,,"are applica- ble under both supervisions, available and reliable ground truth alongside the day-clear data makes AD more suitable for supervised setups. DD works better than AD in self- supervised settings thanks to the simplified training scheme and the"
always_clear_depth_contributions,content-only,main contributions proposed framework adverse weather robust monocular depth estimation multi tuple degradation multi granularity knowledge distillation ordinal guidance,proposition-to-chunk,1500,21,True,21,0.9694198727607727,data\Robust Monocular Depth Estimation under Challenging Conditions.pdf,7,Robust_Monocular_Depth_Estimation_under_Challenging_Conditions_p7_chunk_19,55,1,1,0.8812907934188843,0.8812907934188843,proposition::Robust_Monocular_Depth_Estimation_under_Challenging_Conditions_p7_chunk_19::p0,,,"es across both datasets and supervision types (Tables 1 and 2). This is due to the training mix of easy and translated samples acting as a strong data augmen- tation and regularization technique. Since the same weights are optimized on all conditions, they"
always_clear_depth_contributions,content-only,main contributions proposed framework adverse weather robust monocular depth estimation multi tuple degradation multi granularity knowledge distillation ordinal guidance,proposition-to-chunk,1500,22,False,,0.9694198727607727,data\Robust Monocular Depth Estimation under Challenging Conditions.pdf,7,Robust_Monocular_Depth_Estimation_under_Challenging_Conditions_p7_chunk_18,61,1,1,0.8812907934188843,0.8812907934188843,proposition::Robust_Monocular_Depth_Estimation_under_Challenging_Conditions_p7_chunk_18::p0,,,"hown |C| + 1 variations of each day-clear input. Day(-clear) While we do not include any modification addressing standard conditions, we still see improvements over the baselines across both datasets and supervision types (Tables 1 and 2). This is due to t"
always_clear_depth_contributions,content-only,main contributions proposed framework adverse weather robust monocular depth estimation multi tuple degradation multi granularity knowledge distillation ordinal guidance,proposition-to-chunk,1500,23,False,,0.9694198727607727,data\Robust Monocular Depth Estimation under Challenging Conditions.pdf,7,Robust_Monocular_Depth_Estimation_under_Challenging_Conditions_p7_chunk_15,50,1,1,0.8812907934188843,0.8812907934188843,proposition::Robust_Monocular_Depth_Estimation_under_Challenging_Conditions_p7_chunk_15::p0,,,"r than AdaBins both quantitatively and quali- tatively, eliminating the dependency on the sensor artifacts. Additionally, thanks to the strong regularization introduced by the translated samples, our model generalizes signifi- cantly better than the standa"
always_clear_depth_contributions,content-only,main contributions proposed framework adverse weather robust monocular depth estimation multi tuple degradation multi granularity knowledge distillation ordinal guidance,proposition-to-chunk,1500,24,False,,0.9694198727607727,data\Robust Monocular Depth Estimation under Challenging Conditions.pdf,7,Robust_Monocular_Depth_Estimation_under_Challenging_Conditions_p7_chunk_14,53,1,1,0.8812907934188843,0.8812907934188843,proposition::Robust_Monocular_Depth_Estimation_under_Challenging_Conditions_p7_chunk_14::p0,,,"eliminating the artifacts. Therefore, these com- parisons are more meaningful when considered alongside qualitative outputs (Figure 5). Our supervised md4all per- formed better than AdaBins both quantitatively and quali- tatively, eliminating the dependen"
always_clear_depth_contributions,content-only,main contributions proposed framework adverse weather robust monocular depth estimation multi tuple degradation multi granularity knowledge distillation ordinal guidance,proposition-to-chunk,1500,25,False,,0.9694198727607727,data\Robust Monocular Depth Estimation under Challenging Conditions.pdf,7,Robust_Monocular_Depth_Estimation_under_Challenging_Conditions_p7_chunk_11,61,1,1,0.8812907934188843,0.8812907934188843,proposition::Robust_Monocular_Depth_Estimation_under_Challenging_Conditions_p7_chunk_11::p0,,,"ess of an issue. Instead, rain inputs are partic- ularly interesting for supervised works due to the reflection issues shown in Figures 1 and 2. For supervised settings, we applied our method on AdaBins [1]. It is to be considered that LiDAR artifacts may"
always_clear_depth_contributions,content-only,main contributions proposed framework adverse weather robust monocular depth estimation multi tuple degradation multi granularity knowledge distillation ordinal guidance,proposition-to-chunk,1500,26,False,,0.9694198727607727,data\Robust Monocular Depth Estimation under Challenging Conditions.pdf,6,Robust_Monocular_Depth_Estimation_under_Challenging_Conditions_p6_chunk_18,69,1,1,0.8812907934188843,0.8812907934188843,proposition::Robust_Monocular_Depth_Estimation_under_Challenging_Conditions_p6_chunk_18::p0,,,"ets with multiple drives on the same roads [4, 29, 23] do not solve this issue due to the lack of synchronization and environmental changes. So we opted for GANs. For each condition c, we used a ForkGAN model [45] T c to translate all day-clear training sa"
always_clear_depth_contributions,content-only,main contributions proposed framework adverse weather robust monocular depth estimation multi tuple degradation multi granularity knowledge distillation ordinal guidance,proposition-to-chunk,1500,27,False,,0.9694198727607727,data\Robust Monocular Depth Estimation under Challenging Conditions.pdf,6,Robust_Monocular_Depth_Estimation_under_Challenging_Conditions_p6_chunk_14,79,1,1,0.8812907934188843,0.8812907934188843,proposition::Robust_Monocular_Depth_Estimation_under_Challenging_Conditions_p6_chunk_14::p0,,,"upervised model and md4all-DD are given only one keyframe. At inference time, all models take a single RGB input. We set x = |C|/(|C|+1) %, with |C| being the num- ber of the adverse conditions of interest C, e.g., x = 66% for a model to work with rain, ni"
always_clear_depth_contributions,content-only,main contributions proposed framework adverse weather robust monocular depth estimation multi tuple degradation multi granularity knowledge distillation ordinal guidance,proposition-to-chunk,1500,28,False,,0.9694198727607727,data\Robust Monocular Depth Estimation under Challenging Conditions.pdf,6,Robust_Monocular_Depth_Estimation_under_Challenging_Conditions_p6_chunk_7,84,1,1,0.8812907934188843,0.8812907934188843,proposition::Robust_Monocular_Depth_Estimation_under_Challenging_Conditions_p6_chunk_7::p0,,,"edian-scaling via LiDAR, v: weak velocity, r: weak radar, GT: via LiDAR data. Training data (tr.data): d: day-clear, T: translated in, n: night (incl. night-rain), r: day-rain, a: all. Visual support: 1st, 2nd, ...3rd best. More conditions and metrics in t"
always_clear_depth_contributions,content-only,main contributions proposed framework adverse weather robust monocular depth estimation multi tuple degradation multi granularity knowledge distillation ordinal guidance,proposition-to-chunk,1500,29,False,,0.9694198727607727,data\Robust Monocular Depth Estimation under Challenging Conditions.pdf,5,Robust_Monocular_Depth_Estimation_under_Challenging_Conditions_p5_chunk_16,58,1,1,0.8812907934188843,0.8812907934188843,proposition::Robust_Monocular_Depth_Estimation_under_Challenging_Conditions_p5_chunk_16::p0,,,"s measurements (Figure 2), so learning from their signal means copying their artifacts as well (Fig- ure 1). This has been ignored so far for monocular depth. Regardless of the input, we address the sensor issues by learning from E. Analogously to the self"
always_clear_depth_contributions,content-only,main contributions proposed framework adverse weather robust monocular depth estimation multi tuple degradation multi granularity knowledge distillation ordinal guidance,proposition-to-chunk,1500,30,False,,0.9694198727607727,data\Robust Monocular Depth Estimation under Challenging Conditions.pdf,3,Robust_Monocular_Depth_Estimation_under_Challenging_Conditions_p3_chunk_18,52,1,1,0.8812907934188843,0.8812907934188843,proposition::Robust_Monocular_Depth_Estimation_under_Challenging_Conditions_p3_chunk_18::p0,,,"he limited visibility pre- vents establishing correct correspondences. Even fully- supervised approaches have issues in these settings [19]. So far, only a handful of works have explored depth estimation with adverse weather. ITDFA [43] requires an encoder"
always_clear_depth_contributions,content-only,main contributions proposed framework adverse weather robust monocular depth estimation multi tuple degradation multi granularity knowledge distillation ordinal guidance,proposition-to-chunk,1500,31,False,,0.9694198727607727,data\Robust Monocular Depth Estimation under Challenging Conditions.pdf,2,Robust_Monocular_Depth_Estimation_under_Challenging_Conditions_p2_chunk_19,55,1,1,0.8812907934188843,0.8812907934188843,proposition::Robust_Monocular_Depth_Estimation_under_Challenging_Conditions_p2_chunk_19::p0,,,d ones learn artifacts from the ground truth sensor (LiDAR is shown). • We apply our generic method to both fully- and self- supervised monocular settings. • We generate and share open-source images in adverse conditions corresponding to the sunny and clou
always_clear_depth_contributions,content-only,main contributions proposed framework adverse weather robust monocular depth estimation multi tuple degradation multi granularity knowledge distillation ordinal guidance,proposition-to-chunk,1500,32,False,,0.9694198727607727,data\Robust Monocular Depth Estimation under Challenging Conditions.pdf,2,Robust_Monocular_Depth_Estimation_under_Challenging_Conditions_p2_chunk_1,54,1,1,0.8812907934188843,0.8812907934188843,proposition::Robust_Monocular_Depth_Estimation_under_Challenging_Conditions_p2_chunk_1::p0,,,"hat can operate both at night- and daytime introduce a sig- nificant trade-off concerning the standard daytime perfor- mance [22, 37], highlighting the need for a new solution. In adverse weather conditions such as rain, monocular models are similarly fool"
always_clear_depth_contributions,content-only,main contributions proposed framework adverse weather robust monocular depth estimation multi tuple degradation multi granularity knowledge distillation ordinal guidance,proposition-to-chunk,1500,33,False,,0.9694198727607727,data\Robust Monocular Depth Estimation under Challenging Conditions.pdf,2,Robust_Monocular_Depth_Estimation_under_Challenging_Conditions_p2_chunk_0,59,1,1,0.8812907934188843,0.8812907934188843,proposition::Robust_Monocular_Depth_Estimation_under_Challenging_Conditions_p2_chunk_0::p0,,,"complex pipelines and significant architecture changes af- fecting inference as well [38, 37, 22, 33, 36], such as illumination-specific branches. Additionally, prior methods that can operate both at night- and daytime introduce a sig- nificant trade-off c"
always_clear_depth_contributions,content-only,main contributions proposed framework adverse weather robust monocular depth estimation multi tuple degradation multi granularity knowledge distillation ordinal guidance,proposition-to-chunk,1500,34,False,,0.9694198727607727,data\Robust Monocular Depth Estimation under Challenging Conditions.pdf,1,Robust_Monocular_Depth_Estimation_under_Challenging_Conditions_p1_chunk_14,61,1,1,0.8812907934188843,0.8812907934188843,proposition::Robust_Monocular_Depth_Estimation_under_Challenging_Conditions_p1_chunk_14::p0,,,"er both supervisions, our md4all makes the same models robust in all conditions. to learn depth estimation in a self-supervised manner [11, 25, 34, 7, 10]. Monocular training solutions are the most inexpensive and rely on the smallest amount of assumptions"
always_clear_depth_contributions,content-only,main contributions proposed framework adverse weather robust monocular depth estimation multi tuple degradation multi granularity knowledge distillation ordinal guidance,proposition-to-chunk,1500,35,False,,0.9694198727607727,data\Robust Monocular Depth Estimation under Challenging Conditions.pdf,1,Robust_Monocular_Depth_Estimation_under_Challenging_Conditions_p1_chunk_11,66,1,1,0.8812907934188843,0.8812907934188843,proposition::Robust_Monocular_Depth_Estimation_under_Challenging_Conditions_p1_chunk_11::p0,,,"[19, 12]. To circumvent these issues, geometrical constraints on stereo pairs or monocular videos have been widely explored ∗ The authors contributed equally. Contact author: Stefano Gasperini (stefano.gasperini@tum.de). night - input image Monodepth2 md4"
always_clear_depth_contributions,content-only,main contributions proposed framework adverse weather robust monocular depth estimation multi tuple degradation multi granularity knowledge distillation ordinal guidance,proposition-to-chunk,1500,36,False,,0.9694198727607727,data\Robust Monocular Depth Estimation under Challenging Conditions.pdf,1,Robust_Monocular_Depth_Estimation_under_Challenging_Conditions_p1_chunk_8,56,1,1,0.8812907934188843,0.8812907934188843,proposition::Robust_Monocular_Depth_Estimation_under_Challenging_Conditions_p1_chunk_8::p0,,,rior works by a large margin in both stan- dard and challenging conditions. Source code and data are available at: https://md4all.github.io. 1. Introduction Estimating the depth of a scene is a fundamental task for autonomous driving and robotics navigatio
always_clear_depth_contributions,content-only,main contributions proposed framework adverse weather robust monocular depth estimation multi tuple degradation multi granularity knowledge distillation ordinal guidance,proposition-to-chunk,1500,37,False,,0.9694198727607727,data\Robust Monocular Depth Estimation under Challenging Conditions.pdf,1,Robust_Monocular_Depth_Estimation_under_Challenging_Conditions_p1_chunk_7,53,1,1,0.8812907934188843,0.8812907934188843,proposition::Robust_Monocular_Depth_Estimation_under_Challenging_Conditions_p1_chunk_7::p0,,,"inference time. Extensive experiments on two challenging public datasets, namely nuScenes and Oxford RobotCar, demonstrate the effectiveness of our techniques, outperforming prior works by a large margin in both stan- dard and challenging conditions. Sour"
always_clear_depth_contributions,content-only,main contributions proposed framework adverse weather robust monocular depth estimation multi tuple degradation multi granularity knowledge distillation ordinal guidance,proposition-to-chunk,1500,38,False,,0.9694198727607727,data\Robust Monocular Depth Estimation under Challenging Conditions.pdf,1,Robust_Monocular_Depth_Estimation_under_Challenging_Conditions_p1_chunk_6,49,1,1,0.8812907934188843,0.8812907934188843,proposition::Robust_Monocular_Depth_Estimation_under_Challenging_Conditions_p1_chunk_6::p0,,,"omputing the standard losses on the correspond- ing original images. Doing so enables a single model to recover information across diverse conditions without mod- ifications at inference time. Extensive experiments on two challenging public datasets, namel"
always_clear_depth_contributions,content-only,main contributions proposed framework adverse weather robust monocular depth estimation multi tuple degradation multi granularity knowledge distillation ordinal guidance,proposition-to-chunk,1500,39,False,,0.9693748950958252,data\Robust Monocular Depth Estimation under Challenging Conditions.pdf,2,Robust_Monocular_Depth_Estimation_under_Challenging_Conditions_p2_chunk_14,51,1,1,0.8812499046325684,0.8812499046325684,proposition::Robust_Monocular_Depth_Estimation_under_Challenging_Conditions_p2_chunk_14::p0,,,l principle to both supervised and self- supervised depth estimation via a set of techniques to im- prove the model robustness and reduce the performance gap between standard and hard conditions. The main contribu- tions of this paper can be summarized as
always_clear_depth_contributions,content-only,main contributions proposed framework adverse weather robust monocular depth estimation multi tuple degradation multi granularity knowledge distillation ordinal guidance,proposition-to-chunk,1500,40,False,,0.9677121639251709,data\Robust Monocular Depth Estimation under Challenging Conditions.pdf,10,Robust_Monocular_Depth_Estimation_under_Challenging_Conditions_p10_chunk_23,79,1,1,0.8797383308410645,0.8797383308410645,proposition::Robust_Monocular_Depth_Estimation_under_Challenging_Conditions_p10_chunk_23::p0,,,"ang, and Eckehard Stein- bach. Robust depth estimation in foggy environments com- bining RGB images and mmWave radar. In International Symposium on Multimedia, pages 34–41. IEEE, 2022. 2, 3 [41] Jiaxing Yan, Hong Zhao, Penghui Bu, and YuSheng Jin. Channel-"
always_clear_depth_contributions,content-only,main contributions proposed framework adverse weather robust monocular depth estimation multi tuple degradation multi granularity knowledge distillation ordinal guidance,proposition-to-chunk,1500,41,False,,0.9677121639251709,data\Robust Monocular Depth Estimation under Challenging Conditions.pdf,10,Robust_Monocular_Depth_Estimation_under_Challenging_Conditions_p10_chunk_2,78,1,1,0.8797383308410645,0.8797383308410645,proposition::Robust_Monocular_Depth_Estimation_under_Challenging_Conditions_p10_chunk_2::p0,,,"ning framework for im- proved monocular depth estimation. In Proceedings of the IEEE/CVF Conference on Computer Vision and Pattern Recognition, pages 1578–1588, 2022. 1, 3 [26] Matteo Poggi, Filippo Aleotti, Fabio Tosi, and Stefano Mat- toccia. On the unce"
always_clear_depth_contributions,content-only,main contributions proposed framework adverse weather robust monocular depth estimation multi tuple degradation multi granularity knowledge distillation ordinal guidance,proposition-to-chunk,1500,42,False,,0.9677121639251709,data\Robust Monocular Depth Estimation under Challenging Conditions.pdf,9,Robust_Monocular_Depth_Estimation_under_Challenging_Conditions_p9_chunk_19,80,1,1,0.8797383308410645,0.8797383308410645,proposition::Robust_Monocular_Depth_Estimation_under_Challenging_Conditions_p9_chunk_19::p0,,,"n learning for self-supervised monocular depth. In International Confer- ence on Learning Representations, 2020. 2, 3 [14] Vitor Guizilini, Kuan-Hui Lee, Rares ¸ Ambrus ¸, and Adrien Gaidon. Learning optical flow, depth, and scene flow without real-world l"
always_clear_depth_contributions,content-only,main contributions proposed framework adverse weather robust monocular depth estimation multi tuple degradation multi granularity knowledge distillation ordinal guidance,proposition-to-chunk,1500,43,False,,0.9677121639251709,data\Robust Monocular Depth Estimation under Challenging Conditions.pdf,9,Robust_Monocular_Depth_Estimation_under_Challenging_Conditions_p9_chunk_16,93,1,1,0.8797383308410645,0.8797383308410645,proposition::Robust_Monocular_Depth_Estimation_under_Challenging_Conditions_p9_chunk_16::p0,,,"sed monocular depth estimation. In Proceedings of the IEEE/CVF Inter- national Conference on Computer Vision, pages 3828–3838, 2019. 1, 2, 3, 4, 6, 7, 8 [12] Vitor Guizilini, Rares Ambrus, Sudeep Pillai, Allan Raven- tos, and Adrien Gaidon. 3D packing for"
always_clear_depth_contributions,content-only,main contributions proposed framework adverse weather robust monocular depth estimation multi tuple degradation multi granularity knowledge distillation ordinal guidance,proposition-to-chunk,1500,44,False,,0.9677121639251709,data\Robust Monocular Depth Estimation under Challenging Conditions.pdf,9,Robust_Monocular_Depth_Estimation_under_Challenging_Conditions_p9_chunk_9,74,1,1,0.8797383308410645,0.8797383308410645,proposition::Robust_Monocular_Depth_Estimation_under_Challenging_Conditions_p9_chunk_9::p0,,,"monocular depth estimation. In Proceedings of the IEEE Conference on Computer Vision and Pattern Recogni- tion, pages 2002–2011, 2018. 2 [7] Ravi Garg, Vijay Kumar Bg, Gustavo Carneiro, and Ian Reid. Unsupervised CNN for single view depth estimation: Geom-"
always_clear_depth_contributions,content-only,main contributions proposed framework adverse weather robust monocular depth estimation multi tuple degradation multi granularity knowledge distillation ordinal guidance,proposition-to-chunk,1500,45,False,,0.9677121639251709,data\Robust Monocular Depth Estimation under Challenging Conditions.pdf,9,Robust_Monocular_Depth_Estimation_under_Challenging_Conditions_p9_chunk_7,76,1,1,0.8797383308410645,0.8797383308410645,proposition::Robust_Monocular_Depth_Estimation_under_Challenging_Conditions_p9_chunk_7::p0,,,"cognition , pages 21383–21392, 2022. 6 [5] David Eigen, Christian Puhrsch, and Rob Fergus. Depth map prediction from a single image using a multi-scale deep net- work. Advances in Neural Information Processing Systems, 27, 2014. 2 [6] Huan Fu, Mingming Gon"
always_clear_depth_contributions,content-only,main contributions proposed framework adverse weather robust monocular depth estimation multi tuple degradation multi granularity knowledge distillation ordinal guidance,proposition-to-chunk,1500,46,False,,0.9677121639251709,data\Robust Monocular Depth Estimation under Challenging Conditions.pdf,9,Robust_Monocular_Depth_Estimation_under_Challenging_Conditions_p9_chunk_1,90,1,1,0.8797383308410645,0.8797383308410645,proposition::Robust_Monocular_Depth_Estimation_under_Challenging_Conditions_p9_chunk_1::p0,,,"sion and Pattern Recognition, pages 4009–4018, 2021. 1, 2, 3, 6, 7, 8 [2] Mario Bijelic, Tobias Gruber, Fahim Mannan, Florian Kraus, Werner Ritter, Klaus Dietmayer, and Felix Heide. See- ing through fog without seeing fog: Deep multimodal sen- sor fusion i"
always_clear_depth_contributions,content-only,main contributions proposed framework adverse weather robust monocular depth estimation multi tuple degradation multi granularity knowledge distillation ordinal guidance,proposition-to-chunk,1500,47,False,,0.9677121639251709,data\Robust Monocular Depth Estimation under Challenging Conditions.pdf,8,Robust_Monocular_Depth_Estimation_under_Challenging_Conditions_p8_chunk_12,59,1,1,0.8797383308410645,0.8797383308410645,proposition::Robust_Monocular_Depth_Estimation_under_Challenging_Conditions_p8_chunk_12::p0,,,"itions, but DD may propagate errors from the baseline. Thus, a stronger baseline would help. Despite the robustness against translations (Table 3), GANs [45] could be prob- lematic. Better translations would help eliminate the do- main gap, as seen with Ro"
always_clear_depth_contributions,content-only,main contributions proposed framework adverse weather robust monocular depth estimation multi tuple degradation multi granularity knowledge distillation ordinal guidance,proposition-to-chunk,1500,48,False,,0.9677121639251709,data\Robust Monocular Depth Estimation under Challenging Conditions.pdf,8,Robust_Monocular_Depth_Estimation_under_Challenging_Conditions_p8_chunk_8,74,1,1,0.8797383308410645,0.8797383308410645,proposition::Robust_Monocular_Depth_Estimation_under_Challenging_Conditions_p8_chunk_8::p0,,,"n in the dark are evident. Monodepth2 had fewer issues input image WSGD md4all [ours] Figure 6. Comparison on RobotCar [23] samples between ours self-supervised and WSGD [37]. Ouputs of WSGD are from [37]. with brighter night samples, as shown in the Appen"
always_clear_depth_contributions,content-only,main contributions proposed framework adverse weather robust monocular depth estimation multi tuple degradation multi granularity knowledge distillation ordinal guidance,proposition-to-chunk,1500,49,False,,0.9677121639251709,data\Robust Monocular Depth Estimation under Challenging Conditions.pdf,8,Robust_Monocular_Depth_Estimation_under_Challenging_Conditions_p8_chunk_7,63,1,1,0.8797383308410645,0.8797383308410645,proposition::Robust_Monocular_Depth_Estimation_under_Challenging_Conditions_p8_chunk_7::p0,,,"upervised methods have issues at night. While Mon- odepth2 [11] could identify critical elements of the scenes (e.g., car and sign), its difficulties in extracting informa- tion in the dark are evident. Monodepth2 had fewer issues input image WSGD md4all ["
always_clear_depth_contributions,content-only,main contributions proposed framework adverse weather robust monocular depth estimation multi tuple degradation multi granularity knowledge distillation ordinal guidance,proposition-to-chunk,1500,50,False,,0.9677121639251709,data\Robust Monocular Depth Estimation under Challenging Conditions.pdf,8,Robust_Monocular_Depth_Estimation_under_Challenging_Conditions_p8_chunk_4,63,1,1,0.8797383308410645,0.8797383308410645,proposition::Robust_Monocular_Depth_Estimation_under_Challenging_Conditions_p8_chunk_4::p0,,,"both adverse and standard conditions. On nuScenes [3] (Figure 5), unlike the baselines, both our mod- els correctly identified the truck in the first rainy sample. As shown in Figure 2, rain leads to artifacts in the LiDAR ground truth, which cause the sta"
always_clear_depth_eval_datasets,content-only,evaluated datasets experiments benchmarks nuScenes RobotCar adverse weather test set,sentence-to-chunk,500,1,True,1,0.9315931320190429,data\LED.pdf,11,LED_p11_chunk_5,78,1,1,0.8469028472900391,0.8469028472900391,sentence::LED_p11_chunk_5::s0,,,"er, and Werner Ritter. Benchmarking image sensors under adverse weather conditions for autonomous driving. InIV, 2018. [8] Aleksei Bochkovskii, Amaël Delaunoy, Hugo Germain, Marcel Santos, Yichao Zhou, Stephan R. Richter, and Vladlen Koltun. Depth pro: Sha"
always_clear_depth_eval_datasets,content-only,evaluated datasets experiments benchmarks nuScenes RobotCar adverse weather test set,sentence-to-chunk,500,2,True,2,0.9125614166259766,data\ACD.pdf,6,ACD_p6_chunk_20,56,1,1,0.8296012878417969,0.8296012878417969,sentence::ACD_p6_chunk_20::s0,"nuscenes,robotcar",,"iments on nuScenes and RobotCar datasets to demonstrate the individ- ual effectiveness of the proposed components. Evaluation on Major Design Components. Our baseline is trained on daytime scenes [Gasperini et al., 2023 ]. Based on this, we introduce the d"
always_clear_depth_eval_datasets,content-only,evaluated datasets experiments benchmarks nuScenes RobotCar adverse weather test set,sentence-to-chunk,500,3,True,3,0.9096435070037842,data\TDDC.pdf,14,TDDC_p14_chunk_17,60,1,1,0.8269486427307129,0.8269486427307129,sentence::TDDC_p14_chunk_17::s2,nuscenes,,"h of depth, and Nd denotes the total number of pixels with real-depth values. The definitions of Sq rel and RMSE suggest that they are more sensitive to prediction outliers compared to ABS rel. E Additional results E.1 Evaluation on nuScenes-Day and RobotC"
always_clear_depth_eval_datasets,content-only,evaluated datasets experiments benchmarks nuScenes RobotCar adverse weather test set,sentence-to-chunk,500,4,True,4,0.89590984582901,data\DepthDark.pdf,1,DepthDark_p1_chunk_10,52,1,1,0.8144634962081909,0.8144634962081909,sentence::DepthDark_p1_chunk_10::s0,robotcar,,"RobotCar- Night datasets, validating its effectiveness using limited training data and computing resources. CCS Concepts •Computing methodologies → Computer vision; Image pro- cessing; Virtual reality. ∗Corresponding Author. Permission to make digital or h"
always_clear_depth_eval_datasets,content-only,evaluated datasets experiments benchmarks nuScenes RobotCar adverse weather test set,sentence-to-chunk,500,5,True,5,0.8925089836120605,data\LED.pdf,11,LED_p11_chunk_4,73,1,1,0.8113718032836914,0.8113718032836914,sentence::LED_p11_chunk_4::s3,,,"NeurIPS, 2019. [6] Mario Bijelic, Tobias Gruber, and Werner Ritter. A benchmark for lidar sensors in fog: Is detection breaking down? InIV, 2018. [7] Mario Bijelic, Tobias Gruber, and Werner Ritter. Benchmarking image sensors under adverse weather conditio"
always_clear_depth_eval_datasets,content-only,evaluated datasets experiments benchmarks nuScenes RobotCar adverse weather test set,sentence-to-chunk,500,6,True,6,0.8864463090896606,data\ACD.pdf,1,ACD_p1_chunk_5,53,1,1,0.8058602809906006,0.8058602809906006,sentence::ACD_p1_chunk_5::s0,,,"ing samples that simulate adverse weather conditions, constructing a multi-tuple degradation dataset dur- ing training. To ensure the quality of the generated degradation samples, we employ LoRA adapters to ﬁne-tune the generation weights of diffusion mode"
always_clear_depth_eval_datasets,content-only,evaluated datasets experiments benchmarks nuScenes RobotCar adverse weather test set,sentence-to-chunk,500,7,True,7,0.8859734535217285,data\Robust Monocular Depth Estimation under Challenging Conditions.pdf,9,Robust_Monocular_Depth_Estimation_under_Challenging_Conditions_p9_chunk_6,67,1,1,0.8054304122924805,0.8054304122924805,sentence::Robust_Monocular_Depth_Estimation_under_Challenging_Conditions_p9_chunk_6::s0,,,"al. Ithaca365: Dataset and driving perception under repeated and challenging weather condi- tions. In Proceedings of the IEEE/CVF Conference on Com- puter Vision and Pattern Recognition , pages 21383–21392, 2022. 6 [5] David Eigen, Christian Puhrsch, and R"
always_clear_depth_eval_datasets,content-only,evaluated datasets experiments benchmarks nuScenes RobotCar adverse weather test set,sentence-to-chunk,500,8,True,8,0.8809924066066742,data\Robust Monocular Depth Estimation under Challenging Conditions.pdf,5,Robust_Monocular_Depth_Estimation_under_Challenging_Conditions_p5_chunk_21,60,1,1,0.8009021878242493,0.8009021878242493,sentence::Robust_Monocular_Depth_Estimation_under_Challenging_Conditions_p5_chunk_21::s0,"nuscenes,robotcar",,and Results 4.1. Experimental Setup Datasets and metrics We used two public driving datasets containing various illumination and weather condi- tions: nuScenes [3] and Oxford RobotCar [23]. nuScenes is a challenging large-scale dataset with 15h of driving
always_clear_depth_eval_datasets,content-only,evaluated datasets experiments benchmarks nuScenes RobotCar adverse weather test set,sentence-to-chunk,500,9,False,,0.8804328083992005,data\ACD.pdf,8,ACD_p8_chunk_22,77,1,1,0.8003934621810913,0.8003934621810913,sentence::ACD_p8_chunk_22::s3,robotcar,,". Hr-depth: High resolution self-supervised monocular depth estimation. In AAAI, pages 2294–2301, 2021. [Maddern et al., 2017 ] Will Maddern, Geoffrey Pascoe, Chris Linegar, and Paul Newman. 1 year, 1000 km: The oxford robotcar dataset. The International J"
always_clear_depth_eval_datasets,content-only,evaluated datasets experiments benchmarks nuScenes RobotCar adverse weather test set,sentence-to-chunk,500,10,False,,0.878039813041687,data\DepthDark.pdf,8,DepthDark_p8_chunk_29,55,1,1,0.7982180118560791,0.7982180118560791,sentence::DepthDark_p8_chunk_29::s1,"nuscenes,robotcar",,and the classical Low-Rank Adaptation (LoRA) module [16]. Experimental results on both RobotCar-Night and nuScenes-Night datasets demonstrate that LLPEFT achieves perfor- mance comparable to other advanced methods while introducing negligible parameter ov
always_clear_depth_eval_datasets,content-only,evaluated datasets experiments benchmarks nuScenes RobotCar adverse weather test set,sentence-to-chunk,500,11,False,,0.8764355659484864,data\DepthDark.pdf,6,DepthDark_p6_chunk_28,57,1,1,0.7967596054077148,0.7967596054077148,sentence::DepthDark_p6_chunk_28::s1,"nuscenes,robotcar",,"further compare our experimental results with state-of-the-art methods, including Depth Anything, Depth Anything V2, and TDDC. Evaluations on both nuScenes-Night and RobotCar-Night datasets demonstrate that our method exhibits superior robustness in low-l"
always_clear_depth_eval_datasets,content-only,evaluated datasets experiments benchmarks nuScenes RobotCar adverse weather test set,sentence-to-chunk,500,12,False,,0.8764293134212494,data\Robust Monocular Depth Estimation under Challenging Conditions.pdf,6,Robust_Monocular_Depth_Estimation_under_Challenging_Conditions_p6_chunk_6,86,2,2,0.7318280935287476,1.4460121989250183,sentence::Robust_Monocular_Depth_Estimation_under_Challenging_Conditions_p6_chunk_6::s1|sentence::Robust_Monocular_Depth_Estimation_under_Challenging_Conditions_p6_chunk_6::s2,nuscenes,,"75.33 0.1562 5.903 82.82 Table 1. Evaluation of self- and GT-supervised methods on the nuScenes [3] validation set. Supervisions (sup.): M: via monocular videos, ∗: test-time median-scaling via LiDAR, v: weak velocity, r: weak radar, GT: via LiDAR data. Tr"
always_clear_depth_eval_datasets,content-only,evaluated datasets experiments benchmarks nuScenes RobotCar adverse weather test set,sentence-to-chunk,500,13,False,,0.8745569288730621,data\ACD.pdf,3,ACD_p3_chunk_19,57,1,1,0.7950517535209656,0.7950517535209656,sentence::ACD_p3_chunk_19::s0,,,"n dataset under different weather conditions. And then, ACDepth takes the multi-tuple degradation dataset as input, and proposes the multi-granularity knowledge distilla- tion strategy (MKD) to borrow priors from the teacher model to optimize the student n"
always_clear_depth_eval_datasets,content-only,evaluated datasets experiments benchmarks nuScenes RobotCar adverse weather test set,sentence-to-chunk,500,14,False,,0.8739482879638671,data\ACD.pdf,2,ACD_p2_chunk_31,39,1,1,0.7944984436035156,0.7944984436035156,sentence::ACD_p2_chunk_31::s0,,,generalization from normal scenarios to real adverse weather. Proceedings of the Thirty-Fourth International Joint Conference on Artiﬁcial Intelligence (IJCAI-25) 1252
always_clear_depth_eval_datasets,content-only,evaluated datasets experiments benchmarks nuScenes RobotCar adverse weather test set,sentence-to-chunk,500,15,False,,0.8732247114181518,data\LED.pdf,12,LED_p12_chunk_12,75,1,1,0.7938406467437744,0.7938406467437744,sentence::LED_p12_chunk_12::s0,robotcar,,"rd RobotCar Dataset.IJRR, 2017. [31] Christoph Mertz, Sanjeev J. Koppal, Solomon Sia, and Srinivasa Narasimhan. A low- power structured light sensor for outdoor scene reconstruction and dominant material identification. InCVPR Workshops, 2012. [32] Pushmee"
always_clear_depth_eval_datasets,content-only,evaluated datasets experiments benchmarks nuScenes RobotCar adverse weather test set,sentence-to-chunk,500,16,False,,0.8724360287189483,data\TDDC.pdf,9,TDDC_p9_chunk_12,89,1,1,0.7931236624717712,0.7931236624717712,sentence::TDDC_p9_chunk_12::s1,robotcar,,"ages 304–321, 2022. [Maddern et al., 2017] Will Maddern, Geoffrey Pascoe, Chris Linegar, and Paul Newman. 1 year, 1000 km: The oxford robotcar dataset. The International Journal of Robotics Research, 36(1):3–15, 2017. [Menze and Geiger, 2015] Moritz Menze"
always_clear_depth_eval_datasets,content-only,evaluated datasets experiments benchmarks nuScenes RobotCar adverse weather test set,sentence-to-chunk,500,17,False,,0.8724360287189483,data\s.pdf,9,s_p9_chunk_25,109,1,1,0.7931236624717712,0.7931236624717712,sentence::s_p9_chunk_25::s2,robotcar,,"46, 2021. 1, 2, 6, 7 [19] W. Maddern, G. Pascoe, C. Linegar, and P. Newman. 1 year, 1000 km: The oxford robotcar dataset. International Journal of Robotics Research, page 0278364916679498, 2016. 2, 3, 6, 7 [20] Rui Peng, Ronggang Wang, Yawen Lai, Luyang Ta"
always_clear_depth_eval_datasets,content-only,evaluated datasets experiments benchmarks nuScenes RobotCar adverse weather test set,sentence-to-chunk,500,18,False,,0.8724360287189483,data\Robust Monocular Depth Estimation under Challenging Conditions.pdf,9,Robust_Monocular_Depth_Estimation_under_Challenging_Conditions_p9_chunk_32,90,1,1,0.7931236624717712,0.7931236624717712,sentence::Robust_Monocular_Depth_Estimation_under_Challenging_Conditions_p9_chunk_32::s2,robotcar,,"nal Conference on Com- puter Vision, pages 12737–12746, 2021. 2, 3, 4, 6, 7 [23] Will Maddern, Geoffrey Pascoe, Chris Linegar, and Paul Newman. 1 year, 1000 km: The Oxford RobotCar dataset. The International Journal of Robotics Research, 36(1):3–15, 2017."
always_clear_depth_eval_datasets,content-only,evaluated datasets experiments benchmarks nuScenes RobotCar adverse weather test set,sentence-to-chunk,500,19,False,,0.865954852104187,data\LED.pdf,12,LED_p12_chunk_11,86,1,1,0.7872316837310791,0.7872316837310791,sentence::LED_p12_chunk_11::s3,robotcar,,"Ilya Loshchilov and Frank Hutter. Decoupled weight decay regularization. InICLR, 2018. [30] Will Maddern, Geoff Pascoe, Chris Linegar, and Paul Newman. 1 Year, 1000km: The Oxford RobotCar Dataset.IJRR, 2017. [31] Christoph Mertz, Sanjeev J. Koppal, Solomon"
always_clear_depth_eval_datasets,content-only,evaluated datasets experiments benchmarks nuScenes RobotCar adverse weather test set,sentence-to-chunk,500,20,False,,0.8644983887672424,data\DepthDark.pdf,6,DepthDark_p6_chunk_20,60,1,1,0.7859076261520386,0.7859076261520386,sentence::DepthDark_p6_chunk_20::s1,"nuscenes,robotcar",,"ale low-light depth-aligned dataset for training our proposed DepthDark model. 4.2.2 Evaluation Protocol. To evaluate our method, we selected two challenging benchmark datasets: nuScenes-Night and RobotCar- Night, which are, to the best of our knowledge, t"
always_clear_depth_eval_datasets,content-only,evaluated datasets experiments benchmarks nuScenes RobotCar adverse weather test set,sentence-to-chunk,500,21,False,,0.8635149121284484,data\DepthDark.pdf,6,DepthDark_p6_chunk_21,61,1,1,0.7850135564804077,0.7850135564804077,sentence::DepthDark_p6_chunk_21::s1,"nuscenes,robotcar",,": nuScenes-Night and RobotCar- Night, which are, to the best of our knowledge, the most widely used benchmarks for low-light monocular depth estimation tasks. The evaluation settings for nuScenes-Night follow RNW [36], while those for RobotCar-Night follow"
always_clear_depth_eval_datasets,content-only,evaluated datasets experiments benchmarks nuScenes RobotCar adverse weather test set,sentence-to-chunk,500,22,False,,0.859161913394928,data\Robust Monocular Depth Estimation under Challenging Conditions.pdf,7,Robust_Monocular_Depth_Estimation_under_Challenging_Conditions_p7_chunk_29,89,1,1,0.78105628490448,0.78105628490448,sentence::Robust_Monocular_Depth_Estimation_under_Challenging_Conditions_p7_chunk_29::s3,robotcar,,[ours] w/ ForkGAN [45] 0.1174 0.1128 0.1219 [ours] w/ degraded ForkGAN 0.1213 0.1159 0.1266 Table 3. Robustness of md4all-DD against translations from dif- ferent GANs. Evaluation of absRel on the RobotCar [23] test set. 8183
always_clear_depth_eval_datasets,content-only,evaluated datasets experiments benchmarks nuScenes RobotCar adverse weather test set,sentence-to-chunk,500,23,False,,0.857409554719925,data\Robust Monocular Depth Estimation under Challenging Conditions.pdf,7,Robust_Monocular_Depth_Estimation_under_Challenging_Conditions_p7_chunk_3,116,1,1,0.7794632315635681,0.7794632315635681,sentence::Robust_Monocular_Depth_Estimation_under_Challenging_Conditions_p7_chunk_3::s4,robotcar,,eline [ours] Mv d ........0.1209 ......0.723 .......3.335 86.61 0.3909 3.547 8.227 22.51 [ours] md4all-DD [ours] Mv dT(n) 0.1128 0.648 3.206 87.13 0.1219 0.784 3.604 84.86 Table 2. Evaluation of self-supervised works on the RobotCar [23] test set. Trailing
always_clear_depth_eval_datasets,content-only,evaluated datasets experiments benchmarks nuScenes RobotCar adverse weather test set,sentence-to-chunk,500,24,False,,0.8565018057823182,data\Robust Monocular Depth Estimation under Challenging Conditions.pdf,1,Robust_Monocular_Depth_Estimation_under_Challenging_Conditions_p1_chunk_7,53,1,1,0.7786380052566528,0.7786380052566528,sentence::Robust_Monocular_Depth_Estimation_under_Challenging_Conditions_p1_chunk_7::s0,"nuscenes,robotcar",,"inference time. Extensive experiments on two challenging public datasets, namely nuScenes and Oxford RobotCar, demonstrate the effectiveness of our techniques, outperforming prior works by a large margin in both stan- dard and challenging conditions. Sour"
always_clear_depth_eval_datasets,content-only,evaluated datasets experiments benchmarks nuScenes RobotCar adverse weather test set,sentence-to-chunk,500,25,False,,0.8557744264602661,data\Robust Monocular Depth Estimation under Challenging Conditions.pdf,2,Robust_Monocular_Depth_Estimation_under_Challenging_Conditions_p2_chunk_20,58,1,1,0.7779767513275146,0.7779767513275146,sentence::Robust_Monocular_Depth_Estimation_under_Challenging_Conditions_p2_chunk_20::s0,"nuscenes,robotcar",,"are open-source images in adverse conditions corresponding to the sunny and cloudy sam- ples of nuScenes [3] and Oxford Robotcar [23]. With md4all, we substantially outperform prior solutions delivering robust estimates in a variety of conditions. 2. Relat"
always_clear_depth_eval_datasets,content-only,evaluated datasets experiments benchmarks nuScenes RobotCar adverse weather test set,sentence-to-chunk,500,26,False,,0.8534034609794616,data\ACD.pdf,7,ACD_p7_chunk_5,110,1,1,0.775821328163147,0.775821328163147,sentence::ACD_p7_chunk_5::s2,robotcar,,"3.661 83.68 ACDepth (Ours) Mv dT(n) 0.1107 0.591 3.084 88.03 0.1206 0.690 3.432 84.47 Table 2: Evaluation of self-supervised works on the RobotCar [Maddern et al., 2017] test set. Trailing 0 added to the values from [V ankadari et al., 2023 ] and [Tosi et"
always_clear_depth_eval_datasets,content-only,evaluated datasets experiments benchmarks nuScenes RobotCar adverse weather test set,sentence-to-chunk,500,27,False,,0.8528077363967895,data\Robust Monocular Depth Estimation under Challenging Conditions.pdf,7,Robust_Monocular_Depth_Estimation_under_Challenging_Conditions_p7_chunk_4,68,1,1,0.7752797603607178,0.7752797603607178,sentence::Robust_Monocular_Depth_Estimation_under_Challenging_Conditions_p7_chunk_4::s0,robotcar,,"e 2. Evaluation of self-supervised works on the RobotCar [23] test set. Trailing 0 added to the values from [37]. Notation from Table 1. Night – RobotCar In Table 2, we report results for RobotCar [23]. Here we compare with various approaches that also tar"
always_clear_depth_eval_datasets,content-only,evaluated datasets experiments benchmarks nuScenes RobotCar adverse weather test set,sentence-to-chunk,500,28,False,,0.8518823504447937,data\TDDC.pdf,7,TDDC_p7_chunk_6,60,1,1,0.7744385004043579,0.7744385004043579,sentence::TDDC_p7_chunk_6::s1,"nuscenes,robotcar",,"nighttime dataset is used as the target dataset during our training. In our supplementary material, we provide additional tests on nuScenes-Day and Robotcar-Day, give a complete qual- itative comparison on nuScenes-Night/nuScenes-Day and RobotCar-Night/Ro"
always_clear_depth_eval_datasets,content-only,evaluated datasets experiments benchmarks nuScenes RobotCar adverse weather test set,sentence-to-chunk,500,29,False,,0.8516802787780762,data\Jasmine.pdf,9,Jasmine_p9_chunk_1,54,1,1,0.7742547988891602,0.7742547988891602,sentence::Jasmine_p9_chunk_1::s0,,,"eather-enhanced datasetslike WeatherKITTI[ 48]. As illustrated in Fig. 1, Jasmine successfully identifies water surface reflections while producing refined depth estimates. The fine-grain estimation details are further demonstrated in Fig. 5, pedestrian ch"
always_clear_depth_eval_datasets,content-only,evaluated datasets experiments benchmarks nuScenes RobotCar adverse weather test set,sentence-to-chunk,500,30,False,,0.8512820363044739,data\TDDC.pdf,15,TDDC_p15_chunk_11,124,1,1,0.7738927602767944,0.7738927602767944,sentence::TDDC_p15_chunk_11::s3,"nuscenes,robotcar",,"56 40 0.102 0.500 3.364 0.147 0.905 0.977 0.992 Ours K 768 × 256 40 0.109 0.477 3.261 0.151 0.891 0.978 0.993 Table E.1: Effective test on nuScenes-Day [Wang et al., 2021; Caesar et al., 2020] and Robotcar-Day [Liu et al., 2021; Maddern et al., 2017]. All"
always_clear_depth_eval_datasets,content-only,evaluated datasets experiments benchmarks nuScenes RobotCar adverse weather test set,sentence-to-chunk,500,31,False,,0.8501705765724182,data\s.pdf,6,s_p6_chunk_14,74,1,1,0.772882342338562,0.772882342338562,sentence::s_p6_chunk_14::s0,,,"car dataset [19] in different conditions (daytime and nighttime). Source indicates where the metrics are cited, and [self] refers to our own implementations. Method Test DrivingStereo-rain frames AbsRel↓ SqRel↓ RMSE↓ δ1 ↑ robust-depth [22] 1 0.2622 4.309 1"
always_clear_depth_eval_datasets,content-only,evaluated datasets experiments benchmarks nuScenes RobotCar adverse weather test set,sentence-to-chunk,500,32,False,,0.8494273960590363,data\Jasmine.pdf,7,Jasmine_p7_chunk_11,58,1,1,0.772206723690033,0.772206723690033,sentence::Jasmine_p7_chunk_11::s2,,,"es from its official training split for mix-batch image reconstruction. Each iteration uses random crops from the original 1024×768 to 1024×320 resolution. Zero-shot Evaluation Datasets DrivingStereo[58]: Contains 500 images per weather condition (fog, clo"
always_clear_depth_eval_datasets,content-only,evaluated datasets experiments benchmarks nuScenes RobotCar adverse weather test set,sentence-to-chunk,500,33,False,,0.8478264927864074,data\Robust Monocular Depth Estimation under Challenging Conditions.pdf,6,Robust_Monocular_Depth_Estimation_under_Challenging_Conditions_p6_chunk_12,69,1,1,0.7707513570785522,0.7707513570785522,sentence::Robust_Monocular_Depth_Estimation_under_Challenging_Conditions_p6_chunk_12::s0,"nuscenes,robotcar",,"rom the DENSE dataset [2]. We report on the standard metrics and errors up to 50m for RobotCar as in [37], and 80m for nuScenes as in [8]. More results can be found in the Appendix. Implementation details Our self-supervised models use a ResNet-18 backbone"
always_clear_depth_eval_datasets,content-only,evaluated datasets experiments benchmarks nuScenes RobotCar adverse weather test set,sentence-to-chunk,500,34,False,,0.8477724671363831,data\ACD.pdf,5,ACD_p5_chunk_14,54,1,1,0.7707022428512573,0.7707022428512573,sentence::ACD_p5_chunk_14::s1,nuscenes,,"al., 2017] datasets are used for training and comparison. NuScenes is a comprehensive dataset featuring diverse outdoor scenes, speciﬁcally tailored for autonomous driving research, where the multi-frame se- quence is supplemented with detailed radar annot"
always_clear_depth_eval_datasets,content-only,evaluated datasets experiments benchmarks nuScenes RobotCar adverse weather test set,sentence-to-chunk,500,35,False,,0.8446075081825256,data\DepthDark.pdf,7,DepthDark_p7_chunk_6,60,1,1,0.7678250074386597,0.7678250074386597,sentence::DepthDark_p7_chunk_6::s0,"nuscenes,robotcar",,"-of-the-art performance on the nuScenes-Night dataset (with only the 𝛿1 metric ranking second) and attained comprehen- sive leading results across all metrics on RobotCar-Night. This remarkable advantage stems from our innovative fine-tuning strat- egy, wh"
always_clear_depth_eval_datasets,content-only,evaluated datasets experiments benchmarks nuScenes RobotCar adverse weather test set,sentence-to-chunk,500,36,False,,0.842411994934082,data\Robust Monocular Depth Estimation under Challenging Conditions.pdf,9,Robust_Monocular_Depth_Estimation_under_Challenging_Conditions_p9_chunk_4,90,1,1,0.7658290863037109,0.7658290863037109,sentence::Robust_Monocular_Depth_Estimation_under_Challenging_Conditions_p9_chunk_4::s0,nuscenes,,"dan, and Oscar Beijbom. nuScenes: A multi- modal dataset for autonomous driving. In Proceedings of the IEEE/CVF Conference on Computer Vision and Pattern Recognition, pages 11621–11631, 2020. 1, 2, 4, 5, 6, 7, 8 [4] Carlos A Diaz-Ruiz, Youya Xia, Yurong Yo"
always_clear_depth_eval_datasets,content-only,evaluated datasets experiments benchmarks nuScenes RobotCar adverse weather test set,sentence-to-chunk,500,37,False,,0.8419104218482971,data\ACD.pdf,5,ACD_p5_chunk_13,73,1,1,0.7653731107711792,0.7653731107711792,sentence::ACD_p5_chunk_13::s1,"nuscenes,robotcar",,"g a seamless transition from clear to complex environments. 4 Experiments 4.1 Datasets In this study, the commonly used nuScenes [Caesar et al., 2020] and RobotCar [Maddern et al., 2017] datasets are used for training and comparison. NuScenes is a comprehe"
always_clear_depth_eval_datasets,content-only,evaluated datasets experiments benchmarks nuScenes RobotCar adverse weather test set,sentence-to-chunk,500,38,False,,0.8394039332866668,data\Robust Monocular Depth Estimation under Challenging Conditions.pdf,9,Robust_Monocular_Depth_Estimation_under_Challenging_Conditions_p9_chunk_3,88,1,1,0.7630944848060608,0.7630944848060608,sentence::Robust_Monocular_Depth_Estimation_under_Challenging_Conditions_p9_chunk_3::s2,nuscenes,,"rn Recognition, pages 11682–11692, 2020. 6, 7 [3] Holger Caesar, Varun Bankiti, Alex H Lang, Sourabh V ora, Venice Erin Liong, Qiang Xu, Anush Krishnan, Yu Pan, Gi- ancarlo Baldan, and Oscar Beijbom. nuScenes: A multi- modal dataset for autonomous driving."
always_clear_depth_eval_datasets,content-only,evaluated datasets experiments benchmarks nuScenes RobotCar adverse weather test set,sentence-to-chunk,500,39,False,,0.8392301201820374,data\ACD.pdf,5,ACD_p5_chunk_24,57,1,1,0.7629364728927612,0.7629364728927612,sentence::ACD_p5_chunk_24::s2,"nuscenes,robotcar",,"for ordinal guidance distillation. Fur- ther details on the model training procedure and dataset trans- lation process are provided in the appendix. 4.3 Comparison with SoTAs In this section, we evaluate our model on the nuScenes and RobotCar datasets. Qua"
always_clear_depth_eval_datasets,content-only,evaluated datasets experiments benchmarks nuScenes RobotCar adverse weather test set,sentence-to-chunk,500,40,False,,0.8390079855918884,data\ACD.pdf,8,ACD_p8_chunk_6,89,1,1,0.7627345323562622,0.7627345323562622,sentence::ACD_p8_chunk_6::s1,nuscenes,,"019. [Caesar et al., 2020 ] Holger Caesar, V arun Bankiti, Alex H Lang, Sourabh V ora, V enice Erin Liong, Qiang Xu, Anush Krishnan, Y u Pan, Giancarlo Baldan, and Oscar Beijbom. nuscenes: A multimodal dataset for autonomous driving. In CVPR, pages 11621–1"
always_clear_depth_eval_datasets,content-only,evaluated datasets experiments benchmarks nuScenes RobotCar adverse weather test set,sentence-to-chunk,500,41,False,,0.8389957904815674,data\TDDC.pdf,14,TDDC_p14_chunk_12,68,1,1,0.762723445892334,0.762723445892334,sentence::TDDC_p14_chunk_12::s2,"nuscenes,robotcar",,"out the imaging of car hoods. We follow the same approach as proposed in these papers. For nuScenes, the im- ages are first center-cropped from 1600 ×900 to 1536 ×768 before testing or the training of DA or DT types methods. As to the Oxford RobotCar datas"
always_clear_depth_eval_datasets,content-only,evaluated datasets experiments benchmarks nuScenes RobotCar adverse weather test set,sentence-to-chunk,500,42,False,,0.8354956626892089,data\TDDC.pdf,7,TDDC_p7_chunk_7,63,1,1,0.7595415115356445,0.7595415115356445,sentence::TDDC_p7_chunk_7::s0,"nuscenes,robotcar",,"te qual- itative comparison on nuScenes-Night/nuScenes-Day and RobotCar-Night/RobotCar-Day, and offer additional visual results on other nighttime datasets to further prove the effec- tiveness of our method. 4.3 Ablation Test on Pre-processing Contribution"
always_clear_depth_eval_datasets,content-only,evaluated datasets experiments benchmarks nuScenes RobotCar adverse weather test set,sentence-to-chunk,500,43,False,,0.8343161463737487,data\TDDC.pdf,14,TDDC_p14_chunk_18,80,1,1,0.7584692239761353,0.7584692239761353,sentence::TDDC_p14_chunk_18::s1,"nuscenes,robotcar",,"pared to ABS rel. E Additional results E.1 Evaluation on nuScenes-Day and RobotCar-Day Both ADDS [Liu et al. , 2021 ] and WSGD [Vankadari et al., 2023 ] are proposed to be all-day monocular depth es- timation frameworks (tested on day and night). To com- p"
always_clear_depth_eval_datasets,content-only,evaluated datasets experiments benchmarks nuScenes RobotCar adverse weather test set,sentence-to-chunk,500,44,False,,0.8334400653839111,data\dav2.pdf,22,dav2_p22_chunk_6,61,1,1,0.7576727867126465,0.7576727867126465,sentence::dav2_p22_chunk_6::s3,,,alitative results on test benchmarks Please refer to Figure 18. Our model is consistently better than V1 [89] on standard benchmarks. C DA-2K Evaluation Benchmark C.1 Per-scenario accuracy We report the per-scenario accuracy on our DA-2K evaluation benchma
always_clear_depth_eval_datasets,content-only,evaluated datasets experiments benchmarks nuScenes RobotCar adverse weather test set,sentence-to-chunk,500,45,False,,0.8331254839897155,data\Robust Monocular Depth Estimation under Challenging Conditions.pdf,10,Robust_Monocular_Depth_Estimation_under_Challenging_Conditions_p10_chunk_7,64,1,1,0.7573868036270142,0.7573868036270142,sentence::Robust_Monocular_Depth_Estimation_under_Challenging_Conditions_p10_chunk_7::s2,,,"SIGGRAPH Conference , pages 1–10, 2022. 6 [29] Christos Sakaridis, Dengxin Dai, and Luc Van Gool. ACDC: The adverse conditions dataset with correspondences for se- mantic driving scene understanding. In Proceedings of the IEEE/CVF International Conference"
always_clear_depth_eval_datasets,content-only,evaluated datasets experiments benchmarks nuScenes RobotCar adverse weather test set,sentence-to-chunk,500,46,False,,0.8315419554710388,data\s.pdf,7,s_p7_chunk_11,61,1,1,0.7559472322463989,0.7559472322463989,sentence::s_p7_chunk_11::s1,nuscenes,,"tal Results Our quantitative results across different datasets are shown in Tables 1-3. Tab. 1 presents evaluations on the nuScenes dataset [5] under various conditions (daytime, nighttime, rain) in single-frame (two inputs of the model are the same frame)"
always_clear_depth_eval_datasets,content-only,evaluated datasets experiments benchmarks nuScenes RobotCar adverse weather test set,sentence-to-chunk,500,47,False,,0.830303692817688,data\ACD.pdf,5,ACD_p5_chunk_25,58,1,1,0.7548215389251709,0.7548215389251709,sentence::ACD_p5_chunk_25::s0,"nuscenes,robotcar",,"n this section, we evaluate our model on the nuScenes and RobotCar datasets. Qualitative and quantitative comparisons are shown below. Comparison on the nuScenes. In Table 1, we compare our method with existing depth estimation models, includ- ing the typi"
always_clear_depth_eval_datasets,content-only,evaluated datasets experiments benchmarks nuScenes RobotCar adverse weather test set,sentence-to-chunk,500,48,False,,0.8295598566532135,data\s.pdf,6,s_p6_chunk_13,113,1,1,0.7541453242301941,0.7541453242301941,sentence::s_p6_chunk_13::s4,robotcar,,+[8] [self] 1 0.1092 0.759 3.355 88.32 0.1257 0.930 3.904 85.24 Ours-Single [self] 1 0.1063 0.646 3.171 88.29 0.1103 0.693 3.455 86.15 Table 2. Quantitative comparison on Robotcar dataset [19] in different conditions (daytime and nighttime). Source indicat
always_clear_depth_eval_datasets,content-only,evaluated datasets experiments benchmarks nuScenes RobotCar adverse weather test set,sentence-to-chunk,500,49,False,,0.827942168712616,data\Robust Monocular Depth Estimation under Challenging Conditions.pdf,7,Robust_Monocular_Depth_Estimation_under_Challenging_Conditions_p7_chunk_0,125,1,1,0.7526746988296509,0.7526746988296509,sentence::Robust_Monocular_Depth_Estimation_under_Challenging_Conditions_p7_chunk_0::s0,robotcar,,day – RobotCar night – RobotCar Method source sup. tr.data absRel sqRel RMSE δ1 absRel sqRel RMSE δ1 Monodepth2 [11] [ours] M ∗ d 0.1196 0.670 3.164 ......86.38 0.3029 1.724 5.038 45.88 DeFeatNet [33] [37] M ∗ a: dn 0.2470 2.980 7.884 65.00 0.3340 4.589 8.
always_clear_depth_eval_datasets,content-only,evaluated datasets experiments benchmarks nuScenes RobotCar adverse weather test set,sentence-to-chunk,500,50,False,,0.8263166785240174,data\s.pdf,10,s_p10_chunk_4,89,1,1,0.7511969804763794,0.7511969804763794,sentence::s_p10_chunk_4::s1,,,"6, 7 [28] Jiyuan Wang, Chunyu Lin, Lang Nie, Shujun Huang, Yao Zhao, Xing Pan, and Rui Ai. Weatherdepth: Curriculum con- trastive learning for self-supervised depth estimation under adverse weather conditions, 2023. 1, 2, 4, 7 [29] Jiyuan Wang, Lang Nie,"
always_clear_depth_eval_datasets,content-only,evaluated datasets experiments benchmarks nuScenes RobotCar adverse weather test set,sentence-to-chunk,1000,1,True,1,0.9315931320190429,data\LED.pdf,11,LED_p11_chunk_5,78,1,1,0.8469028472900391,0.8469028472900391,sentence::LED_p11_chunk_5::s0,,,"er, and Werner Ritter. Benchmarking image sensors under adverse weather conditions for autonomous driving. InIV, 2018. [8] Aleksei Bochkovskii, Amaël Delaunoy, Hugo Germain, Marcel Santos, Yichao Zhou, Stephan R. Richter, and Vladlen Koltun. Depth pro: Sha"
always_clear_depth_eval_datasets,content-only,evaluated datasets experiments benchmarks nuScenes RobotCar adverse weather test set,sentence-to-chunk,1000,2,True,2,0.9125614166259766,data\ACD.pdf,6,ACD_p6_chunk_20,56,1,1,0.8296012878417969,0.8296012878417969,sentence::ACD_p6_chunk_20::s0,"nuscenes,robotcar",,"iments on nuScenes and RobotCar datasets to demonstrate the individ- ual effectiveness of the proposed components. Evaluation on Major Design Components. Our baseline is trained on daytime scenes [Gasperini et al., 2023 ]. Based on this, we introduce the d"
always_clear_depth_eval_datasets,content-only,evaluated datasets experiments benchmarks nuScenes RobotCar adverse weather test set,sentence-to-chunk,1000,3,True,3,0.9096435070037842,data\TDDC.pdf,14,TDDC_p14_chunk_17,60,1,1,0.8269486427307129,0.8269486427307129,sentence::TDDC_p14_chunk_17::s2,nuscenes,,"h of depth, and Nd denotes the total number of pixels with real-depth values. The definitions of Sq rel and RMSE suggest that they are more sensitive to prediction outliers compared to ABS rel. E Additional results E.1 Evaluation on nuScenes-Day and RobotC"
always_clear_depth_eval_datasets,content-only,evaluated datasets experiments benchmarks nuScenes RobotCar adverse weather test set,sentence-to-chunk,1000,4,True,4,0.89590984582901,data\DepthDark.pdf,1,DepthDark_p1_chunk_10,52,1,1,0.8144634962081909,0.8144634962081909,sentence::DepthDark_p1_chunk_10::s0,robotcar,,"RobotCar- Night datasets, validating its effectiveness using limited training data and computing resources. CCS Concepts •Computing methodologies → Computer vision; Image pro- cessing; Virtual reality. ∗Corresponding Author. Permission to make digital or h"
always_clear_depth_eval_datasets,content-only,evaluated datasets experiments benchmarks nuScenes RobotCar adverse weather test set,sentence-to-chunk,1000,5,True,5,0.8925089836120605,data\LED.pdf,11,LED_p11_chunk_4,73,1,1,0.8113718032836914,0.8113718032836914,sentence::LED_p11_chunk_4::s3,,,"NeurIPS, 2019. [6] Mario Bijelic, Tobias Gruber, and Werner Ritter. A benchmark for lidar sensors in fog: Is detection breaking down? InIV, 2018. [7] Mario Bijelic, Tobias Gruber, and Werner Ritter. Benchmarking image sensors under adverse weather conditio"
always_clear_depth_eval_datasets,content-only,evaluated datasets experiments benchmarks nuScenes RobotCar adverse weather test set,sentence-to-chunk,1000,6,True,6,0.8864463090896606,data\ACD.pdf,1,ACD_p1_chunk_5,53,1,1,0.8058602809906006,0.8058602809906006,sentence::ACD_p1_chunk_5::s0,,,"ing samples that simulate adverse weather conditions, constructing a multi-tuple degradation dataset dur- ing training. To ensure the quality of the generated degradation samples, we employ LoRA adapters to ﬁne-tune the generation weights of diffusion mode"
always_clear_depth_eval_datasets,content-only,evaluated datasets experiments benchmarks nuScenes RobotCar adverse weather test set,sentence-to-chunk,1000,7,True,7,0.8859734535217285,data\Robust Monocular Depth Estimation under Challenging Conditions.pdf,9,Robust_Monocular_Depth_Estimation_under_Challenging_Conditions_p9_chunk_6,67,1,1,0.8054304122924805,0.8054304122924805,sentence::Robust_Monocular_Depth_Estimation_under_Challenging_Conditions_p9_chunk_6::s0,,,"al. Ithaca365: Dataset and driving perception under repeated and challenging weather condi- tions. In Proceedings of the IEEE/CVF Conference on Com- puter Vision and Pattern Recognition , pages 21383–21392, 2022. 6 [5] David Eigen, Christian Puhrsch, and R"
always_clear_depth_eval_datasets,content-only,evaluated datasets experiments benchmarks nuScenes RobotCar adverse weather test set,sentence-to-chunk,1000,8,True,8,0.8809924066066742,data\Robust Monocular Depth Estimation under Challenging Conditions.pdf,5,Robust_Monocular_Depth_Estimation_under_Challenging_Conditions_p5_chunk_21,60,1,1,0.8009021878242493,0.8009021878242493,sentence::Robust_Monocular_Depth_Estimation_under_Challenging_Conditions_p5_chunk_21::s0,"nuscenes,robotcar",,and Results 4.1. Experimental Setup Datasets and metrics We used two public driving datasets containing various illumination and weather condi- tions: nuScenes [3] and Oxford RobotCar [23]. nuScenes is a challenging large-scale dataset with 15h of driving
always_clear_depth_eval_datasets,content-only,evaluated datasets experiments benchmarks nuScenes RobotCar adverse weather test set,sentence-to-chunk,1000,9,True,9,0.8804328083992005,data\ACD.pdf,8,ACD_p8_chunk_22,77,1,1,0.8003934621810913,0.8003934621810913,sentence::ACD_p8_chunk_22::s3,robotcar,,". Hr-depth: High resolution self-supervised monocular depth estimation. In AAAI, pages 2294–2301, 2021. [Maddern et al., 2017 ] Will Maddern, Geoffrey Pascoe, Chris Linegar, and Paul Newman. 1 year, 1000 km: The oxford robotcar dataset. The International J"
always_clear_depth_eval_datasets,content-only,evaluated datasets experiments benchmarks nuScenes RobotCar adverse weather test set,sentence-to-chunk,1000,10,True,10,0.878039813041687,data\DepthDark.pdf,8,DepthDark_p8_chunk_29,55,1,1,0.7982180118560791,0.7982180118560791,sentence::DepthDark_p8_chunk_29::s1,"nuscenes,robotcar",,and the classical Low-Rank Adaptation (LoRA) module [16]. Experimental results on both RobotCar-Night and nuScenes-Night datasets demonstrate that LLPEFT achieves perfor- mance comparable to other advanced methods while introducing negligible parameter ov
always_clear_depth_eval_datasets,content-only,evaluated datasets experiments benchmarks nuScenes RobotCar adverse weather test set,sentence-to-chunk,1000,11,True,11,0.8764355659484864,data\DepthDark.pdf,6,DepthDark_p6_chunk_28,57,1,1,0.7967596054077148,0.7967596054077148,sentence::DepthDark_p6_chunk_28::s1,"nuscenes,robotcar",,"further compare our experimental results with state-of-the-art methods, including Depth Anything, Depth Anything V2, and TDDC. Evaluations on both nuScenes-Night and RobotCar-Night datasets demonstrate that our method exhibits superior robustness in low-l"
always_clear_depth_eval_datasets,content-only,evaluated datasets experiments benchmarks nuScenes RobotCar adverse weather test set,sentence-to-chunk,1000,12,True,12,0.8764293134212494,data\Robust Monocular Depth Estimation under Challenging Conditions.pdf,6,Robust_Monocular_Depth_Estimation_under_Challenging_Conditions_p6_chunk_6,86,2,2,0.7318280935287476,1.4460121989250183,sentence::Robust_Monocular_Depth_Estimation_under_Challenging_Conditions_p6_chunk_6::s1|sentence::Robust_Monocular_Depth_Estimation_under_Challenging_Conditions_p6_chunk_6::s2,nuscenes,,"75.33 0.1562 5.903 82.82 Table 1. Evaluation of self- and GT-supervised methods on the nuScenes [3] validation set. Supervisions (sup.): M: via monocular videos, ∗: test-time median-scaling via LiDAR, v: weak velocity, r: weak radar, GT: via LiDAR data. Tr"
always_clear_depth_eval_datasets,content-only,evaluated datasets experiments benchmarks nuScenes RobotCar adverse weather test set,sentence-to-chunk,1000,13,True,13,0.8745569288730621,data\ACD.pdf,3,ACD_p3_chunk_19,57,1,1,0.7950517535209656,0.7950517535209656,sentence::ACD_p3_chunk_19::s0,,,"n dataset under different weather conditions. And then, ACDepth takes the multi-tuple degradation dataset as input, and proposes the multi-granularity knowledge distilla- tion strategy (MKD) to borrow priors from the teacher model to optimize the student n"
always_clear_depth_eval_datasets,content-only,evaluated datasets experiments benchmarks nuScenes RobotCar adverse weather test set,sentence-to-chunk,1000,14,True,14,0.8739482879638671,data\ACD.pdf,2,ACD_p2_chunk_31,39,1,1,0.7944984436035156,0.7944984436035156,sentence::ACD_p2_chunk_31::s0,,,generalization from normal scenarios to real adverse weather. Proceedings of the Thirty-Fourth International Joint Conference on Artiﬁcial Intelligence (IJCAI-25) 1252
always_clear_depth_eval_datasets,content-only,evaluated datasets experiments benchmarks nuScenes RobotCar adverse weather test set,sentence-to-chunk,1000,15,True,15,0.8732247114181518,data\LED.pdf,12,LED_p12_chunk_12,75,1,1,0.7938406467437744,0.7938406467437744,sentence::LED_p12_chunk_12::s0,robotcar,,"rd RobotCar Dataset.IJRR, 2017. [31] Christoph Mertz, Sanjeev J. Koppal, Solomon Sia, and Srinivasa Narasimhan. A low- power structured light sensor for outdoor scene reconstruction and dominant material identification. InCVPR Workshops, 2012. [32] Pushmee"
always_clear_depth_eval_datasets,content-only,evaluated datasets experiments benchmarks nuScenes RobotCar adverse weather test set,sentence-to-chunk,1000,16,False,,0.8724360287189483,data\TDDC.pdf,9,TDDC_p9_chunk_12,89,1,1,0.7931236624717712,0.7931236624717712,sentence::TDDC_p9_chunk_12::s1,robotcar,,"ages 304–321, 2022. [Maddern et al., 2017] Will Maddern, Geoffrey Pascoe, Chris Linegar, and Paul Newman. 1 year, 1000 km: The oxford robotcar dataset. The International Journal of Robotics Research, 36(1):3–15, 2017. [Menze and Geiger, 2015] Moritz Menze"
always_clear_depth_eval_datasets,content-only,evaluated datasets experiments benchmarks nuScenes RobotCar adverse weather test set,sentence-to-chunk,1000,17,False,,0.8724360287189483,data\s.pdf,9,s_p9_chunk_25,109,1,1,0.7931236624717712,0.7931236624717712,sentence::s_p9_chunk_25::s2,robotcar,,"46, 2021. 1, 2, 6, 7 [19] W. Maddern, G. Pascoe, C. Linegar, and P. Newman. 1 year, 1000 km: The oxford robotcar dataset. International Journal of Robotics Research, page 0278364916679498, 2016. 2, 3, 6, 7 [20] Rui Peng, Ronggang Wang, Yawen Lai, Luyang Ta"
always_clear_depth_eval_datasets,content-only,evaluated datasets experiments benchmarks nuScenes RobotCar adverse weather test set,sentence-to-chunk,1000,18,False,,0.8724360287189483,data\Robust Monocular Depth Estimation under Challenging Conditions.pdf,9,Robust_Monocular_Depth_Estimation_under_Challenging_Conditions_p9_chunk_32,90,1,1,0.7931236624717712,0.7931236624717712,sentence::Robust_Monocular_Depth_Estimation_under_Challenging_Conditions_p9_chunk_32::s2,robotcar,,"nal Conference on Com- puter Vision, pages 12737–12746, 2021. 2, 3, 4, 6, 7 [23] Will Maddern, Geoffrey Pascoe, Chris Linegar, and Paul Newman. 1 year, 1000 km: The Oxford RobotCar dataset. The International Journal of Robotics Research, 36(1):3–15, 2017."
always_clear_depth_eval_datasets,content-only,evaluated datasets experiments benchmarks nuScenes RobotCar adverse weather test set,sentence-to-chunk,1000,19,False,,0.865954852104187,data\LED.pdf,12,LED_p12_chunk_11,86,1,1,0.7872316837310791,0.7872316837310791,sentence::LED_p12_chunk_11::s3,robotcar,,"Ilya Loshchilov and Frank Hutter. Decoupled weight decay regularization. InICLR, 2018. [30] Will Maddern, Geoff Pascoe, Chris Linegar, and Paul Newman. 1 Year, 1000km: The Oxford RobotCar Dataset.IJRR, 2017. [31] Christoph Mertz, Sanjeev J. Koppal, Solomon"
always_clear_depth_eval_datasets,content-only,evaluated datasets experiments benchmarks nuScenes RobotCar adverse weather test set,sentence-to-chunk,1000,20,False,,0.8644983887672424,data\DepthDark.pdf,6,DepthDark_p6_chunk_20,60,1,1,0.7859076261520386,0.7859076261520386,sentence::DepthDark_p6_chunk_20::s1,"nuscenes,robotcar",,"ale low-light depth-aligned dataset for training our proposed DepthDark model. 4.2.2 Evaluation Protocol. To evaluate our method, we selected two challenging benchmark datasets: nuScenes-Night and RobotCar- Night, which are, to the best of our knowledge, t"
always_clear_depth_eval_datasets,content-only,evaluated datasets experiments benchmarks nuScenes RobotCar adverse weather test set,sentence-to-chunk,1000,21,False,,0.8635149121284484,data\DepthDark.pdf,6,DepthDark_p6_chunk_21,61,1,1,0.7850135564804077,0.7850135564804077,sentence::DepthDark_p6_chunk_21::s1,"nuscenes,robotcar",,": nuScenes-Night and RobotCar- Night, which are, to the best of our knowledge, the most widely used benchmarks for low-light monocular depth estimation tasks. The evaluation settings for nuScenes-Night follow RNW [36], while those for RobotCar-Night follow"
always_clear_depth_eval_datasets,content-only,evaluated datasets experiments benchmarks nuScenes RobotCar adverse weather test set,sentence-to-chunk,1000,22,False,,0.859161913394928,data\Robust Monocular Depth Estimation under Challenging Conditions.pdf,7,Robust_Monocular_Depth_Estimation_under_Challenging_Conditions_p7_chunk_29,89,1,1,0.78105628490448,0.78105628490448,sentence::Robust_Monocular_Depth_Estimation_under_Challenging_Conditions_p7_chunk_29::s3,robotcar,,[ours] w/ ForkGAN [45] 0.1174 0.1128 0.1219 [ours] w/ degraded ForkGAN 0.1213 0.1159 0.1266 Table 3. Robustness of md4all-DD against translations from dif- ferent GANs. Evaluation of absRel on the RobotCar [23] test set. 8183
always_clear_depth_eval_datasets,content-only,evaluated datasets experiments benchmarks nuScenes RobotCar adverse weather test set,sentence-to-chunk,1000,23,False,,0.857409554719925,data\Robust Monocular Depth Estimation under Challenging Conditions.pdf,7,Robust_Monocular_Depth_Estimation_under_Challenging_Conditions_p7_chunk_3,116,1,1,0.7794632315635681,0.7794632315635681,sentence::Robust_Monocular_Depth_Estimation_under_Challenging_Conditions_p7_chunk_3::s4,robotcar,,eline [ours] Mv d ........0.1209 ......0.723 .......3.335 86.61 0.3909 3.547 8.227 22.51 [ours] md4all-DD [ours] Mv dT(n) 0.1128 0.648 3.206 87.13 0.1219 0.784 3.604 84.86 Table 2. Evaluation of self-supervised works on the RobotCar [23] test set. Trailing
always_clear_depth_eval_datasets,content-only,evaluated datasets experiments benchmarks nuScenes RobotCar adverse weather test set,sentence-to-chunk,1000,24,True,16,0.8565018057823182,data\Robust Monocular Depth Estimation under Challenging Conditions.pdf,1,Robust_Monocular_Depth_Estimation_under_Challenging_Conditions_p1_chunk_7,53,1,1,0.7786380052566528,0.7786380052566528,sentence::Robust_Monocular_Depth_Estimation_under_Challenging_Conditions_p1_chunk_7::s0,"nuscenes,robotcar",,"inference time. Extensive experiments on two challenging public datasets, namely nuScenes and Oxford RobotCar, demonstrate the effectiveness of our techniques, outperforming prior works by a large margin in both stan- dard and challenging conditions. Sour"
always_clear_depth_eval_datasets,content-only,evaluated datasets experiments benchmarks nuScenes RobotCar adverse weather test set,sentence-to-chunk,1000,25,False,,0.8557744264602661,data\Robust Monocular Depth Estimation under Challenging Conditions.pdf,2,Robust_Monocular_Depth_Estimation_under_Challenging_Conditions_p2_chunk_20,58,1,1,0.7779767513275146,0.7779767513275146,sentence::Robust_Monocular_Depth_Estimation_under_Challenging_Conditions_p2_chunk_20::s0,"nuscenes,robotcar",,"are open-source images in adverse conditions corresponding to the sunny and cloudy sam- ples of nuScenes [3] and Oxford Robotcar [23]. With md4all, we substantially outperform prior solutions delivering robust estimates in a variety of conditions. 2. Relat"
always_clear_depth_eval_datasets,content-only,evaluated datasets experiments benchmarks nuScenes RobotCar adverse weather test set,sentence-to-chunk,1000,26,False,,0.8534034609794616,data\ACD.pdf,7,ACD_p7_chunk_5,110,1,1,0.775821328163147,0.775821328163147,sentence::ACD_p7_chunk_5::s2,robotcar,,"3.661 83.68 ACDepth (Ours) Mv dT(n) 0.1107 0.591 3.084 88.03 0.1206 0.690 3.432 84.47 Table 2: Evaluation of self-supervised works on the RobotCar [Maddern et al., 2017] test set. Trailing 0 added to the values from [V ankadari et al., 2023 ] and [Tosi et"
always_clear_depth_eval_datasets,content-only,evaluated datasets experiments benchmarks nuScenes RobotCar adverse weather test set,sentence-to-chunk,1000,27,False,,0.8528077363967895,data\Robust Monocular Depth Estimation under Challenging Conditions.pdf,7,Robust_Monocular_Depth_Estimation_under_Challenging_Conditions_p7_chunk_4,68,1,1,0.7752797603607178,0.7752797603607178,sentence::Robust_Monocular_Depth_Estimation_under_Challenging_Conditions_p7_chunk_4::s0,robotcar,,"e 2. Evaluation of self-supervised works on the RobotCar [23] test set. Trailing 0 added to the values from [37]. Notation from Table 1. Night – RobotCar In Table 2, we report results for RobotCar [23]. Here we compare with various approaches that also tar"
always_clear_depth_eval_datasets,content-only,evaluated datasets experiments benchmarks nuScenes RobotCar adverse weather test set,sentence-to-chunk,1000,28,False,,0.8518823504447937,data\TDDC.pdf,7,TDDC_p7_chunk_6,60,1,1,0.7744385004043579,0.7744385004043579,sentence::TDDC_p7_chunk_6::s1,"nuscenes,robotcar",,"nighttime dataset is used as the target dataset during our training. In our supplementary material, we provide additional tests on nuScenes-Day and Robotcar-Day, give a complete qual- itative comparison on nuScenes-Night/nuScenes-Day and RobotCar-Night/Ro"
always_clear_depth_eval_datasets,content-only,evaluated datasets experiments benchmarks nuScenes RobotCar adverse weather test set,sentence-to-chunk,1000,29,False,,0.8516802787780762,data\Jasmine.pdf,9,Jasmine_p9_chunk_1,54,1,1,0.7742547988891602,0.7742547988891602,sentence::Jasmine_p9_chunk_1::s0,,,"eather-enhanced datasetslike WeatherKITTI[ 48]. As illustrated in Fig. 1, Jasmine successfully identifies water surface reflections while producing refined depth estimates. The fine-grain estimation details are further demonstrated in Fig. 5, pedestrian ch"
always_clear_depth_eval_datasets,content-only,evaluated datasets experiments benchmarks nuScenes RobotCar adverse weather test set,sentence-to-chunk,1000,30,False,,0.8512820363044739,data\TDDC.pdf,15,TDDC_p15_chunk_11,124,1,1,0.7738927602767944,0.7738927602767944,sentence::TDDC_p15_chunk_11::s3,"nuscenes,robotcar",,"56 40 0.102 0.500 3.364 0.147 0.905 0.977 0.992 Ours K 768 × 256 40 0.109 0.477 3.261 0.151 0.891 0.978 0.993 Table E.1: Effective test on nuScenes-Day [Wang et al., 2021; Caesar et al., 2020] and Robotcar-Day [Liu et al., 2021; Maddern et al., 2017]. All"
always_clear_depth_eval_datasets,content-only,evaluated datasets experiments benchmarks nuScenes RobotCar adverse weather test set,sentence-to-chunk,1000,31,False,,0.8501705765724182,data\s.pdf,6,s_p6_chunk_14,74,1,1,0.772882342338562,0.772882342338562,sentence::s_p6_chunk_14::s0,,,"car dataset [19] in different conditions (daytime and nighttime). Source indicates where the metrics are cited, and [self] refers to our own implementations. Method Test DrivingStereo-rain frames AbsRel↓ SqRel↓ RMSE↓ δ1 ↑ robust-depth [22] 1 0.2622 4.309 1"
always_clear_depth_eval_datasets,content-only,evaluated datasets experiments benchmarks nuScenes RobotCar adverse weather test set,sentence-to-chunk,1000,32,False,,0.8494273960590363,data\Jasmine.pdf,7,Jasmine_p7_chunk_11,58,1,1,0.772206723690033,0.772206723690033,sentence::Jasmine_p7_chunk_11::s2,,,"es from its official training split for mix-batch image reconstruction. Each iteration uses random crops from the original 1024×768 to 1024×320 resolution. Zero-shot Evaluation Datasets DrivingStereo[58]: Contains 500 images per weather condition (fog, clo"
always_clear_depth_eval_datasets,content-only,evaluated datasets experiments benchmarks nuScenes RobotCar adverse weather test set,sentence-to-chunk,1000,33,False,,0.8478264927864074,data\Robust Monocular Depth Estimation under Challenging Conditions.pdf,6,Robust_Monocular_Depth_Estimation_under_Challenging_Conditions_p6_chunk_12,69,1,1,0.7707513570785522,0.7707513570785522,sentence::Robust_Monocular_Depth_Estimation_under_Challenging_Conditions_p6_chunk_12::s0,"nuscenes,robotcar",,"rom the DENSE dataset [2]. We report on the standard metrics and errors up to 50m for RobotCar as in [37], and 80m for nuScenes as in [8]. More results can be found in the Appendix. Implementation details Our self-supervised models use a ResNet-18 backbone"
always_clear_depth_eval_datasets,content-only,evaluated datasets experiments benchmarks nuScenes RobotCar adverse weather test set,sentence-to-chunk,1000,34,False,,0.8477724671363831,data\ACD.pdf,5,ACD_p5_chunk_14,54,1,1,0.7707022428512573,0.7707022428512573,sentence::ACD_p5_chunk_14::s1,nuscenes,,"al., 2017] datasets are used for training and comparison. NuScenes is a comprehensive dataset featuring diverse outdoor scenes, speciﬁcally tailored for autonomous driving research, where the multi-frame se- quence is supplemented with detailed radar annot"
always_clear_depth_eval_datasets,content-only,evaluated datasets experiments benchmarks nuScenes RobotCar adverse weather test set,sentence-to-chunk,1000,35,False,,0.8446075081825256,data\DepthDark.pdf,7,DepthDark_p7_chunk_6,60,1,1,0.7678250074386597,0.7678250074386597,sentence::DepthDark_p7_chunk_6::s0,"nuscenes,robotcar",,"-of-the-art performance on the nuScenes-Night dataset (with only the 𝛿1 metric ranking second) and attained comprehen- sive leading results across all metrics on RobotCar-Night. This remarkable advantage stems from our innovative fine-tuning strat- egy, wh"
always_clear_depth_eval_datasets,content-only,evaluated datasets experiments benchmarks nuScenes RobotCar adverse weather test set,sentence-to-chunk,1000,36,False,,0.842411994934082,data\Robust Monocular Depth Estimation under Challenging Conditions.pdf,9,Robust_Monocular_Depth_Estimation_under_Challenging_Conditions_p9_chunk_4,90,1,1,0.7658290863037109,0.7658290863037109,sentence::Robust_Monocular_Depth_Estimation_under_Challenging_Conditions_p9_chunk_4::s0,nuscenes,,"dan, and Oscar Beijbom. nuScenes: A multi- modal dataset for autonomous driving. In Proceedings of the IEEE/CVF Conference on Computer Vision and Pattern Recognition, pages 11621–11631, 2020. 1, 2, 4, 5, 6, 7, 8 [4] Carlos A Diaz-Ruiz, Youya Xia, Yurong Yo"
always_clear_depth_eval_datasets,content-only,evaluated datasets experiments benchmarks nuScenes RobotCar adverse weather test set,sentence-to-chunk,1000,37,False,,0.8419104218482971,data\ACD.pdf,5,ACD_p5_chunk_13,73,1,1,0.7653731107711792,0.7653731107711792,sentence::ACD_p5_chunk_13::s1,"nuscenes,robotcar",,"g a seamless transition from clear to complex environments. 4 Experiments 4.1 Datasets In this study, the commonly used nuScenes [Caesar et al., 2020] and RobotCar [Maddern et al., 2017] datasets are used for training and comparison. NuScenes is a comprehe"
always_clear_depth_eval_datasets,content-only,evaluated datasets experiments benchmarks nuScenes RobotCar adverse weather test set,sentence-to-chunk,1000,38,False,,0.8394039332866668,data\Robust Monocular Depth Estimation under Challenging Conditions.pdf,9,Robust_Monocular_Depth_Estimation_under_Challenging_Conditions_p9_chunk_3,88,1,1,0.7630944848060608,0.7630944848060608,sentence::Robust_Monocular_Depth_Estimation_under_Challenging_Conditions_p9_chunk_3::s2,nuscenes,,"rn Recognition, pages 11682–11692, 2020. 6, 7 [3] Holger Caesar, Varun Bankiti, Alex H Lang, Sourabh V ora, Venice Erin Liong, Qiang Xu, Anush Krishnan, Yu Pan, Gi- ancarlo Baldan, and Oscar Beijbom. nuScenes: A multi- modal dataset for autonomous driving."
always_clear_depth_eval_datasets,content-only,evaluated datasets experiments benchmarks nuScenes RobotCar adverse weather test set,sentence-to-chunk,1000,39,False,,0.8392301201820374,data\ACD.pdf,5,ACD_p5_chunk_24,57,1,1,0.7629364728927612,0.7629364728927612,sentence::ACD_p5_chunk_24::s2,"nuscenes,robotcar",,"for ordinal guidance distillation. Fur- ther details on the model training procedure and dataset trans- lation process are provided in the appendix. 4.3 Comparison with SoTAs In this section, we evaluate our model on the nuScenes and RobotCar datasets. Qua"
always_clear_depth_eval_datasets,content-only,evaluated datasets experiments benchmarks nuScenes RobotCar adverse weather test set,sentence-to-chunk,1000,40,False,,0.8390079855918884,data\ACD.pdf,8,ACD_p8_chunk_6,89,1,1,0.7627345323562622,0.7627345323562622,sentence::ACD_p8_chunk_6::s1,nuscenes,,"019. [Caesar et al., 2020 ] Holger Caesar, V arun Bankiti, Alex H Lang, Sourabh V ora, V enice Erin Liong, Qiang Xu, Anush Krishnan, Y u Pan, Giancarlo Baldan, and Oscar Beijbom. nuscenes: A multimodal dataset for autonomous driving. In CVPR, pages 11621–1"
always_clear_depth_eval_datasets,content-only,evaluated datasets experiments benchmarks nuScenes RobotCar adverse weather test set,sentence-to-chunk,1000,41,False,,0.8389957904815674,data\TDDC.pdf,14,TDDC_p14_chunk_12,68,1,1,0.762723445892334,0.762723445892334,sentence::TDDC_p14_chunk_12::s2,"nuscenes,robotcar",,"out the imaging of car hoods. We follow the same approach as proposed in these papers. For nuScenes, the im- ages are first center-cropped from 1600 ×900 to 1536 ×768 before testing or the training of DA or DT types methods. As to the Oxford RobotCar datas"
always_clear_depth_eval_datasets,content-only,evaluated datasets experiments benchmarks nuScenes RobotCar adverse weather test set,sentence-to-chunk,1000,42,False,,0.8354956626892089,data\TDDC.pdf,7,TDDC_p7_chunk_7,63,1,1,0.7595415115356445,0.7595415115356445,sentence::TDDC_p7_chunk_7::s0,"nuscenes,robotcar",,"te qual- itative comparison on nuScenes-Night/nuScenes-Day and RobotCar-Night/RobotCar-Day, and offer additional visual results on other nighttime datasets to further prove the effec- tiveness of our method. 4.3 Ablation Test on Pre-processing Contribution"
always_clear_depth_eval_datasets,content-only,evaluated datasets experiments benchmarks nuScenes RobotCar adverse weather test set,sentence-to-chunk,1000,43,False,,0.8343161463737487,data\TDDC.pdf,14,TDDC_p14_chunk_18,80,1,1,0.7584692239761353,0.7584692239761353,sentence::TDDC_p14_chunk_18::s1,"nuscenes,robotcar",,"pared to ABS rel. E Additional results E.1 Evaluation on nuScenes-Day and RobotCar-Day Both ADDS [Liu et al. , 2021 ] and WSGD [Vankadari et al., 2023 ] are proposed to be all-day monocular depth es- timation frameworks (tested on day and night). To com- p"
always_clear_depth_eval_datasets,content-only,evaluated datasets experiments benchmarks nuScenes RobotCar adverse weather test set,sentence-to-chunk,1000,44,False,,0.8334400653839111,data\dav2.pdf,22,dav2_p22_chunk_6,61,1,1,0.7576727867126465,0.7576727867126465,sentence::dav2_p22_chunk_6::s3,,,alitative results on test benchmarks Please refer to Figure 18. Our model is consistently better than V1 [89] on standard benchmarks. C DA-2K Evaluation Benchmark C.1 Per-scenario accuracy We report the per-scenario accuracy on our DA-2K evaluation benchma
always_clear_depth_eval_datasets,content-only,evaluated datasets experiments benchmarks nuScenes RobotCar adverse weather test set,sentence-to-chunk,1000,45,False,,0.8331254839897155,data\Robust Monocular Depth Estimation under Challenging Conditions.pdf,10,Robust_Monocular_Depth_Estimation_under_Challenging_Conditions_p10_chunk_7,64,1,1,0.7573868036270142,0.7573868036270142,sentence::Robust_Monocular_Depth_Estimation_under_Challenging_Conditions_p10_chunk_7::s2,,,"SIGGRAPH Conference , pages 1–10, 2022. 6 [29] Christos Sakaridis, Dengxin Dai, and Luc Van Gool. ACDC: The adverse conditions dataset with correspondences for se- mantic driving scene understanding. In Proceedings of the IEEE/CVF International Conference"
always_clear_depth_eval_datasets,content-only,evaluated datasets experiments benchmarks nuScenes RobotCar adverse weather test set,sentence-to-chunk,1000,46,False,,0.8315419554710388,data\s.pdf,7,s_p7_chunk_11,61,1,1,0.7559472322463989,0.7559472322463989,sentence::s_p7_chunk_11::s1,nuscenes,,"tal Results Our quantitative results across different datasets are shown in Tables 1-3. Tab. 1 presents evaluations on the nuScenes dataset [5] under various conditions (daytime, nighttime, rain) in single-frame (two inputs of the model are the same frame)"
always_clear_depth_eval_datasets,content-only,evaluated datasets experiments benchmarks nuScenes RobotCar adverse weather test set,sentence-to-chunk,1000,47,False,,0.830303692817688,data\ACD.pdf,5,ACD_p5_chunk_25,58,1,1,0.7548215389251709,0.7548215389251709,sentence::ACD_p5_chunk_25::s0,"nuscenes,robotcar",,"n this section, we evaluate our model on the nuScenes and RobotCar datasets. Qualitative and quantitative comparisons are shown below. Comparison on the nuScenes. In Table 1, we compare our method with existing depth estimation models, includ- ing the typi"
always_clear_depth_eval_datasets,content-only,evaluated datasets experiments benchmarks nuScenes RobotCar adverse weather test set,sentence-to-chunk,1000,48,False,,0.8295598566532135,data\s.pdf,6,s_p6_chunk_13,113,1,1,0.7541453242301941,0.7541453242301941,sentence::s_p6_chunk_13::s4,robotcar,,+[8] [self] 1 0.1092 0.759 3.355 88.32 0.1257 0.930 3.904 85.24 Ours-Single [self] 1 0.1063 0.646 3.171 88.29 0.1103 0.693 3.455 86.15 Table 2. Quantitative comparison on Robotcar dataset [19] in different conditions (daytime and nighttime). Source indicat
always_clear_depth_eval_datasets,content-only,evaluated datasets experiments benchmarks nuScenes RobotCar adverse weather test set,sentence-to-chunk,1000,49,False,,0.827942168712616,data\Robust Monocular Depth Estimation under Challenging Conditions.pdf,7,Robust_Monocular_Depth_Estimation_under_Challenging_Conditions_p7_chunk_0,125,1,1,0.7526746988296509,0.7526746988296509,sentence::Robust_Monocular_Depth_Estimation_under_Challenging_Conditions_p7_chunk_0::s0,robotcar,,day – RobotCar night – RobotCar Method source sup. tr.data absRel sqRel RMSE δ1 absRel sqRel RMSE δ1 Monodepth2 [11] [ours] M ∗ d 0.1196 0.670 3.164 ......86.38 0.3029 1.724 5.038 45.88 DeFeatNet [33] [37] M ∗ a: dn 0.2470 2.980 7.884 65.00 0.3340 4.589 8.
always_clear_depth_eval_datasets,content-only,evaluated datasets experiments benchmarks nuScenes RobotCar adverse weather test set,sentence-to-chunk,1000,50,False,,0.8263166785240174,data\s.pdf,10,s_p10_chunk_4,89,1,1,0.7511969804763794,0.7511969804763794,sentence::s_p10_chunk_4::s1,,,"6, 7 [28] Jiyuan Wang, Chunyu Lin, Lang Nie, Shujun Huang, Yao Zhao, Xing Pan, and Rui Ai. Weatherdepth: Curriculum con- trastive learning for self-supervised depth estimation under adverse weather conditions, 2023. 1, 2, 4, 7 [29] Jiyuan Wang, Lang Nie,"
always_clear_depth_eval_datasets,content-only,evaluated datasets experiments benchmarks nuScenes RobotCar adverse weather test set,sentence-to-chunk,1500,1,True,1,0.9315931320190429,data\LED.pdf,11,LED_p11_chunk_5,78,1,1,0.8469028472900391,0.8469028472900391,sentence::LED_p11_chunk_5::s0,,,"er, and Werner Ritter. Benchmarking image sensors under adverse weather conditions for autonomous driving. InIV, 2018. [8] Aleksei Bochkovskii, Amaël Delaunoy, Hugo Germain, Marcel Santos, Yichao Zhou, Stephan R. Richter, and Vladlen Koltun. Depth pro: Sha"
always_clear_depth_eval_datasets,content-only,evaluated datasets experiments benchmarks nuScenes RobotCar adverse weather test set,sentence-to-chunk,1500,2,True,2,0.9125614166259766,data\ACD.pdf,6,ACD_p6_chunk_20,56,1,1,0.8296012878417969,0.8296012878417969,sentence::ACD_p6_chunk_20::s0,"nuscenes,robotcar",,"iments on nuScenes and RobotCar datasets to demonstrate the individ- ual effectiveness of the proposed components. Evaluation on Major Design Components. Our baseline is trained on daytime scenes [Gasperini et al., 2023 ]. Based on this, we introduce the d"
always_clear_depth_eval_datasets,content-only,evaluated datasets experiments benchmarks nuScenes RobotCar adverse weather test set,sentence-to-chunk,1500,3,True,3,0.9096435070037842,data\TDDC.pdf,14,TDDC_p14_chunk_17,60,1,1,0.8269486427307129,0.8269486427307129,sentence::TDDC_p14_chunk_17::s2,nuscenes,,"h of depth, and Nd denotes the total number of pixels with real-depth values. The definitions of Sq rel and RMSE suggest that they are more sensitive to prediction outliers compared to ABS rel. E Additional results E.1 Evaluation on nuScenes-Day and RobotC"
always_clear_depth_eval_datasets,content-only,evaluated datasets experiments benchmarks nuScenes RobotCar adverse weather test set,sentence-to-chunk,1500,4,True,4,0.89590984582901,data\DepthDark.pdf,1,DepthDark_p1_chunk_10,52,1,1,0.8144634962081909,0.8144634962081909,sentence::DepthDark_p1_chunk_10::s0,robotcar,,"RobotCar- Night datasets, validating its effectiveness using limited training data and computing resources. CCS Concepts •Computing methodologies → Computer vision; Image pro- cessing; Virtual reality. ∗Corresponding Author. Permission to make digital or h"
always_clear_depth_eval_datasets,content-only,evaluated datasets experiments benchmarks nuScenes RobotCar adverse weather test set,sentence-to-chunk,1500,5,True,5,0.8925089836120605,data\LED.pdf,11,LED_p11_chunk_4,73,1,1,0.8113718032836914,0.8113718032836914,sentence::LED_p11_chunk_4::s3,,,"NeurIPS, 2019. [6] Mario Bijelic, Tobias Gruber, and Werner Ritter. A benchmark for lidar sensors in fog: Is detection breaking down? InIV, 2018. [7] Mario Bijelic, Tobias Gruber, and Werner Ritter. Benchmarking image sensors under adverse weather conditio"
always_clear_depth_eval_datasets,content-only,evaluated datasets experiments benchmarks nuScenes RobotCar adverse weather test set,sentence-to-chunk,1500,6,True,6,0.8864463090896606,data\ACD.pdf,1,ACD_p1_chunk_5,53,1,1,0.8058602809906006,0.8058602809906006,sentence::ACD_p1_chunk_5::s0,,,"ing samples that simulate adverse weather conditions, constructing a multi-tuple degradation dataset dur- ing training. To ensure the quality of the generated degradation samples, we employ LoRA adapters to ﬁne-tune the generation weights of diffusion mode"
always_clear_depth_eval_datasets,content-only,evaluated datasets experiments benchmarks nuScenes RobotCar adverse weather test set,sentence-to-chunk,1500,7,True,7,0.8859734535217285,data\Robust Monocular Depth Estimation under Challenging Conditions.pdf,9,Robust_Monocular_Depth_Estimation_under_Challenging_Conditions_p9_chunk_6,67,1,1,0.8054304122924805,0.8054304122924805,sentence::Robust_Monocular_Depth_Estimation_under_Challenging_Conditions_p9_chunk_6::s0,,,"al. Ithaca365: Dataset and driving perception under repeated and challenging weather condi- tions. In Proceedings of the IEEE/CVF Conference on Com- puter Vision and Pattern Recognition , pages 21383–21392, 2022. 6 [5] David Eigen, Christian Puhrsch, and R"
always_clear_depth_eval_datasets,content-only,evaluated datasets experiments benchmarks nuScenes RobotCar adverse weather test set,sentence-to-chunk,1500,8,True,8,0.8809924066066742,data\Robust Monocular Depth Estimation under Challenging Conditions.pdf,5,Robust_Monocular_Depth_Estimation_under_Challenging_Conditions_p5_chunk_21,60,1,1,0.8009021878242493,0.8009021878242493,sentence::Robust_Monocular_Depth_Estimation_under_Challenging_Conditions_p5_chunk_21::s0,"nuscenes,robotcar",,and Results 4.1. Experimental Setup Datasets and metrics We used two public driving datasets containing various illumination and weather condi- tions: nuScenes [3] and Oxford RobotCar [23]. nuScenes is a challenging large-scale dataset with 15h of driving
always_clear_depth_eval_datasets,content-only,evaluated datasets experiments benchmarks nuScenes RobotCar adverse weather test set,sentence-to-chunk,1500,9,True,9,0.8804328083992005,data\ACD.pdf,8,ACD_p8_chunk_22,77,1,1,0.8003934621810913,0.8003934621810913,sentence::ACD_p8_chunk_22::s3,robotcar,,". Hr-depth: High resolution self-supervised monocular depth estimation. In AAAI, pages 2294–2301, 2021. [Maddern et al., 2017 ] Will Maddern, Geoffrey Pascoe, Chris Linegar, and Paul Newman. 1 year, 1000 km: The oxford robotcar dataset. The International J"
always_clear_depth_eval_datasets,content-only,evaluated datasets experiments benchmarks nuScenes RobotCar adverse weather test set,sentence-to-chunk,1500,10,True,10,0.878039813041687,data\DepthDark.pdf,8,DepthDark_p8_chunk_29,55,1,1,0.7982180118560791,0.7982180118560791,sentence::DepthDark_p8_chunk_29::s1,"nuscenes,robotcar",,and the classical Low-Rank Adaptation (LoRA) module [16]. Experimental results on both RobotCar-Night and nuScenes-Night datasets demonstrate that LLPEFT achieves perfor- mance comparable to other advanced methods while introducing negligible parameter ov
always_clear_depth_eval_datasets,content-only,evaluated datasets experiments benchmarks nuScenes RobotCar adverse weather test set,sentence-to-chunk,1500,11,True,11,0.8764355659484864,data\DepthDark.pdf,6,DepthDark_p6_chunk_28,57,1,1,0.7967596054077148,0.7967596054077148,sentence::DepthDark_p6_chunk_28::s1,"nuscenes,robotcar",,"further compare our experimental results with state-of-the-art methods, including Depth Anything, Depth Anything V2, and TDDC. Evaluations on both nuScenes-Night and RobotCar-Night datasets demonstrate that our method exhibits superior robustness in low-l"
always_clear_depth_eval_datasets,content-only,evaluated datasets experiments benchmarks nuScenes RobotCar adverse weather test set,sentence-to-chunk,1500,12,True,12,0.8764293134212494,data\Robust Monocular Depth Estimation under Challenging Conditions.pdf,6,Robust_Monocular_Depth_Estimation_under_Challenging_Conditions_p6_chunk_6,86,2,2,0.7318280935287476,1.4460121989250183,sentence::Robust_Monocular_Depth_Estimation_under_Challenging_Conditions_p6_chunk_6::s1|sentence::Robust_Monocular_Depth_Estimation_under_Challenging_Conditions_p6_chunk_6::s2,nuscenes,,"75.33 0.1562 5.903 82.82 Table 1. Evaluation of self- and GT-supervised methods on the nuScenes [3] validation set. Supervisions (sup.): M: via monocular videos, ∗: test-time median-scaling via LiDAR, v: weak velocity, r: weak radar, GT: via LiDAR data. Tr"
always_clear_depth_eval_datasets,content-only,evaluated datasets experiments benchmarks nuScenes RobotCar adverse weather test set,sentence-to-chunk,1500,13,True,13,0.8745569288730621,data\ACD.pdf,3,ACD_p3_chunk_19,57,1,1,0.7950517535209656,0.7950517535209656,sentence::ACD_p3_chunk_19::s0,,,"n dataset under different weather conditions. And then, ACDepth takes the multi-tuple degradation dataset as input, and proposes the multi-granularity knowledge distilla- tion strategy (MKD) to borrow priors from the teacher model to optimize the student n"
always_clear_depth_eval_datasets,content-only,evaluated datasets experiments benchmarks nuScenes RobotCar adverse weather test set,sentence-to-chunk,1500,14,True,14,0.8739482879638671,data\ACD.pdf,2,ACD_p2_chunk_31,39,1,1,0.7944984436035156,0.7944984436035156,sentence::ACD_p2_chunk_31::s0,,,generalization from normal scenarios to real adverse weather. Proceedings of the Thirty-Fourth International Joint Conference on Artiﬁcial Intelligence (IJCAI-25) 1252
always_clear_depth_eval_datasets,content-only,evaluated datasets experiments benchmarks nuScenes RobotCar adverse weather test set,sentence-to-chunk,1500,15,True,15,0.8732247114181518,data\LED.pdf,12,LED_p12_chunk_12,75,1,1,0.7938406467437744,0.7938406467437744,sentence::LED_p12_chunk_12::s0,robotcar,,"rd RobotCar Dataset.IJRR, 2017. [31] Christoph Mertz, Sanjeev J. Koppal, Solomon Sia, and Srinivasa Narasimhan. A low- power structured light sensor for outdoor scene reconstruction and dominant material identification. InCVPR Workshops, 2012. [32] Pushmee"
always_clear_depth_eval_datasets,content-only,evaluated datasets experiments benchmarks nuScenes RobotCar adverse weather test set,sentence-to-chunk,1500,16,True,16,0.8724360287189483,data\TDDC.pdf,9,TDDC_p9_chunk_12,89,1,1,0.7931236624717712,0.7931236624717712,sentence::TDDC_p9_chunk_12::s1,robotcar,,"ages 304–321, 2022. [Maddern et al., 2017] Will Maddern, Geoffrey Pascoe, Chris Linegar, and Paul Newman. 1 year, 1000 km: The oxford robotcar dataset. The International Journal of Robotics Research, 36(1):3–15, 2017. [Menze and Geiger, 2015] Moritz Menze"
always_clear_depth_eval_datasets,content-only,evaluated datasets experiments benchmarks nuScenes RobotCar adverse weather test set,sentence-to-chunk,1500,17,True,17,0.8724360287189483,data\s.pdf,9,s_p9_chunk_25,109,1,1,0.7931236624717712,0.7931236624717712,sentence::s_p9_chunk_25::s2,robotcar,,"46, 2021. 1, 2, 6, 7 [19] W. Maddern, G. Pascoe, C. Linegar, and P. Newman. 1 year, 1000 km: The oxford robotcar dataset. International Journal of Robotics Research, page 0278364916679498, 2016. 2, 3, 6, 7 [20] Rui Peng, Ronggang Wang, Yawen Lai, Luyang Ta"
always_clear_depth_eval_datasets,content-only,evaluated datasets experiments benchmarks nuScenes RobotCar adverse weather test set,sentence-to-chunk,1500,18,True,18,0.8724360287189483,data\Robust Monocular Depth Estimation under Challenging Conditions.pdf,9,Robust_Monocular_Depth_Estimation_under_Challenging_Conditions_p9_chunk_32,90,1,1,0.7931236624717712,0.7931236624717712,sentence::Robust_Monocular_Depth_Estimation_under_Challenging_Conditions_p9_chunk_32::s2,robotcar,,"nal Conference on Com- puter Vision, pages 12737–12746, 2021. 2, 3, 4, 6, 7 [23] Will Maddern, Geoffrey Pascoe, Chris Linegar, and Paul Newman. 1 year, 1000 km: The Oxford RobotCar dataset. The International Journal of Robotics Research, 36(1):3–15, 2017."
always_clear_depth_eval_datasets,content-only,evaluated datasets experiments benchmarks nuScenes RobotCar adverse weather test set,sentence-to-chunk,1500,19,True,19,0.865954852104187,data\LED.pdf,12,LED_p12_chunk_11,86,1,1,0.7872316837310791,0.7872316837310791,sentence::LED_p12_chunk_11::s3,robotcar,,"Ilya Loshchilov and Frank Hutter. Decoupled weight decay regularization. InICLR, 2018. [30] Will Maddern, Geoff Pascoe, Chris Linegar, and Paul Newman. 1 Year, 1000km: The Oxford RobotCar Dataset.IJRR, 2017. [31] Christoph Mertz, Sanjeev J. Koppal, Solomon"
always_clear_depth_eval_datasets,content-only,evaluated datasets experiments benchmarks nuScenes RobotCar adverse weather test set,sentence-to-chunk,1500,20,True,20,0.8644983887672424,data\DepthDark.pdf,6,DepthDark_p6_chunk_20,60,1,1,0.7859076261520386,0.7859076261520386,sentence::DepthDark_p6_chunk_20::s1,"nuscenes,robotcar",,"ale low-light depth-aligned dataset for training our proposed DepthDark model. 4.2.2 Evaluation Protocol. To evaluate our method, we selected two challenging benchmark datasets: nuScenes-Night and RobotCar- Night, which are, to the best of our knowledge, t"
always_clear_depth_eval_datasets,content-only,evaluated datasets experiments benchmarks nuScenes RobotCar adverse weather test set,sentence-to-chunk,1500,21,True,21,0.8635149121284484,data\DepthDark.pdf,6,DepthDark_p6_chunk_21,61,1,1,0.7850135564804077,0.7850135564804077,sentence::DepthDark_p6_chunk_21::s1,"nuscenes,robotcar",,": nuScenes-Night and RobotCar- Night, which are, to the best of our knowledge, the most widely used benchmarks for low-light monocular depth estimation tasks. The evaluation settings for nuScenes-Night follow RNW [36], while those for RobotCar-Night follow"
always_clear_depth_eval_datasets,content-only,evaluated datasets experiments benchmarks nuScenes RobotCar adverse weather test set,sentence-to-chunk,1500,22,False,,0.859161913394928,data\Robust Monocular Depth Estimation under Challenging Conditions.pdf,7,Robust_Monocular_Depth_Estimation_under_Challenging_Conditions_p7_chunk_29,89,1,1,0.78105628490448,0.78105628490448,sentence::Robust_Monocular_Depth_Estimation_under_Challenging_Conditions_p7_chunk_29::s3,robotcar,,[ours] w/ ForkGAN [45] 0.1174 0.1128 0.1219 [ours] w/ degraded ForkGAN 0.1213 0.1159 0.1266 Table 3. Robustness of md4all-DD against translations from dif- ferent GANs. Evaluation of absRel on the RobotCar [23] test set. 8183
always_clear_depth_eval_datasets,content-only,evaluated datasets experiments benchmarks nuScenes RobotCar adverse weather test set,sentence-to-chunk,1500,23,False,,0.857409554719925,data\Robust Monocular Depth Estimation under Challenging Conditions.pdf,7,Robust_Monocular_Depth_Estimation_under_Challenging_Conditions_p7_chunk_3,116,1,1,0.7794632315635681,0.7794632315635681,sentence::Robust_Monocular_Depth_Estimation_under_Challenging_Conditions_p7_chunk_3::s4,robotcar,,eline [ours] Mv d ........0.1209 ......0.723 .......3.335 86.61 0.3909 3.547 8.227 22.51 [ours] md4all-DD [ours] Mv dT(n) 0.1128 0.648 3.206 87.13 0.1219 0.784 3.604 84.86 Table 2. Evaluation of self-supervised works on the RobotCar [23] test set. Trailing
always_clear_depth_eval_datasets,content-only,evaluated datasets experiments benchmarks nuScenes RobotCar adverse weather test set,sentence-to-chunk,1500,24,True,22,0.8565018057823182,data\Robust Monocular Depth Estimation under Challenging Conditions.pdf,1,Robust_Monocular_Depth_Estimation_under_Challenging_Conditions_p1_chunk_7,53,1,1,0.7786380052566528,0.7786380052566528,sentence::Robust_Monocular_Depth_Estimation_under_Challenging_Conditions_p1_chunk_7::s0,"nuscenes,robotcar",,"inference time. Extensive experiments on two challenging public datasets, namely nuScenes and Oxford RobotCar, demonstrate the effectiveness of our techniques, outperforming prior works by a large margin in both stan- dard and challenging conditions. Sour"
always_clear_depth_eval_datasets,content-only,evaluated datasets experiments benchmarks nuScenes RobotCar adverse weather test set,sentence-to-chunk,1500,25,False,,0.8557744264602661,data\Robust Monocular Depth Estimation under Challenging Conditions.pdf,2,Robust_Monocular_Depth_Estimation_under_Challenging_Conditions_p2_chunk_20,58,1,1,0.7779767513275146,0.7779767513275146,sentence::Robust_Monocular_Depth_Estimation_under_Challenging_Conditions_p2_chunk_20::s0,"nuscenes,robotcar",,"are open-source images in adverse conditions corresponding to the sunny and cloudy sam- ples of nuScenes [3] and Oxford Robotcar [23]. With md4all, we substantially outperform prior solutions delivering robust estimates in a variety of conditions. 2. Relat"
always_clear_depth_eval_datasets,content-only,evaluated datasets experiments benchmarks nuScenes RobotCar adverse weather test set,sentence-to-chunk,1500,26,False,,0.8534034609794616,data\ACD.pdf,7,ACD_p7_chunk_5,110,1,1,0.775821328163147,0.775821328163147,sentence::ACD_p7_chunk_5::s2,robotcar,,"3.661 83.68 ACDepth (Ours) Mv dT(n) 0.1107 0.591 3.084 88.03 0.1206 0.690 3.432 84.47 Table 2: Evaluation of self-supervised works on the RobotCar [Maddern et al., 2017] test set. Trailing 0 added to the values from [V ankadari et al., 2023 ] and [Tosi et"
always_clear_depth_eval_datasets,content-only,evaluated datasets experiments benchmarks nuScenes RobotCar adverse weather test set,sentence-to-chunk,1500,27,False,,0.8528077363967895,data\Robust Monocular Depth Estimation under Challenging Conditions.pdf,7,Robust_Monocular_Depth_Estimation_under_Challenging_Conditions_p7_chunk_4,68,1,1,0.7752797603607178,0.7752797603607178,sentence::Robust_Monocular_Depth_Estimation_under_Challenging_Conditions_p7_chunk_4::s0,robotcar,,"e 2. Evaluation of self-supervised works on the RobotCar [23] test set. Trailing 0 added to the values from [37]. Notation from Table 1. Night – RobotCar In Table 2, we report results for RobotCar [23]. Here we compare with various approaches that also tar"
always_clear_depth_eval_datasets,content-only,evaluated datasets experiments benchmarks nuScenes RobotCar adverse weather test set,sentence-to-chunk,1500,28,False,,0.8518823504447937,data\TDDC.pdf,7,TDDC_p7_chunk_6,60,1,1,0.7744385004043579,0.7744385004043579,sentence::TDDC_p7_chunk_6::s1,"nuscenes,robotcar",,"nighttime dataset is used as the target dataset during our training. In our supplementary material, we provide additional tests on nuScenes-Day and Robotcar-Day, give a complete qual- itative comparison on nuScenes-Night/nuScenes-Day and RobotCar-Night/Ro"
always_clear_depth_eval_datasets,content-only,evaluated datasets experiments benchmarks nuScenes RobotCar adverse weather test set,sentence-to-chunk,1500,29,False,,0.8516802787780762,data\Jasmine.pdf,9,Jasmine_p9_chunk_1,54,1,1,0.7742547988891602,0.7742547988891602,sentence::Jasmine_p9_chunk_1::s0,,,"eather-enhanced datasetslike WeatherKITTI[ 48]. As illustrated in Fig. 1, Jasmine successfully identifies water surface reflections while producing refined depth estimates. The fine-grain estimation details are further demonstrated in Fig. 5, pedestrian ch"
always_clear_depth_eval_datasets,content-only,evaluated datasets experiments benchmarks nuScenes RobotCar adverse weather test set,sentence-to-chunk,1500,30,False,,0.8512820363044739,data\TDDC.pdf,15,TDDC_p15_chunk_11,124,1,1,0.7738927602767944,0.7738927602767944,sentence::TDDC_p15_chunk_11::s3,"nuscenes,robotcar",,"56 40 0.102 0.500 3.364 0.147 0.905 0.977 0.992 Ours K 768 × 256 40 0.109 0.477 3.261 0.151 0.891 0.978 0.993 Table E.1: Effective test on nuScenes-Day [Wang et al., 2021; Caesar et al., 2020] and Robotcar-Day [Liu et al., 2021; Maddern et al., 2017]. All"
always_clear_depth_eval_datasets,content-only,evaluated datasets experiments benchmarks nuScenes RobotCar adverse weather test set,sentence-to-chunk,1500,31,False,,0.8501705765724182,data\s.pdf,6,s_p6_chunk_14,74,1,1,0.772882342338562,0.772882342338562,sentence::s_p6_chunk_14::s0,,,"car dataset [19] in different conditions (daytime and nighttime). Source indicates where the metrics are cited, and [self] refers to our own implementations. Method Test DrivingStereo-rain frames AbsRel↓ SqRel↓ RMSE↓ δ1 ↑ robust-depth [22] 1 0.2622 4.309 1"
always_clear_depth_eval_datasets,content-only,evaluated datasets experiments benchmarks nuScenes RobotCar adverse weather test set,sentence-to-chunk,1500,32,False,,0.8494273960590363,data\Jasmine.pdf,7,Jasmine_p7_chunk_11,58,1,1,0.772206723690033,0.772206723690033,sentence::Jasmine_p7_chunk_11::s2,,,"es from its official training split for mix-batch image reconstruction. Each iteration uses random crops from the original 1024×768 to 1024×320 resolution. Zero-shot Evaluation Datasets DrivingStereo[58]: Contains 500 images per weather condition (fog, clo"
always_clear_depth_eval_datasets,content-only,evaluated datasets experiments benchmarks nuScenes RobotCar adverse weather test set,sentence-to-chunk,1500,33,False,,0.8478264927864074,data\Robust Monocular Depth Estimation under Challenging Conditions.pdf,6,Robust_Monocular_Depth_Estimation_under_Challenging_Conditions_p6_chunk_12,69,1,1,0.7707513570785522,0.7707513570785522,sentence::Robust_Monocular_Depth_Estimation_under_Challenging_Conditions_p6_chunk_12::s0,"nuscenes,robotcar",,"rom the DENSE dataset [2]. We report on the standard metrics and errors up to 50m for RobotCar as in [37], and 80m for nuScenes as in [8]. More results can be found in the Appendix. Implementation details Our self-supervised models use a ResNet-18 backbone"
always_clear_depth_eval_datasets,content-only,evaluated datasets experiments benchmarks nuScenes RobotCar adverse weather test set,sentence-to-chunk,1500,34,False,,0.8477724671363831,data\ACD.pdf,5,ACD_p5_chunk_14,54,1,1,0.7707022428512573,0.7707022428512573,sentence::ACD_p5_chunk_14::s1,nuscenes,,"al., 2017] datasets are used for training and comparison. NuScenes is a comprehensive dataset featuring diverse outdoor scenes, speciﬁcally tailored for autonomous driving research, where the multi-frame se- quence is supplemented with detailed radar annot"
always_clear_depth_eval_datasets,content-only,evaluated datasets experiments benchmarks nuScenes RobotCar adverse weather test set,sentence-to-chunk,1500,35,False,,0.8446075081825256,data\DepthDark.pdf,7,DepthDark_p7_chunk_6,60,1,1,0.7678250074386597,0.7678250074386597,sentence::DepthDark_p7_chunk_6::s0,"nuscenes,robotcar",,"-of-the-art performance on the nuScenes-Night dataset (with only the 𝛿1 metric ranking second) and attained comprehen- sive leading results across all metrics on RobotCar-Night. This remarkable advantage stems from our innovative fine-tuning strat- egy, wh"
always_clear_depth_eval_datasets,content-only,evaluated datasets experiments benchmarks nuScenes RobotCar adverse weather test set,sentence-to-chunk,1500,36,False,,0.842411994934082,data\Robust Monocular Depth Estimation under Challenging Conditions.pdf,9,Robust_Monocular_Depth_Estimation_under_Challenging_Conditions_p9_chunk_4,90,1,1,0.7658290863037109,0.7658290863037109,sentence::Robust_Monocular_Depth_Estimation_under_Challenging_Conditions_p9_chunk_4::s0,nuscenes,,"dan, and Oscar Beijbom. nuScenes: A multi- modal dataset for autonomous driving. In Proceedings of the IEEE/CVF Conference on Computer Vision and Pattern Recognition, pages 11621–11631, 2020. 1, 2, 4, 5, 6, 7, 8 [4] Carlos A Diaz-Ruiz, Youya Xia, Yurong Yo"
always_clear_depth_eval_datasets,content-only,evaluated datasets experiments benchmarks nuScenes RobotCar adverse weather test set,sentence-to-chunk,1500,37,False,,0.8419104218482971,data\ACD.pdf,5,ACD_p5_chunk_13,73,1,1,0.7653731107711792,0.7653731107711792,sentence::ACD_p5_chunk_13::s1,"nuscenes,robotcar",,"g a seamless transition from clear to complex environments. 4 Experiments 4.1 Datasets In this study, the commonly used nuScenes [Caesar et al., 2020] and RobotCar [Maddern et al., 2017] datasets are used for training and comparison. NuScenes is a comprehe"
always_clear_depth_eval_datasets,content-only,evaluated datasets experiments benchmarks nuScenes RobotCar adverse weather test set,sentence-to-chunk,1500,38,False,,0.8394039332866668,data\Robust Monocular Depth Estimation under Challenging Conditions.pdf,9,Robust_Monocular_Depth_Estimation_under_Challenging_Conditions_p9_chunk_3,88,1,1,0.7630944848060608,0.7630944848060608,sentence::Robust_Monocular_Depth_Estimation_under_Challenging_Conditions_p9_chunk_3::s2,nuscenes,,"rn Recognition, pages 11682–11692, 2020. 6, 7 [3] Holger Caesar, Varun Bankiti, Alex H Lang, Sourabh V ora, Venice Erin Liong, Qiang Xu, Anush Krishnan, Yu Pan, Gi- ancarlo Baldan, and Oscar Beijbom. nuScenes: A multi- modal dataset for autonomous driving."
always_clear_depth_eval_datasets,content-only,evaluated datasets experiments benchmarks nuScenes RobotCar adverse weather test set,sentence-to-chunk,1500,39,False,,0.8392301201820374,data\ACD.pdf,5,ACD_p5_chunk_24,57,1,1,0.7629364728927612,0.7629364728927612,sentence::ACD_p5_chunk_24::s2,"nuscenes,robotcar",,"for ordinal guidance distillation. Fur- ther details on the model training procedure and dataset trans- lation process are provided in the appendix. 4.3 Comparison with SoTAs In this section, we evaluate our model on the nuScenes and RobotCar datasets. Qua"
always_clear_depth_eval_datasets,content-only,evaluated datasets experiments benchmarks nuScenes RobotCar adverse weather test set,sentence-to-chunk,1500,40,False,,0.8390079855918884,data\ACD.pdf,8,ACD_p8_chunk_6,89,1,1,0.7627345323562622,0.7627345323562622,sentence::ACD_p8_chunk_6::s1,nuscenes,,"019. [Caesar et al., 2020 ] Holger Caesar, V arun Bankiti, Alex H Lang, Sourabh V ora, V enice Erin Liong, Qiang Xu, Anush Krishnan, Y u Pan, Giancarlo Baldan, and Oscar Beijbom. nuscenes: A multimodal dataset for autonomous driving. In CVPR, pages 11621–1"
always_clear_depth_eval_datasets,content-only,evaluated datasets experiments benchmarks nuScenes RobotCar adverse weather test set,sentence-to-chunk,1500,41,False,,0.8389957904815674,data\TDDC.pdf,14,TDDC_p14_chunk_12,68,1,1,0.762723445892334,0.762723445892334,sentence::TDDC_p14_chunk_12::s2,"nuscenes,robotcar",,"out the imaging of car hoods. We follow the same approach as proposed in these papers. For nuScenes, the im- ages are first center-cropped from 1600 ×900 to 1536 ×768 before testing or the training of DA or DT types methods. As to the Oxford RobotCar datas"
always_clear_depth_eval_datasets,content-only,evaluated datasets experiments benchmarks nuScenes RobotCar adverse weather test set,sentence-to-chunk,1500,42,False,,0.8354956626892089,data\TDDC.pdf,7,TDDC_p7_chunk_7,63,1,1,0.7595415115356445,0.7595415115356445,sentence::TDDC_p7_chunk_7::s0,"nuscenes,robotcar",,"te qual- itative comparison on nuScenes-Night/nuScenes-Day and RobotCar-Night/RobotCar-Day, and offer additional visual results on other nighttime datasets to further prove the effec- tiveness of our method. 4.3 Ablation Test on Pre-processing Contribution"
always_clear_depth_eval_datasets,content-only,evaluated datasets experiments benchmarks nuScenes RobotCar adverse weather test set,sentence-to-chunk,1500,43,False,,0.8343161463737487,data\TDDC.pdf,14,TDDC_p14_chunk_18,80,1,1,0.7584692239761353,0.7584692239761353,sentence::TDDC_p14_chunk_18::s1,"nuscenes,robotcar",,"pared to ABS rel. E Additional results E.1 Evaluation on nuScenes-Day and RobotCar-Day Both ADDS [Liu et al. , 2021 ] and WSGD [Vankadari et al., 2023 ] are proposed to be all-day monocular depth es- timation frameworks (tested on day and night). To com- p"
always_clear_depth_eval_datasets,content-only,evaluated datasets experiments benchmarks nuScenes RobotCar adverse weather test set,sentence-to-chunk,1500,44,False,,0.8334400653839111,data\dav2.pdf,22,dav2_p22_chunk_6,61,1,1,0.7576727867126465,0.7576727867126465,sentence::dav2_p22_chunk_6::s3,,,alitative results on test benchmarks Please refer to Figure 18. Our model is consistently better than V1 [89] on standard benchmarks. C DA-2K Evaluation Benchmark C.1 Per-scenario accuracy We report the per-scenario accuracy on our DA-2K evaluation benchma
always_clear_depth_eval_datasets,content-only,evaluated datasets experiments benchmarks nuScenes RobotCar adverse weather test set,sentence-to-chunk,1500,45,False,,0.8331254839897155,data\Robust Monocular Depth Estimation under Challenging Conditions.pdf,10,Robust_Monocular_Depth_Estimation_under_Challenging_Conditions_p10_chunk_7,64,1,1,0.7573868036270142,0.7573868036270142,sentence::Robust_Monocular_Depth_Estimation_under_Challenging_Conditions_p10_chunk_7::s2,,,"SIGGRAPH Conference , pages 1–10, 2022. 6 [29] Christos Sakaridis, Dengxin Dai, and Luc Van Gool. ACDC: The adverse conditions dataset with correspondences for se- mantic driving scene understanding. In Proceedings of the IEEE/CVF International Conference"
always_clear_depth_eval_datasets,content-only,evaluated datasets experiments benchmarks nuScenes RobotCar adverse weather test set,sentence-to-chunk,1500,46,False,,0.8315419554710388,data\s.pdf,7,s_p7_chunk_11,61,1,1,0.7559472322463989,0.7559472322463989,sentence::s_p7_chunk_11::s1,nuscenes,,"tal Results Our quantitative results across different datasets are shown in Tables 1-3. Tab. 1 presents evaluations on the nuScenes dataset [5] under various conditions (daytime, nighttime, rain) in single-frame (two inputs of the model are the same frame)"
always_clear_depth_eval_datasets,content-only,evaluated datasets experiments benchmarks nuScenes RobotCar adverse weather test set,sentence-to-chunk,1500,47,False,,0.830303692817688,data\ACD.pdf,5,ACD_p5_chunk_25,58,1,1,0.7548215389251709,0.7548215389251709,sentence::ACD_p5_chunk_25::s0,"nuscenes,robotcar",,"n this section, we evaluate our model on the nuScenes and RobotCar datasets. Qualitative and quantitative comparisons are shown below. Comparison on the nuScenes. In Table 1, we compare our method with existing depth estimation models, includ- ing the typi"
always_clear_depth_eval_datasets,content-only,evaluated datasets experiments benchmarks nuScenes RobotCar adverse weather test set,sentence-to-chunk,1500,48,False,,0.8295598566532135,data\s.pdf,6,s_p6_chunk_13,113,1,1,0.7541453242301941,0.7541453242301941,sentence::s_p6_chunk_13::s4,robotcar,,+[8] [self] 1 0.1092 0.759 3.355 88.32 0.1257 0.930 3.904 85.24 Ours-Single [self] 1 0.1063 0.646 3.171 88.29 0.1103 0.693 3.455 86.15 Table 2. Quantitative comparison on Robotcar dataset [19] in different conditions (daytime and nighttime). Source indicat
always_clear_depth_eval_datasets,content-only,evaluated datasets experiments benchmarks nuScenes RobotCar adverse weather test set,sentence-to-chunk,1500,49,False,,0.827942168712616,data\Robust Monocular Depth Estimation under Challenging Conditions.pdf,7,Robust_Monocular_Depth_Estimation_under_Challenging_Conditions_p7_chunk_0,125,1,1,0.7526746988296509,0.7526746988296509,sentence::Robust_Monocular_Depth_Estimation_under_Challenging_Conditions_p7_chunk_0::s0,robotcar,,day – RobotCar night – RobotCar Method source sup. tr.data absRel sqRel RMSE δ1 absRel sqRel RMSE δ1 Monodepth2 [11] [ours] M ∗ d 0.1196 0.670 3.164 ......86.38 0.3029 1.724 5.038 45.88 DeFeatNet [33] [37] M ∗ a: dn 0.2470 2.980 7.884 65.00 0.3340 4.589 8.
always_clear_depth_eval_datasets,content-only,evaluated datasets experiments benchmarks nuScenes RobotCar adverse weather test set,sentence-to-chunk,1500,50,False,,0.8263166785240174,data\s.pdf,10,s_p10_chunk_4,89,1,1,0.7511969804763794,0.7511969804763794,sentence::s_p10_chunk_4::s1,,,"6, 7 [28] Jiyuan Wang, Chunyu Lin, Lang Nie, Shujun Huang, Yao Zhao, Xing Pan, and Rui Ai. Weatherdepth: Curriculum con- trastive learning for self-supervised depth estimation under adverse weather conditions, 2023. 1, 2, 4, 7 [29] Jiyuan Wang, Lang Nie,"
always_clear_depth_eval_datasets,content-only,evaluated datasets experiments benchmarks nuScenes RobotCar adverse weather test set,proposition-to-chunk,500,1,True,1,0.9318073034286499,data\DepthDark.pdf,6,DepthDark_p6_chunk_21,61,2,2,0.7794355154037476,1.5237178802490234,proposition::DepthDark_p6_chunk_21::p2|proposition::DepthDark_p6_chunk_21::p1,"nuscenes,robotcar",,": nuScenes-Night and RobotCar- Night, which are, to the best of our knowledge, the most widely used benchmarks for low-light monocular depth estimation tasks. The evaluation settings for nuScenes-Night follow RNW [36], while those for RobotCar-Night follow"
always_clear_depth_eval_datasets,content-only,evaluated datasets experiments benchmarks nuScenes RobotCar adverse weather test set,proposition-to-chunk,500,2,True,2,0.8657118916511536,data\DepthDark.pdf,8,DepthDark_p8_chunk_24,52,2,2,0.7219113111495972,1.438005805015564,proposition::DepthDark_p8_chunk_24::p2|proposition::DepthDark_p8_chunk_24::p0,robotcar,,"uScenes-Night and RobotCar-Night datasets, with particularly notable improvements on RobotCar-Night. Specifically, the large-scale paired low-light dataset generated by LLDG addresses the challenge of collecting training data for low-light foundation model"
always_clear_depth_eval_datasets,content-only,evaluated datasets experiments benchmarks nuScenes RobotCar adverse weather test set,proposition-to-chunk,500,3,True,3,0.8620769381523132,data\DepthDark.pdf,6,DepthDark_p6_chunk_28,57,1,1,0.7837063074111938,0.7837063074111938,proposition::DepthDark_p6_chunk_28::p4,"nuscenes,robotcar",,"further compare our experimental results with state-of-the-art methods, including Depth Anything, Depth Anything V2, and TDDC. Evaluations on both nuScenes-Night and RobotCar-Night datasets demonstrate that our method exhibits superior robustness in low-l"
always_clear_depth_eval_datasets,content-only,evaluated datasets experiments benchmarks nuScenes RobotCar adverse weather test set,proposition-to-chunk,500,4,True,4,0.8578871309757232,data\ACD.pdf,5,ACD_p5_chunk_25,58,1,1,0.7798973917961121,0.7798973917961121,proposition::ACD_p5_chunk_25::p0,"nuscenes,robotcar",,"n this section, we evaluate our model on the nuScenes and RobotCar datasets. Qualitative and quantitative comparisons are shown below. Comparison on the nuScenes. In Table 1, we compare our method with existing depth estimation models, includ- ing the typi"
always_clear_depth_eval_datasets,content-only,evaluated datasets experiments benchmarks nuScenes RobotCar adverse weather test set,proposition-to-chunk,500,5,True,5,0.8578871309757232,data\ACD.pdf,5,ACD_p5_chunk_24,57,1,1,0.7798973917961121,0.7798973917961121,proposition::ACD_p5_chunk_24::p3,"nuscenes,robotcar",,"for ordinal guidance distillation. Fur- ther details on the model training procedure and dataset trans- lation process are provided in the appendix. 4.3 Comparison with SoTAs In this section, we evaluate our model on the nuScenes and RobotCar datasets. Qua"
always_clear_depth_eval_datasets,content-only,evaluated datasets experiments benchmarks nuScenes RobotCar adverse weather test set,proposition-to-chunk,500,6,True,6,0.8563794970512391,data\DepthDark.pdf,8,DepthDark_p8_chunk_35,61,2,2,0.7142556309700012,1.421238660812378,proposition::DepthDark_p8_chunk_35::p3|proposition::DepthDark_p8_chunk_35::p4,"nuscenes,robotcar",,"ion, enhancing the model’s robustness and adaptability in low-light con- ditions. Fine-tuning Depth Anything V2, our method, DepthDark, achieves state-of-the-art performance on the nuScenes-Night and RobotCar-Night datasets, surpassing existing methods in"
always_clear_depth_eval_datasets,content-only,evaluated datasets experiments benchmarks nuScenes RobotCar adverse weather test set,proposition-to-chunk,500,7,True,7,0.855267608165741,data\Robust Monocular Depth Estimation under Challenging Conditions.pdf,9,Robust_Monocular_Depth_Estimation_under_Challenging_Conditions_p9_chunk_4,90,1,1,0.7775160074234009,0.7775160074234009,proposition::Robust_Monocular_Depth_Estimation_under_Challenging_Conditions_p9_chunk_4::p4,nuscenes,,"dan, and Oscar Beijbom. nuScenes: A multi- modal dataset for autonomous driving. In Proceedings of the IEEE/CVF Conference on Computer Vision and Pattern Recognition, pages 11621–11631, 2020. 1, 2, 4, 5, 6, 7, 8 [4] Carlos A Diaz-Ruiz, Youya Xia, Yurong Yo"
always_clear_depth_eval_datasets,content-only,evaluated datasets experiments benchmarks nuScenes RobotCar adverse weather test set,proposition-to-chunk,500,8,True,8,0.8490122377872467,data\s.pdf,7,s_p7_chunk_18,55,1,1,0.7718293070793152,0.7718293070793152,proposition::s_p7_chunk_18::p1,,,"ates that the performance is not gained from the multi- frame backbone but from our training strategy. We also evaluate different methods on the DrivingStereo dataset [37] (rain, fog) in a zero-shot setting, conducting in single-frame mode due to the lack"
always_clear_depth_eval_datasets,content-only,evaluated datasets experiments benchmarks nuScenes RobotCar adverse weather test set,proposition-to-chunk,500,9,False,,0.8480457425117492,data\DepthDark.pdf,8,DepthDark_p8_chunk_7,70,1,1,0.7709506750106812,0.7709506750106812,proposition::DepthDark_p8_chunk_7::p0,"nuscenes,robotcar",,"pthDark, Figs. 4.1 and 4.2 presents qualitative results on the nuScenes-Night and RobotCar-Night low-light datasets, comparing our method with other monocular depth estimation approaches. As shown in the first row of Figs. 4.1 and 4.2, low-light conditions"
always_clear_depth_eval_datasets,content-only,evaluated datasets experiments benchmarks nuScenes RobotCar adverse weather test set,proposition-to-chunk,500,10,False,,0.8474631309509277,data\Robust Monocular Depth Estimation under Challenging Conditions.pdf,7,Robust_Monocular_Depth_Estimation_under_Challenging_Conditions_p7_chunk_4,68,1,1,0.770421028137207,0.770421028137207,proposition::Robust_Monocular_Depth_Estimation_under_Challenging_Conditions_p7_chunk_4::p0,robotcar,,"e 2. Evaluation of self-supervised works on the RobotCar [23] test set. Trailing 0 added to the values from [37]. Notation from Table 1. Night – RobotCar In Table 2, we report results for RobotCar [23]. Here we compare with various approaches that also tar"
always_clear_depth_eval_datasets,content-only,evaluated datasets experiments benchmarks nuScenes RobotCar adverse weather test set,proposition-to-chunk,500,11,False,,0.8454363822937012,data\Robust Monocular Depth Estimation under Challenging Conditions.pdf,9,Robust_Monocular_Depth_Estimation_under_Challenging_Conditions_p9_chunk_3,88,1,1,0.7685785293579102,0.7685785293579102,proposition::Robust_Monocular_Depth_Estimation_under_Challenging_Conditions_p9_chunk_3::p4,nuscenes,,"rn Recognition, pages 11682–11692, 2020. 6, 7 [3] Holger Caesar, Varun Bankiti, Alex H Lang, Sourabh V ora, Venice Erin Liong, Qiang Xu, Anush Krishnan, Yu Pan, Gi- ancarlo Baldan, and Oscar Beijbom. nuScenes: A multi- modal dataset for autonomous driving."
always_clear_depth_eval_datasets,content-only,evaluated datasets experiments benchmarks nuScenes RobotCar adverse weather test set,proposition-to-chunk,500,12,False,,0.8445285022258758,data\Robust Monocular Depth Estimation under Challenging Conditions.pdf,7,Robust_Monocular_Depth_Estimation_under_Challenging_Conditions_p7_chunk_3,116,1,1,0.7677531838417053,0.7677531838417053,proposition::Robust_Monocular_Depth_Estimation_under_Challenging_Conditions_p7_chunk_3::p4,robotcar,,eline [ours] Mv d ........0.1209 ......0.723 .......3.335 86.61 0.3909 3.547 8.227 22.51 [ours] md4all-DD [ours] Mv dT(n) 0.1128 0.648 3.206 87.13 0.1219 0.784 3.604 84.86 Table 2. Evaluation of self-supervised works on the RobotCar [23] test set. Trailing
always_clear_depth_eval_datasets,content-only,evaluated datasets experiments benchmarks nuScenes RobotCar adverse weather test set,proposition-to-chunk,500,13,False,,0.8372629046440124,data\s.pdf,6,s_p6_chunk_22,58,1,1,0.7611480951309204,0.7611480951309204,proposition::s_p6_chunk_22::p2,"nuscenes,robotcar",,"and more details can be found in the supplementary. 4.2. Datasets Our approach is evaluated on three mainstream public datasets for robust depth estimation, including nuScenes [5] and Robotcar [19] which are used for training and testing, and DrivingStereo"
always_clear_depth_eval_datasets,content-only,evaluated datasets experiments benchmarks nuScenes RobotCar adverse weather test set,proposition-to-chunk,500,14,False,,0.8337088823318481,data\DepthDark.pdf,8,DepthDark_p8_chunk_29,55,1,1,0.7579171657562256,0.7579171657562256,proposition::DepthDark_p8_chunk_29::p1,"nuscenes,robotcar",,and the classical Low-Rank Adaptation (LoRA) module [16]. Experimental results on both RobotCar-Night and nuScenes-Night datasets demonstrate that LLPEFT achieves perfor- mance comparable to other advanced methods while introducing negligible parameter ov
always_clear_depth_eval_datasets,content-only,evaluated datasets experiments benchmarks nuScenes RobotCar adverse weather test set,proposition-to-chunk,500,15,False,,0.8328284740447998,data\TDDC.pdf,8,TDDC_p8_chunk_8,91,1,1,0.7571167945861816,0.7571167945861816,proposition::TDDC_p8_chunk_8::p1,nuscenes,,"kiti, Alex H Lang, Sourabh V ora, Venice Erin Liong, Qiang Xu, Anush Krishnan, Yu Pan, Giancarlo Baldan, and Oscar Beijbom. nuscenes: A multimodal dataset for autonomous driving. In CVPR, pages 11621–11631, 2020. [Chen et al., 2018] Chen Chen, Qifeng Chen,"
always_clear_depth_eval_datasets,content-only,evaluated datasets experiments benchmarks nuScenes RobotCar adverse weather test set,proposition-to-chunk,500,16,False,,0.8328283429145813,data\ACD.pdf,8,ACD_p8_chunk_6,89,1,1,0.7571166753768921,0.7571166753768921,proposition::ACD_p8_chunk_6::p1,nuscenes,,"019. [Caesar et al., 2020 ] Holger Caesar, V arun Bankiti, Alex H Lang, Sourabh V ora, V enice Erin Liong, Qiang Xu, Anush Krishnan, Y u Pan, Giancarlo Baldan, and Oscar Beijbom. nuscenes: A multimodal dataset for autonomous driving. In CVPR, pages 11621–1"
always_clear_depth_eval_datasets,content-only,evaluated datasets experiments benchmarks nuScenes RobotCar adverse weather test set,proposition-to-chunk,500,17,False,,0.8293741106986999,data\DepthDark.pdf,1,DepthDark_p1_chunk_10,52,1,1,0.7539764642715454,0.7539764642715454,proposition::DepthDark_p1_chunk_10::p0,robotcar,,"RobotCar- Night datasets, validating its effectiveness using limited training data and computing resources. CCS Concepts •Computing methodologies → Computer vision; Image pro- cessing; Virtual reality. ∗Corresponding Author. Permission to make digital or h"
always_clear_depth_eval_datasets,content-only,evaluated datasets experiments benchmarks nuScenes RobotCar adverse weather test set,proposition-to-chunk,500,18,False,,0.8283832907676697,data\ACD.pdf,6,ACD_p6_chunk_20,56,1,1,0.7530757188796997,0.7530757188796997,proposition::ACD_p6_chunk_20::p0,"nuscenes,robotcar",,"iments on nuScenes and RobotCar datasets to demonstrate the individ- ual effectiveness of the proposed components. Evaluation on Major Design Components. Our baseline is trained on daytime scenes [Gasperini et al., 2023 ]. Based on this, we introduce the d"
always_clear_depth_eval_datasets,content-only,evaluated datasets experiments benchmarks nuScenes RobotCar adverse weather test set,proposition-to-chunk,500,19,False,,0.8281102120876312,data\ACD.pdf,5,ACD_p5_chunk_6,49,1,1,0.7528274655342102,0.7528274655342102,proposition::ACD_p5_chunk_6::p2,,,"tency Constraint. Since a robust model can provide the precise perception on both the normal and degraded scenarios, we propose the feature consistency con- straint to mitigate the impact of image degradation, thus gen- eralizing to various adverse weather"
always_clear_depth_eval_datasets,content-only,evaluated datasets experiments benchmarks nuScenes RobotCar adverse weather test set,proposition-to-chunk,500,20,False,,0.8271622061729431,data\DepthDark.pdf,8,DepthDark_p8_chunk_36,58,1,1,0.7519656419754028,0.7519656419754028,proposition::DepthDark_p8_chunk_36::p1,"nuscenes,robotcar",,"the nuScenes-Night and RobotCar-Night datasets, surpassing existing methods in qualita- tive results in low-light scenarios. Ultimately, our proposed LLDG and LLPEFT modules provide a novel and viable approach for fine- tuning large-scale foundation model"
always_clear_depth_eval_datasets,content-only,evaluated datasets experiments benchmarks nuScenes RobotCar adverse weather test set,proposition-to-chunk,500,21,False,,0.8236821413040161,data\s.pdf,9,s_p9_chunk_6,99,1,1,0.7488019466400146,0.7488019466400146,proposition::s_p9_chunk_6::p1,nuscenes,,"ang Xu, Anush Krishnan, Yu Pan, Giancarlo Baldan, and Oscar Beijbom. nuscenes: A mul- timodal dataset for autonomous driving. arXiv preprint arXiv:1903.11027, 2019. 2, 3, 6, 7 [6] Ziyue Feng, Liang Yang, Longlong Jing, Haiyan Wang, YingLi Tian, and Bing Li"
always_clear_depth_eval_datasets,content-only,evaluated datasets experiments benchmarks nuScenes RobotCar adverse weather test set,proposition-to-chunk,500,22,False,,0.8234750211238862,data\ACD.pdf,8,ACD_p8_chunk_7,81,1,1,0.7486136555671692,0.7486136555671692,proposition::ACD_p8_chunk_7::p0,nuscenes,,"m. nuscenes: A multimodal dataset for autonomous driving. In CVPR, pages 11621–11631, 2020. [Garg et al., 2016 ] Ravi Garg, Vijay Kumar Bg, Gustavo Carneiro, and Ian Reid. Unsupervised cnn for single view depth estimation: Geometry to the rescue. In ECCV,"
always_clear_depth_eval_datasets,content-only,evaluated datasets experiments benchmarks nuScenes RobotCar adverse weather test set,proposition-to-chunk,500,23,False,,0.8228642165660858,data\Jasmine.pdf,13,Jasmine_p13_chunk_14,68,1,1,0.7480583786964417,0.7480583786964417,proposition::Jasmine_p13_chunk_14::p4,,,", 2017. 21 [48] Jiyuan Wang, Chunyu Lin, Lang Nie, Shujun Huang, Yao Zhao, Xing Pan, and Rui Ai. Weatherdepth: Curriculum contrastive learning for self-supervised depth estimation under adverse weather conditions. In 2024 IEEE International Conference on R"
always_clear_depth_eval_datasets,content-only,evaluated datasets experiments benchmarks nuScenes RobotCar adverse weather test set,proposition-to-chunk,500,24,False,,0.822695255279541,data\s.pdf,7,s_p7_chunk_11,61,1,1,0.7479047775268555,0.7479047775268555,proposition::s_p7_chunk_11::p1,nuscenes,,"tal Results Our quantitative results across different datasets are shown in Tables 1-3. Tab. 1 presents evaluations on the nuScenes dataset [5] under various conditions (daytime, nighttime, rain) in single-frame (two inputs of the model are the same frame)"
always_clear_depth_eval_datasets,content-only,evaluated datasets experiments benchmarks nuScenes RobotCar adverse weather test set,proposition-to-chunk,500,25,False,,0.8225316047668457,data\TDDC.pdf,6,TDDC_p6_chunk_13,74,1,1,0.7477560043334961,0.7477560043334961,proposition::TDDC_p6_chunk_13::p2,"nuscenes,robotcar",,"ht [Liu et al., 2021; Maddern et al., 2017]. All methods use the same DepthNet backbone unless marked. K, N and R indicate KITTI , nuScenes and Oxford Robotcar dataset. d and n are daytime and nighttime training splits proposed by RNW [Wang et al., 2021] o"
always_clear_depth_eval_datasets,content-only,evaluated datasets experiments benchmarks nuScenes RobotCar adverse weather test set,proposition-to-chunk,500,26,False,,0.8202265322208404,data\DepthDark.pdf,8,DepthDark_p8_chunk_5,50,1,1,0.7456604838371277,0.7456604838371277,proposition::DepthDark_p8_chunk_5::p1,"nuscenes,robotcar",,"of our training framework and ensure a fair comparison with domain adaptation methods, we provide quantitative results of various monocular depth estimation methods on the RobotCar-Day and nuScenes-Day datasets, along with their generalized versions in th"
always_clear_depth_eval_datasets,content-only,evaluated datasets experiments benchmarks nuScenes RobotCar adverse weather test set,proposition-to-chunk,500,27,False,,0.8197483003139496,data\TDDC.pdf,15,TDDC_p15_chunk_11,124,1,1,0.745225727558136,0.745225727558136,proposition::TDDC_p15_chunk_11::p0,"nuscenes,robotcar",,"56 40 0.102 0.500 3.364 0.147 0.905 0.977 0.992 Ours K 768 × 256 40 0.109 0.477 3.261 0.151 0.891 0.978 0.993 Table E.1: Effective test on nuScenes-Day [Wang et al., 2021; Caesar et al., 2020] and Robotcar-Day [Liu et al., 2021; Maddern et al., 2017]. All"
always_clear_depth_eval_datasets,content-only,evaluated datasets experiments benchmarks nuScenes RobotCar adverse weather test set,proposition-to-chunk,500,28,False,,0.8170742928981781,data\s.pdf,10,s_p10_chunk_4,89,1,1,0.7427948117256165,0.7427948117256165,proposition::s_p10_chunk_4::p1,,,"6, 7 [28] Jiyuan Wang, Chunyu Lin, Lang Nie, Shujun Huang, Yao Zhao, Xing Pan, and Rui Ai. Weatherdepth: Curriculum con- trastive learning for self-supervised depth estimation under adverse weather conditions, 2023. 1, 2, 4, 7 [29] Jiyuan Wang, Lang Nie,"
always_clear_depth_eval_datasets,content-only,evaluated datasets experiments benchmarks nuScenes RobotCar adverse weather test set,proposition-to-chunk,500,29,False,,0.8163130164146424,data\ACD.pdf,1,ACD_p1_chunk_10,68,1,1,0.7421027421951294,0.7421027421951294,proposition::ACD_p1_chunk_10::p2,nuscenes,,"differential ranking, leading to a more precise depth estimation. Experi- mental results demonstrate that our ACDepth sur- passes md4all-DD by 2.50% for night scene and 2.61% for rainy scene on the nuScenes dataset in terms of the absRel metric. 1 Introduc"
always_clear_depth_eval_datasets,content-only,evaluated datasets experiments benchmarks nuScenes RobotCar adverse weather test set,proposition-to-chunk,500,30,False,,0.8128169536590576,data\ACD.pdf,7,ACD_p7_chunk_5,110,1,1,0.738924503326416,0.738924503326416,proposition::ACD_p7_chunk_5::p0,robotcar,,"3.661 83.68 ACDepth (Ours) Mv dT(n) 0.1107 0.591 3.084 88.03 0.1206 0.690 3.432 84.47 Table 2: Evaluation of self-supervised works on the RobotCar [Maddern et al., 2017] test set. Trailing 0 added to the values from [V ankadari et al., 2023 ] and [Tosi et"
always_clear_depth_eval_datasets,content-only,evaluated datasets experiments benchmarks nuScenes RobotCar adverse weather test set,proposition-to-chunk,500,31,False,,0.8110796749591828,data\ACD.pdf,6,ACD_p6_chunk_19,56,1,1,0.7373451590538025,0.7373451590538025,proposition::ACD_p6_chunk_19::p3,"nuscenes,robotcar",,"d compre- hensive prior constraints, which contribute more to the robust model training and optimization. 4.4 Ablation Study In this section, we conduct detailed ablation experiments on nuScenes and RobotCar datasets to demonstrate the individ- ual effecti"
always_clear_depth_eval_datasets,content-only,evaluated datasets experiments benchmarks nuScenes RobotCar adverse weather test set,proposition-to-chunk,500,32,False,,0.8097443103790283,data\ACD.pdf,3,ACD_p3_chunk_18,55,1,1,0.7361311912536621,0.7361311912536621,proposition::ACD_p3_chunk_18::p1,,,"nd adversarial training are used to guaran- tee the naturalness and consistency of the translated image. In this way, the trained generator can produce a multi-tuple degradation dataset under different weather conditions. And then, ACDepth takes the multi-"
always_clear_depth_eval_datasets,content-only,evaluated datasets experiments benchmarks nuScenes RobotCar adverse weather test set,proposition-to-chunk,500,33,False,,0.8084377944469452,data\Robust Monocular Depth Estimation under Challenging Conditions.pdf,4,Robust_Monocular_Depth_Estimation_under_Challenging_Conditions_p4_chunk_2,73,1,1,0.7349434494972229,0.7349434494972229,proposition::Robust_Monocular_Depth_Estimation_under_Challenging_Conditions_p4_chunk_2::p6,,,og snow one of inference md4all-DD: Day Distillation alternative paths (random) rain md4all md4all B T Figure 3. Our md4all-DD framework. The frozen day - depth model estimates on easy samples and provides guidance to another model fed with a mix of easy a
always_clear_depth_eval_datasets,content-only,evaluated datasets experiments benchmarks nuScenes RobotCar adverse weather test set,proposition-to-chunk,500,34,False,,0.8081628799438476,data\LED.pdf,6,LED_p6_chunk_12,47,1,1,0.7346935272216797,0.7346935272216797,proposition::LED_p6_chunk_12::p0,,,"riments We evaluate our method through extensive experiments on the Nighttime Synthetic Drive Dataset. We validate the contribution of our light pattern in boosting performance, both in- side and outside illuminated area. We apply our method to the encoder"
always_clear_depth_eval_datasets,content-only,evaluated datasets experiments benchmarks nuScenes RobotCar adverse weather test set,proposition-to-chunk,500,35,False,,0.8069297313690186,data\ACD.pdf,9,ACD_p9_chunk_12,80,1,1,0.7335724830627441,0.7335724830627441,proposition::ACD_p9_chunk_12::p1,,,", Y ao Zhao, Xing Pan, and Rui Ai. Weatherdepth: Curriculum contrastive learning for self- supervised depth estimation under adverse weather con- ditions. In ICRA, pages 4976–4982, 2024. [Wang et al., 2024b ] Jiyuan Wang, Chunyu Lin, Lang Nie, Kang Liao, S"
always_clear_depth_eval_datasets,content-only,evaluated datasets experiments benchmarks nuScenes RobotCar adverse weather test set,proposition-to-chunk,500,36,False,,0.8059118986129761,data\ACD.pdf,3,ACD_p3_chunk_7,65,1,1,0.732647180557251,0.732647180557251,proposition::ACD_p3_chunk_7::p2,,,".1 Preliminary MDE aims to estimate the depth map Dt from a single RGB image It. Restricted by high-quality paired samples in real-world scenarios, especially for adverse weather, the self-supervised learning strategy [Zhu et al., 2023; Wang et al., 2024b"
always_clear_depth_eval_datasets,content-only,evaluated datasets experiments benchmarks nuScenes RobotCar adverse weather test set,proposition-to-chunk,500,37,False,,0.8058260083198547,data\s.pdf,6,s_p6_chunk_14,74,1,1,0.7325690984725952,0.7325690984725952,proposition::s_p6_chunk_14::p0,,,"car dataset [19] in different conditions (daytime and nighttime). Source indicates where the metrics are cited, and [self] refers to our own implementations. Method Test DrivingStereo-rain frames AbsRel↓ SqRel↓ RMSE↓ δ1 ↑ robust-depth [22] 1 0.2622 4.309 1"
always_clear_depth_eval_datasets,content-only,evaluated datasets experiments benchmarks nuScenes RobotCar adverse weather test set,proposition-to-chunk,500,38,False,,0.8025309681892395,data\TDDC.pdf,14,TDDC_p14_chunk_19,76,1,1,0.7295736074447632,0.7295736074447632,proposition::TDDC_p14_chunk_19::p5,"nuscenes,robotcar",,"day monocular depth es- timation frameworks (tested on day and night). To com- plete our effective testing part, in Table E.1, we present the qualitative comparison on nuScenes-Day [Wang et al., 2021; Caesar et al. , 2020 ] and RobotCar-Day [Liu et al. , 2"
always_clear_depth_eval_datasets,content-only,evaluated datasets experiments benchmarks nuScenes RobotCar adverse weather test set,proposition-to-chunk,500,39,False,,0.8021067619323731,data\ACD.pdf,6,ACD_p6_chunk_9,84,1,1,0.7291879653930664,0.7291879653930664,proposition::ACD_p6_chunk_9::p0,nuscenes,,"ised methods on nuScenes [Caesar et al., 2020 ] validation set. v1,v2,v3: depth maps from md4all-DD, DPT, Depth Anything in [Tosi et al., 2025 ]. Supervisions (sup.): M: via monocular videos, *: test-time median-scaling via LiDAR, v: weak velocity, s: test"
always_clear_depth_eval_datasets,content-only,evaluated datasets experiments benchmarks nuScenes RobotCar adverse weather test set,proposition-to-chunk,500,40,False,,0.8013483703136444,data\LED.pdf,1,LED_p1_chunk_10,50,1,1,0.7284985184669495,0.7284985184669495,proposition::LED_p1_chunk_10::p4,,,"itate further research, both synthetic dataset and code are publicly available at https://simondemoreau.github.io/LED/. 1 Introduction Adverse conditions, such as harsh weather or nighttime, pose significant challenges to many computer vision applications."
always_clear_depth_eval_datasets,content-only,evaluated datasets experiments benchmarks nuScenes RobotCar adverse weather test set,proposition-to-chunk,500,41,False,,0.7994454741477967,data\s.pdf,7,s_p7_chunk_15,61,1,1,0.7267686128616333,0.7267686128616333,proposition::s_p7_chunk_15::p1,robotcar,,"+[8], and even surpasses radar-based methods [7]. Tab. 2 shows results on the Robotcar dataset [19] across daytime and nighttime domains. Since the test set contains only single-frame sam- ples, we compare our method in the single-frame setting, achieving"
always_clear_depth_eval_datasets,content-only,evaluated datasets experiments benchmarks nuScenes RobotCar adverse weather test set,proposition-to-chunk,500,42,False,,0.7978563070297241,data\LED.pdf,10,LED_p10_chunk_10,51,1,1,0.7253239154815674,0.7253239154815674,proposition::LED_p10_chunk_10::p4,,,"performance. We also release the Nighttime Synthetic Drive Dataset, comprising 49,995 fully annotated im- ages. We hope it will serve as a valuable resource for the research community, supporting exploration of various nighttime perception tasks. Acknowle"
always_clear_depth_eval_datasets,content-only,evaluated datasets experiments benchmarks nuScenes RobotCar adverse weather test set,proposition-to-chunk,500,43,False,,0.7977793991565705,data\SSRDepth.pdf,2,SSRDepth_p2_chunk_18,48,1,1,0.7252539992332458,0.7252539992332458,proposition::SSRDepth_p2_chunk_18::p1,,,"tensive experiments demonstrate that our method achieves com- petitive results on the indoor and outdoor datasets, and shows good generalization capability in zero-shot evaluations on the unseen datasets. 2. Related work Metric depth estimation. Metric"
always_clear_depth_eval_datasets,content-only,evaluated datasets experiments benchmarks nuScenes RobotCar adverse weather test set,proposition-to-chunk,500,44,False,,0.7974091529846191,data\ACD.pdf,6,ACD_p6_chunk_2,77,1,1,0.7249174118041992,0.7249174118041992,proposition::ACD_p6_chunk_2::p0,nuscenes,,"oint cloud is projected onto the original image, and no ground truth (GT) is required during training. day-clear – nuScenes night – nuScenes day-rain – nuScenes Method sup. tr.data absRel RMSE δ1 absRel RMSE δ1 absRel RMSE δ1 Monodepth2 [Godard et al., 201"
always_clear_depth_eval_datasets,content-only,evaluated datasets experiments benchmarks nuScenes RobotCar adverse weather test set,proposition-to-chunk,500,45,False,,0.7934096813201904,data\s.pdf,6,s_p6_chunk_8,72,1,1,0.7212815284729004,0.7212815284729004,proposition::s_p6_chunk_8::p0,robotcar,,- points to the missing value from the reference. The first and second ranked performances are indicated by bold and underline. Method Source Test Robotcar-day Robotcar-night frames AbsRel↓ SqRel↓ RMSE↓ δ1 ↑ AbsRel↓ SqRel↓ RMSE↓ δ1 ↑ Monodepth2 [10] [8] 1
always_clear_depth_eval_datasets,content-only,evaluated datasets experiments benchmarks nuScenes RobotCar adverse weather test set,proposition-to-chunk,500,46,False,,0.7932940900325776,data\MonoDiffusion.pdf,9,MonoDiffusion_p9_chunk_17,58,1,1,0.7211764454841614,0.7211764454841614,proposition::MonoDiffusion_p9_chunk_17::p1,,,"utonomous driving with semantic depth cloud mapping and multi-agent. IEEE Transactions on Intelligent Vehicles, 2022. [4] David Eigen, Christian Puhrsch, and Rob Fergus. Depth map prediction from a single image using a multi-scale deep network. In Advances"
always_clear_depth_eval_datasets,content-only,evaluated datasets experiments benchmarks nuScenes RobotCar adverse weather test set,proposition-to-chunk,500,47,False,,0.7932704210281372,data\ACD.pdf,5,ACD_p5_chunk_13,73,1,1,0.7211549282073975,0.7211549282073975,proposition::ACD_p5_chunk_13::p5,"nuscenes,robotcar",,"g a seamless transition from clear to complex environments. 4 Experiments 4.1 Datasets In this study, the commonly used nuScenes [Caesar et al., 2020] and RobotCar [Maddern et al., 2017] datasets are used for training and comparison. NuScenes is a comprehe"
always_clear_depth_eval_datasets,content-only,evaluated datasets experiments benchmarks nuScenes RobotCar adverse weather test set,proposition-to-chunk,500,48,False,,0.7923235297203064,data\dav2.pdf,18,dav2_p18_chunk_9,48,1,1,0.7202941179275513,0.7202941179275513,proposition::dav2_p18_chunk_9::p3,,,erve as the initialization for diverse downstream semantic-related tasks. B.2 Transferring performance of each labeled dataset We totally use five synthetic datasets to train our teacher model for pseudo labeling. Here we examine their individual effect on
always_clear_depth_eval_datasets,content-only,evaluated datasets experiments benchmarks nuScenes RobotCar adverse weather test set,proposition-to-chunk,500,49,False,,0.7917667508125306,data\Global-Local.pdf,6,Global-Local_p6_chunk_3,165,1,1,0.7197879552841187,0.7197879552841187,proposition::Global-Local_p6_chunk_3::p0,,,ontrast BTS 0.697 0.864 0.932 0.181 0.198 0.689 0.263 Adabins 0.654 0.836 0.917 0.198 0.234 0.752 0.283 Ours 0.860 0.971 0.992 0.117 0.074 0.427 0.152 Snow BTS 0.410 0.649 0.803 0.298 0.423 1.114 0.458 Adabins 0.410 0.656 0.817 0.292 0.410 1.094 0.440 Ours
always_clear_depth_eval_datasets,content-only,evaluated datasets experiments benchmarks nuScenes RobotCar adverse weather test set,proposition-to-chunk,500,50,False,,0.7899465322494507,data\TDDC.pdf,5,TDDC_p5_chunk_20,87,1,1,0.7181332111358643,0.7181332111358643,proposition::TDDC_p5_chunk_20::p4,,,"t gn . (15) Fig. 3.2 visualizes some examples of I LRN t . It I LR t I LRN t Figure 3.2: Paired visual examples. (Best view with zoom.) 4 Experiments 4.1 Dataset We construct the self-supervised training process on the widely used KITTI dataset, and follo"
always_clear_depth_eval_datasets,content-only,evaluated datasets experiments benchmarks nuScenes RobotCar adverse weather test set,proposition-to-chunk,1000,1,True,1,0.9318073034286499,data\DepthDark.pdf,6,DepthDark_p6_chunk_21,61,2,2,0.7794355154037476,1.5237178802490234,proposition::DepthDark_p6_chunk_21::p2|proposition::DepthDark_p6_chunk_21::p1,"nuscenes,robotcar",,": nuScenes-Night and RobotCar- Night, which are, to the best of our knowledge, the most widely used benchmarks for low-light monocular depth estimation tasks. The evaluation settings for nuScenes-Night follow RNW [36], while those for RobotCar-Night follow"
always_clear_depth_eval_datasets,content-only,evaluated datasets experiments benchmarks nuScenes RobotCar adverse weather test set,proposition-to-chunk,1000,2,True,2,0.8657118916511536,data\DepthDark.pdf,8,DepthDark_p8_chunk_24,52,2,2,0.7219113111495972,1.438005805015564,proposition::DepthDark_p8_chunk_24::p2|proposition::DepthDark_p8_chunk_24::p0,robotcar,,"uScenes-Night and RobotCar-Night datasets, with particularly notable improvements on RobotCar-Night. Specifically, the large-scale paired low-light dataset generated by LLDG addresses the challenge of collecting training data for low-light foundation model"
always_clear_depth_eval_datasets,content-only,evaluated datasets experiments benchmarks nuScenes RobotCar adverse weather test set,proposition-to-chunk,1000,3,True,3,0.8620769381523132,data\DepthDark.pdf,6,DepthDark_p6_chunk_28,57,1,1,0.7837063074111938,0.7837063074111938,proposition::DepthDark_p6_chunk_28::p4,"nuscenes,robotcar",,"further compare our experimental results with state-of-the-art methods, including Depth Anything, Depth Anything V2, and TDDC. Evaluations on both nuScenes-Night and RobotCar-Night datasets demonstrate that our method exhibits superior robustness in low-l"
always_clear_depth_eval_datasets,content-only,evaluated datasets experiments benchmarks nuScenes RobotCar adverse weather test set,proposition-to-chunk,1000,4,True,4,0.8578871309757232,data\ACD.pdf,5,ACD_p5_chunk_25,58,1,1,0.7798973917961121,0.7798973917961121,proposition::ACD_p5_chunk_25::p0,"nuscenes,robotcar",,"n this section, we evaluate our model on the nuScenes and RobotCar datasets. Qualitative and quantitative comparisons are shown below. Comparison on the nuScenes. In Table 1, we compare our method with existing depth estimation models, includ- ing the typi"
always_clear_depth_eval_datasets,content-only,evaluated datasets experiments benchmarks nuScenes RobotCar adverse weather test set,proposition-to-chunk,1000,5,True,5,0.8578871309757232,data\ACD.pdf,5,ACD_p5_chunk_24,57,1,1,0.7798973917961121,0.7798973917961121,proposition::ACD_p5_chunk_24::p3,"nuscenes,robotcar",,"for ordinal guidance distillation. Fur- ther details on the model training procedure and dataset trans- lation process are provided in the appendix. 4.3 Comparison with SoTAs In this section, we evaluate our model on the nuScenes and RobotCar datasets. Qua"
always_clear_depth_eval_datasets,content-only,evaluated datasets experiments benchmarks nuScenes RobotCar adverse weather test set,proposition-to-chunk,1000,6,True,6,0.8563794970512391,data\DepthDark.pdf,8,DepthDark_p8_chunk_35,61,2,2,0.7142556309700012,1.421238660812378,proposition::DepthDark_p8_chunk_35::p3|proposition::DepthDark_p8_chunk_35::p4,"nuscenes,robotcar",,"ion, enhancing the model’s robustness and adaptability in low-light con- ditions. Fine-tuning Depth Anything V2, our method, DepthDark, achieves state-of-the-art performance on the nuScenes-Night and RobotCar-Night datasets, surpassing existing methods in"
always_clear_depth_eval_datasets,content-only,evaluated datasets experiments benchmarks nuScenes RobotCar adverse weather test set,proposition-to-chunk,1000,7,True,7,0.855267608165741,data\Robust Monocular Depth Estimation under Challenging Conditions.pdf,9,Robust_Monocular_Depth_Estimation_under_Challenging_Conditions_p9_chunk_4,90,1,1,0.7775160074234009,0.7775160074234009,proposition::Robust_Monocular_Depth_Estimation_under_Challenging_Conditions_p9_chunk_4::p4,nuscenes,,"dan, and Oscar Beijbom. nuScenes: A multi- modal dataset for autonomous driving. In Proceedings of the IEEE/CVF Conference on Computer Vision and Pattern Recognition, pages 11621–11631, 2020. 1, 2, 4, 5, 6, 7, 8 [4] Carlos A Diaz-Ruiz, Youya Xia, Yurong Yo"
always_clear_depth_eval_datasets,content-only,evaluated datasets experiments benchmarks nuScenes RobotCar adverse weather test set,proposition-to-chunk,1000,8,True,8,0.8490122377872467,data\s.pdf,7,s_p7_chunk_18,55,1,1,0.7718293070793152,0.7718293070793152,proposition::s_p7_chunk_18::p1,,,"ates that the performance is not gained from the multi- frame backbone but from our training strategy. We also evaluate different methods on the DrivingStereo dataset [37] (rain, fog) in a zero-shot setting, conducting in single-frame mode due to the lack"
always_clear_depth_eval_datasets,content-only,evaluated datasets experiments benchmarks nuScenes RobotCar adverse weather test set,proposition-to-chunk,1000,9,True,9,0.8480457425117492,data\DepthDark.pdf,8,DepthDark_p8_chunk_7,70,1,1,0.7709506750106812,0.7709506750106812,proposition::DepthDark_p8_chunk_7::p0,"nuscenes,robotcar",,"pthDark, Figs. 4.1 and 4.2 presents qualitative results on the nuScenes-Night and RobotCar-Night low-light datasets, comparing our method with other monocular depth estimation approaches. As shown in the first row of Figs. 4.1 and 4.2, low-light conditions"
always_clear_depth_eval_datasets,content-only,evaluated datasets experiments benchmarks nuScenes RobotCar adverse weather test set,proposition-to-chunk,1000,10,True,10,0.8474631309509277,data\Robust Monocular Depth Estimation under Challenging Conditions.pdf,7,Robust_Monocular_Depth_Estimation_under_Challenging_Conditions_p7_chunk_4,68,1,1,0.770421028137207,0.770421028137207,proposition::Robust_Monocular_Depth_Estimation_under_Challenging_Conditions_p7_chunk_4::p0,robotcar,,"e 2. Evaluation of self-supervised works on the RobotCar [23] test set. Trailing 0 added to the values from [37]. Notation from Table 1. Night – RobotCar In Table 2, we report results for RobotCar [23]. Here we compare with various approaches that also tar"
always_clear_depth_eval_datasets,content-only,evaluated datasets experiments benchmarks nuScenes RobotCar adverse weather test set,proposition-to-chunk,1000,11,True,11,0.8454363822937012,data\Robust Monocular Depth Estimation under Challenging Conditions.pdf,9,Robust_Monocular_Depth_Estimation_under_Challenging_Conditions_p9_chunk_3,88,1,1,0.7685785293579102,0.7685785293579102,proposition::Robust_Monocular_Depth_Estimation_under_Challenging_Conditions_p9_chunk_3::p4,nuscenes,,"rn Recognition, pages 11682–11692, 2020. 6, 7 [3] Holger Caesar, Varun Bankiti, Alex H Lang, Sourabh V ora, Venice Erin Liong, Qiang Xu, Anush Krishnan, Yu Pan, Gi- ancarlo Baldan, and Oscar Beijbom. nuScenes: A multi- modal dataset for autonomous driving."
always_clear_depth_eval_datasets,content-only,evaluated datasets experiments benchmarks nuScenes RobotCar adverse weather test set,proposition-to-chunk,1000,12,True,12,0.8445285022258758,data\Robust Monocular Depth Estimation under Challenging Conditions.pdf,7,Robust_Monocular_Depth_Estimation_under_Challenging_Conditions_p7_chunk_3,116,1,1,0.7677531838417053,0.7677531838417053,proposition::Robust_Monocular_Depth_Estimation_under_Challenging_Conditions_p7_chunk_3::p4,robotcar,,eline [ours] Mv d ........0.1209 ......0.723 .......3.335 86.61 0.3909 3.547 8.227 22.51 [ours] md4all-DD [ours] Mv dT(n) 0.1128 0.648 3.206 87.13 0.1219 0.784 3.604 84.86 Table 2. Evaluation of self-supervised works on the RobotCar [23] test set. Trailing
always_clear_depth_eval_datasets,content-only,evaluated datasets experiments benchmarks nuScenes RobotCar adverse weather test set,proposition-to-chunk,1000,13,True,13,0.8372629046440124,data\s.pdf,6,s_p6_chunk_22,58,1,1,0.7611480951309204,0.7611480951309204,proposition::s_p6_chunk_22::p2,"nuscenes,robotcar",,"and more details can be found in the supplementary. 4.2. Datasets Our approach is evaluated on three mainstream public datasets for robust depth estimation, including nuScenes [5] and Robotcar [19] which are used for training and testing, and DrivingStereo"
always_clear_depth_eval_datasets,content-only,evaluated datasets experiments benchmarks nuScenes RobotCar adverse weather test set,proposition-to-chunk,1000,14,True,14,0.8337088823318481,data\DepthDark.pdf,8,DepthDark_p8_chunk_29,55,1,1,0.7579171657562256,0.7579171657562256,proposition::DepthDark_p8_chunk_29::p1,"nuscenes,robotcar",,and the classical Low-Rank Adaptation (LoRA) module [16]. Experimental results on both RobotCar-Night and nuScenes-Night datasets demonstrate that LLPEFT achieves perfor- mance comparable to other advanced methods while introducing negligible parameter ov
always_clear_depth_eval_datasets,content-only,evaluated datasets experiments benchmarks nuScenes RobotCar adverse weather test set,proposition-to-chunk,1000,15,False,,0.8328284740447998,data\TDDC.pdf,8,TDDC_p8_chunk_8,91,1,1,0.7571167945861816,0.7571167945861816,proposition::TDDC_p8_chunk_8::p1,nuscenes,,"kiti, Alex H Lang, Sourabh V ora, Venice Erin Liong, Qiang Xu, Anush Krishnan, Yu Pan, Giancarlo Baldan, and Oscar Beijbom. nuscenes: A multimodal dataset for autonomous driving. In CVPR, pages 11621–11631, 2020. [Chen et al., 2018] Chen Chen, Qifeng Chen,"
always_clear_depth_eval_datasets,content-only,evaluated datasets experiments benchmarks nuScenes RobotCar adverse weather test set,proposition-to-chunk,1000,16,False,,0.8328283429145813,data\ACD.pdf,8,ACD_p8_chunk_6,89,1,1,0.7571166753768921,0.7571166753768921,proposition::ACD_p8_chunk_6::p1,nuscenes,,"019. [Caesar et al., 2020 ] Holger Caesar, V arun Bankiti, Alex H Lang, Sourabh V ora, V enice Erin Liong, Qiang Xu, Anush Krishnan, Y u Pan, Giancarlo Baldan, and Oscar Beijbom. nuscenes: A multimodal dataset for autonomous driving. In CVPR, pages 11621–1"
always_clear_depth_eval_datasets,content-only,evaluated datasets experiments benchmarks nuScenes RobotCar adverse weather test set,proposition-to-chunk,1000,17,True,15,0.8293741106986999,data\DepthDark.pdf,1,DepthDark_p1_chunk_10,52,1,1,0.7539764642715454,0.7539764642715454,proposition::DepthDark_p1_chunk_10::p0,robotcar,,"RobotCar- Night datasets, validating its effectiveness using limited training data and computing resources. CCS Concepts •Computing methodologies → Computer vision; Image pro- cessing; Virtual reality. ∗Corresponding Author. Permission to make digital or h"
always_clear_depth_eval_datasets,content-only,evaluated datasets experiments benchmarks nuScenes RobotCar adverse weather test set,proposition-to-chunk,1000,18,False,,0.8283832907676697,data\ACD.pdf,6,ACD_p6_chunk_20,56,1,1,0.7530757188796997,0.7530757188796997,proposition::ACD_p6_chunk_20::p0,"nuscenes,robotcar",,"iments on nuScenes and RobotCar datasets to demonstrate the individ- ual effectiveness of the proposed components. Evaluation on Major Design Components. Our baseline is trained on daytime scenes [Gasperini et al., 2023 ]. Based on this, we introduce the d"
always_clear_depth_eval_datasets,content-only,evaluated datasets experiments benchmarks nuScenes RobotCar adverse weather test set,proposition-to-chunk,1000,19,False,,0.8281102120876312,data\ACD.pdf,5,ACD_p5_chunk_6,49,1,1,0.7528274655342102,0.7528274655342102,proposition::ACD_p5_chunk_6::p2,,,"tency Constraint. Since a robust model can provide the precise perception on both the normal and degraded scenarios, we propose the feature consistency con- straint to mitigate the impact of image degradation, thus gen- eralizing to various adverse weather"
always_clear_depth_eval_datasets,content-only,evaluated datasets experiments benchmarks nuScenes RobotCar adverse weather test set,proposition-to-chunk,1000,20,False,,0.8271622061729431,data\DepthDark.pdf,8,DepthDark_p8_chunk_36,58,1,1,0.7519656419754028,0.7519656419754028,proposition::DepthDark_p8_chunk_36::p1,"nuscenes,robotcar",,"the nuScenes-Night and RobotCar-Night datasets, surpassing existing methods in qualita- tive results in low-light scenarios. Ultimately, our proposed LLDG and LLPEFT modules provide a novel and viable approach for fine- tuning large-scale foundation model"
always_clear_depth_eval_datasets,content-only,evaluated datasets experiments benchmarks nuScenes RobotCar adverse weather test set,proposition-to-chunk,1000,21,False,,0.8236821413040161,data\s.pdf,9,s_p9_chunk_6,99,1,1,0.7488019466400146,0.7488019466400146,proposition::s_p9_chunk_6::p1,nuscenes,,"ang Xu, Anush Krishnan, Yu Pan, Giancarlo Baldan, and Oscar Beijbom. nuscenes: A mul- timodal dataset for autonomous driving. arXiv preprint arXiv:1903.11027, 2019. 2, 3, 6, 7 [6] Ziyue Feng, Liang Yang, Longlong Jing, Haiyan Wang, YingLi Tian, and Bing Li"
always_clear_depth_eval_datasets,content-only,evaluated datasets experiments benchmarks nuScenes RobotCar adverse weather test set,proposition-to-chunk,1000,22,False,,0.8234750211238862,data\ACD.pdf,8,ACD_p8_chunk_7,81,1,1,0.7486136555671692,0.7486136555671692,proposition::ACD_p8_chunk_7::p0,nuscenes,,"m. nuscenes: A multimodal dataset for autonomous driving. In CVPR, pages 11621–11631, 2020. [Garg et al., 2016 ] Ravi Garg, Vijay Kumar Bg, Gustavo Carneiro, and Ian Reid. Unsupervised cnn for single view depth estimation: Geometry to the rescue. In ECCV,"
always_clear_depth_eval_datasets,content-only,evaluated datasets experiments benchmarks nuScenes RobotCar adverse weather test set,proposition-to-chunk,1000,23,False,,0.8228642165660858,data\Jasmine.pdf,13,Jasmine_p13_chunk_14,68,1,1,0.7480583786964417,0.7480583786964417,proposition::Jasmine_p13_chunk_14::p4,,,", 2017. 21 [48] Jiyuan Wang, Chunyu Lin, Lang Nie, Shujun Huang, Yao Zhao, Xing Pan, and Rui Ai. Weatherdepth: Curriculum contrastive learning for self-supervised depth estimation under adverse weather conditions. In 2024 IEEE International Conference on R"
always_clear_depth_eval_datasets,content-only,evaluated datasets experiments benchmarks nuScenes RobotCar adverse weather test set,proposition-to-chunk,1000,24,False,,0.822695255279541,data\s.pdf,7,s_p7_chunk_11,61,1,1,0.7479047775268555,0.7479047775268555,proposition::s_p7_chunk_11::p1,nuscenes,,"tal Results Our quantitative results across different datasets are shown in Tables 1-3. Tab. 1 presents evaluations on the nuScenes dataset [5] under various conditions (daytime, nighttime, rain) in single-frame (two inputs of the model are the same frame)"
always_clear_depth_eval_datasets,content-only,evaluated datasets experiments benchmarks nuScenes RobotCar adverse weather test set,proposition-to-chunk,1000,25,False,,0.8225316047668457,data\TDDC.pdf,6,TDDC_p6_chunk_13,74,1,1,0.7477560043334961,0.7477560043334961,proposition::TDDC_p6_chunk_13::p2,"nuscenes,robotcar",,"ht [Liu et al., 2021; Maddern et al., 2017]. All methods use the same DepthNet backbone unless marked. K, N and R indicate KITTI , nuScenes and Oxford Robotcar dataset. d and n are daytime and nighttime training splits proposed by RNW [Wang et al., 2021] o"
always_clear_depth_eval_datasets,content-only,evaluated datasets experiments benchmarks nuScenes RobotCar adverse weather test set,proposition-to-chunk,1000,26,False,,0.8202265322208404,data\DepthDark.pdf,8,DepthDark_p8_chunk_5,50,1,1,0.7456604838371277,0.7456604838371277,proposition::DepthDark_p8_chunk_5::p1,"nuscenes,robotcar",,"of our training framework and ensure a fair comparison with domain adaptation methods, we provide quantitative results of various monocular depth estimation methods on the RobotCar-Day and nuScenes-Day datasets, along with their generalized versions in th"
always_clear_depth_eval_datasets,content-only,evaluated datasets experiments benchmarks nuScenes RobotCar adverse weather test set,proposition-to-chunk,1000,27,False,,0.8197483003139496,data\TDDC.pdf,15,TDDC_p15_chunk_11,124,1,1,0.745225727558136,0.745225727558136,proposition::TDDC_p15_chunk_11::p0,"nuscenes,robotcar",,"56 40 0.102 0.500 3.364 0.147 0.905 0.977 0.992 Ours K 768 × 256 40 0.109 0.477 3.261 0.151 0.891 0.978 0.993 Table E.1: Effective test on nuScenes-Day [Wang et al., 2021; Caesar et al., 2020] and Robotcar-Day [Liu et al., 2021; Maddern et al., 2017]. All"
always_clear_depth_eval_datasets,content-only,evaluated datasets experiments benchmarks nuScenes RobotCar adverse weather test set,proposition-to-chunk,1000,28,False,,0.8170742928981781,data\s.pdf,10,s_p10_chunk_4,89,1,1,0.7427948117256165,0.7427948117256165,proposition::s_p10_chunk_4::p1,,,"6, 7 [28] Jiyuan Wang, Chunyu Lin, Lang Nie, Shujun Huang, Yao Zhao, Xing Pan, and Rui Ai. Weatherdepth: Curriculum con- trastive learning for self-supervised depth estimation under adverse weather conditions, 2023. 1, 2, 4, 7 [29] Jiyuan Wang, Lang Nie,"
always_clear_depth_eval_datasets,content-only,evaluated datasets experiments benchmarks nuScenes RobotCar adverse weather test set,proposition-to-chunk,1000,29,False,,0.8163130164146424,data\ACD.pdf,1,ACD_p1_chunk_10,68,1,1,0.7421027421951294,0.7421027421951294,proposition::ACD_p1_chunk_10::p2,nuscenes,,"differential ranking, leading to a more precise depth estimation. Experi- mental results demonstrate that our ACDepth sur- passes md4all-DD by 2.50% for night scene and 2.61% for rainy scene on the nuScenes dataset in terms of the absRel metric. 1 Introduc"
always_clear_depth_eval_datasets,content-only,evaluated datasets experiments benchmarks nuScenes RobotCar adverse weather test set,proposition-to-chunk,1000,30,False,,0.8128169536590576,data\ACD.pdf,7,ACD_p7_chunk_5,110,1,1,0.738924503326416,0.738924503326416,proposition::ACD_p7_chunk_5::p0,robotcar,,"3.661 83.68 ACDepth (Ours) Mv dT(n) 0.1107 0.591 3.084 88.03 0.1206 0.690 3.432 84.47 Table 2: Evaluation of self-supervised works on the RobotCar [Maddern et al., 2017] test set. Trailing 0 added to the values from [V ankadari et al., 2023 ] and [Tosi et"
always_clear_depth_eval_datasets,content-only,evaluated datasets experiments benchmarks nuScenes RobotCar adverse weather test set,proposition-to-chunk,1000,31,False,,0.8110796749591828,data\ACD.pdf,6,ACD_p6_chunk_19,56,1,1,0.7373451590538025,0.7373451590538025,proposition::ACD_p6_chunk_19::p3,"nuscenes,robotcar",,"d compre- hensive prior constraints, which contribute more to the robust model training and optimization. 4.4 Ablation Study In this section, we conduct detailed ablation experiments on nuScenes and RobotCar datasets to demonstrate the individ- ual effecti"
always_clear_depth_eval_datasets,content-only,evaluated datasets experiments benchmarks nuScenes RobotCar adverse weather test set,proposition-to-chunk,1000,32,False,,0.8097443103790283,data\ACD.pdf,3,ACD_p3_chunk_18,55,1,1,0.7361311912536621,0.7361311912536621,proposition::ACD_p3_chunk_18::p1,,,"nd adversarial training are used to guaran- tee the naturalness and consistency of the translated image. In this way, the trained generator can produce a multi-tuple degradation dataset under different weather conditions. And then, ACDepth takes the multi-"
always_clear_depth_eval_datasets,content-only,evaluated datasets experiments benchmarks nuScenes RobotCar adverse weather test set,proposition-to-chunk,1000,33,False,,0.8084377944469452,data\Robust Monocular Depth Estimation under Challenging Conditions.pdf,4,Robust_Monocular_Depth_Estimation_under_Challenging_Conditions_p4_chunk_2,73,1,1,0.7349434494972229,0.7349434494972229,proposition::Robust_Monocular_Depth_Estimation_under_Challenging_Conditions_p4_chunk_2::p6,,,og snow one of inference md4all-DD: Day Distillation alternative paths (random) rain md4all md4all B T Figure 3. Our md4all-DD framework. The frozen day - depth model estimates on easy samples and provides guidance to another model fed with a mix of easy a
always_clear_depth_eval_datasets,content-only,evaluated datasets experiments benchmarks nuScenes RobotCar adverse weather test set,proposition-to-chunk,1000,34,False,,0.8081628799438476,data\LED.pdf,6,LED_p6_chunk_12,47,1,1,0.7346935272216797,0.7346935272216797,proposition::LED_p6_chunk_12::p0,,,"riments We evaluate our method through extensive experiments on the Nighttime Synthetic Drive Dataset. We validate the contribution of our light pattern in boosting performance, both in- side and outside illuminated area. We apply our method to the encoder"
always_clear_depth_eval_datasets,content-only,evaluated datasets experiments benchmarks nuScenes RobotCar adverse weather test set,proposition-to-chunk,1000,35,False,,0.8069297313690186,data\ACD.pdf,9,ACD_p9_chunk_12,80,1,1,0.7335724830627441,0.7335724830627441,proposition::ACD_p9_chunk_12::p1,,,", Y ao Zhao, Xing Pan, and Rui Ai. Weatherdepth: Curriculum contrastive learning for self- supervised depth estimation under adverse weather con- ditions. In ICRA, pages 4976–4982, 2024. [Wang et al., 2024b ] Jiyuan Wang, Chunyu Lin, Lang Nie, Kang Liao, S"
always_clear_depth_eval_datasets,content-only,evaluated datasets experiments benchmarks nuScenes RobotCar adverse weather test set,proposition-to-chunk,1000,36,False,,0.8059118986129761,data\ACD.pdf,3,ACD_p3_chunk_7,65,1,1,0.732647180557251,0.732647180557251,proposition::ACD_p3_chunk_7::p2,,,".1 Preliminary MDE aims to estimate the depth map Dt from a single RGB image It. Restricted by high-quality paired samples in real-world scenarios, especially for adverse weather, the self-supervised learning strategy [Zhu et al., 2023; Wang et al., 2024b"
always_clear_depth_eval_datasets,content-only,evaluated datasets experiments benchmarks nuScenes RobotCar adverse weather test set,proposition-to-chunk,1000,37,False,,0.8058260083198547,data\s.pdf,6,s_p6_chunk_14,74,1,1,0.7325690984725952,0.7325690984725952,proposition::s_p6_chunk_14::p0,,,"car dataset [19] in different conditions (daytime and nighttime). Source indicates where the metrics are cited, and [self] refers to our own implementations. Method Test DrivingStereo-rain frames AbsRel↓ SqRel↓ RMSE↓ δ1 ↑ robust-depth [22] 1 0.2622 4.309 1"
always_clear_depth_eval_datasets,content-only,evaluated datasets experiments benchmarks nuScenes RobotCar adverse weather test set,proposition-to-chunk,1000,38,False,,0.8025309681892395,data\TDDC.pdf,14,TDDC_p14_chunk_19,76,1,1,0.7295736074447632,0.7295736074447632,proposition::TDDC_p14_chunk_19::p5,"nuscenes,robotcar",,"day monocular depth es- timation frameworks (tested on day and night). To com- plete our effective testing part, in Table E.1, we present the qualitative comparison on nuScenes-Day [Wang et al., 2021; Caesar et al. , 2020 ] and RobotCar-Day [Liu et al. , 2"
always_clear_depth_eval_datasets,content-only,evaluated datasets experiments benchmarks nuScenes RobotCar adverse weather test set,proposition-to-chunk,1000,39,False,,0.8021067619323731,data\ACD.pdf,6,ACD_p6_chunk_9,84,1,1,0.7291879653930664,0.7291879653930664,proposition::ACD_p6_chunk_9::p0,nuscenes,,"ised methods on nuScenes [Caesar et al., 2020 ] validation set. v1,v2,v3: depth maps from md4all-DD, DPT, Depth Anything in [Tosi et al., 2025 ]. Supervisions (sup.): M: via monocular videos, *: test-time median-scaling via LiDAR, v: weak velocity, s: test"
always_clear_depth_eval_datasets,content-only,evaluated datasets experiments benchmarks nuScenes RobotCar adverse weather test set,proposition-to-chunk,1000,40,False,,0.8013483703136444,data\LED.pdf,1,LED_p1_chunk_10,50,1,1,0.7284985184669495,0.7284985184669495,proposition::LED_p1_chunk_10::p4,,,"itate further research, both synthetic dataset and code are publicly available at https://simondemoreau.github.io/LED/. 1 Introduction Adverse conditions, such as harsh weather or nighttime, pose significant challenges to many computer vision applications."
always_clear_depth_eval_datasets,content-only,evaluated datasets experiments benchmarks nuScenes RobotCar adverse weather test set,proposition-to-chunk,1000,41,False,,0.7994454741477967,data\s.pdf,7,s_p7_chunk_15,61,1,1,0.7267686128616333,0.7267686128616333,proposition::s_p7_chunk_15::p1,robotcar,,"+[8], and even surpasses radar-based methods [7]. Tab. 2 shows results on the Robotcar dataset [19] across daytime and nighttime domains. Since the test set contains only single-frame sam- ples, we compare our method in the single-frame setting, achieving"
always_clear_depth_eval_datasets,content-only,evaluated datasets experiments benchmarks nuScenes RobotCar adverse weather test set,proposition-to-chunk,1000,42,False,,0.7978563070297241,data\LED.pdf,10,LED_p10_chunk_10,51,1,1,0.7253239154815674,0.7253239154815674,proposition::LED_p10_chunk_10::p4,,,"performance. We also release the Nighttime Synthetic Drive Dataset, comprising 49,995 fully annotated im- ages. We hope it will serve as a valuable resource for the research community, supporting exploration of various nighttime perception tasks. Acknowle"
always_clear_depth_eval_datasets,content-only,evaluated datasets experiments benchmarks nuScenes RobotCar adverse weather test set,proposition-to-chunk,1000,43,False,,0.7977793991565705,data\SSRDepth.pdf,2,SSRDepth_p2_chunk_18,48,1,1,0.7252539992332458,0.7252539992332458,proposition::SSRDepth_p2_chunk_18::p1,,,"tensive experiments demonstrate that our method achieves com- petitive results on the indoor and outdoor datasets, and shows good generalization capability in zero-shot evaluations on the unseen datasets. 2. Related work Metric depth estimation. Metric"
always_clear_depth_eval_datasets,content-only,evaluated datasets experiments benchmarks nuScenes RobotCar adverse weather test set,proposition-to-chunk,1000,44,False,,0.7974091529846191,data\ACD.pdf,6,ACD_p6_chunk_2,77,1,1,0.7249174118041992,0.7249174118041992,proposition::ACD_p6_chunk_2::p0,nuscenes,,"oint cloud is projected onto the original image, and no ground truth (GT) is required during training. day-clear – nuScenes night – nuScenes day-rain – nuScenes Method sup. tr.data absRel RMSE δ1 absRel RMSE δ1 absRel RMSE δ1 Monodepth2 [Godard et al., 201"
always_clear_depth_eval_datasets,content-only,evaluated datasets experiments benchmarks nuScenes RobotCar adverse weather test set,proposition-to-chunk,1000,45,False,,0.7934096813201904,data\s.pdf,6,s_p6_chunk_8,72,1,1,0.7212815284729004,0.7212815284729004,proposition::s_p6_chunk_8::p0,robotcar,,- points to the missing value from the reference. The first and second ranked performances are indicated by bold and underline. Method Source Test Robotcar-day Robotcar-night frames AbsRel↓ SqRel↓ RMSE↓ δ1 ↑ AbsRel↓ SqRel↓ RMSE↓ δ1 ↑ Monodepth2 [10] [8] 1
always_clear_depth_eval_datasets,content-only,evaluated datasets experiments benchmarks nuScenes RobotCar adverse weather test set,proposition-to-chunk,1000,46,False,,0.7932940900325776,data\MonoDiffusion.pdf,9,MonoDiffusion_p9_chunk_17,58,1,1,0.7211764454841614,0.7211764454841614,proposition::MonoDiffusion_p9_chunk_17::p1,,,"utonomous driving with semantic depth cloud mapping and multi-agent. IEEE Transactions on Intelligent Vehicles, 2022. [4] David Eigen, Christian Puhrsch, and Rob Fergus. Depth map prediction from a single image using a multi-scale deep network. In Advances"
always_clear_depth_eval_datasets,content-only,evaluated datasets experiments benchmarks nuScenes RobotCar adverse weather test set,proposition-to-chunk,1000,47,False,,0.7932704210281372,data\ACD.pdf,5,ACD_p5_chunk_13,73,1,1,0.7211549282073975,0.7211549282073975,proposition::ACD_p5_chunk_13::p5,"nuscenes,robotcar",,"g a seamless transition from clear to complex environments. 4 Experiments 4.1 Datasets In this study, the commonly used nuScenes [Caesar et al., 2020] and RobotCar [Maddern et al., 2017] datasets are used for training and comparison. NuScenes is a comprehe"
always_clear_depth_eval_datasets,content-only,evaluated datasets experiments benchmarks nuScenes RobotCar adverse weather test set,proposition-to-chunk,1000,48,False,,0.7923235297203064,data\dav2.pdf,18,dav2_p18_chunk_9,48,1,1,0.7202941179275513,0.7202941179275513,proposition::dav2_p18_chunk_9::p3,,,erve as the initialization for diverse downstream semantic-related tasks. B.2 Transferring performance of each labeled dataset We totally use five synthetic datasets to train our teacher model for pseudo labeling. Here we examine their individual effect on
always_clear_depth_eval_datasets,content-only,evaluated datasets experiments benchmarks nuScenes RobotCar adverse weather test set,proposition-to-chunk,1000,49,False,,0.7917667508125306,data\Global-Local.pdf,6,Global-Local_p6_chunk_3,165,1,1,0.7197879552841187,0.7197879552841187,proposition::Global-Local_p6_chunk_3::p0,,,ontrast BTS 0.697 0.864 0.932 0.181 0.198 0.689 0.263 Adabins 0.654 0.836 0.917 0.198 0.234 0.752 0.283 Ours 0.860 0.971 0.992 0.117 0.074 0.427 0.152 Snow BTS 0.410 0.649 0.803 0.298 0.423 1.114 0.458 Adabins 0.410 0.656 0.817 0.292 0.410 1.094 0.440 Ours
always_clear_depth_eval_datasets,content-only,evaluated datasets experiments benchmarks nuScenes RobotCar adverse weather test set,proposition-to-chunk,1000,50,False,,0.7899465322494507,data\TDDC.pdf,5,TDDC_p5_chunk_20,87,1,1,0.7181332111358643,0.7181332111358643,proposition::TDDC_p5_chunk_20::p4,,,"t gn . (15) Fig. 3.2 visualizes some examples of I LRN t . It I LR t I LRN t Figure 3.2: Paired visual examples. (Best view with zoom.) 4 Experiments 4.1 Dataset We construct the self-supervised training process on the widely used KITTI dataset, and follo"
always_clear_depth_eval_datasets,content-only,evaluated datasets experiments benchmarks nuScenes RobotCar adverse weather test set,proposition-to-chunk,1500,1,True,1,0.9318073034286499,data\DepthDark.pdf,6,DepthDark_p6_chunk_21,61,2,2,0.7794355154037476,1.5237178802490234,proposition::DepthDark_p6_chunk_21::p2|proposition::DepthDark_p6_chunk_21::p1,"nuscenes,robotcar",,": nuScenes-Night and RobotCar- Night, which are, to the best of our knowledge, the most widely used benchmarks for low-light monocular depth estimation tasks. The evaluation settings for nuScenes-Night follow RNW [36], while those for RobotCar-Night follow"
always_clear_depth_eval_datasets,content-only,evaluated datasets experiments benchmarks nuScenes RobotCar adverse weather test set,proposition-to-chunk,1500,2,True,2,0.8657118916511536,data\DepthDark.pdf,8,DepthDark_p8_chunk_24,52,2,2,0.7219113111495972,1.438005805015564,proposition::DepthDark_p8_chunk_24::p2|proposition::DepthDark_p8_chunk_24::p0,robotcar,,"uScenes-Night and RobotCar-Night datasets, with particularly notable improvements on RobotCar-Night. Specifically, the large-scale paired low-light dataset generated by LLDG addresses the challenge of collecting training data for low-light foundation model"
always_clear_depth_eval_datasets,content-only,evaluated datasets experiments benchmarks nuScenes RobotCar adverse weather test set,proposition-to-chunk,1500,3,True,3,0.8620769381523132,data\DepthDark.pdf,6,DepthDark_p6_chunk_28,57,1,1,0.7837063074111938,0.7837063074111938,proposition::DepthDark_p6_chunk_28::p4,"nuscenes,robotcar",,"further compare our experimental results with state-of-the-art methods, including Depth Anything, Depth Anything V2, and TDDC. Evaluations on both nuScenes-Night and RobotCar-Night datasets demonstrate that our method exhibits superior robustness in low-l"
always_clear_depth_eval_datasets,content-only,evaluated datasets experiments benchmarks nuScenes RobotCar adverse weather test set,proposition-to-chunk,1500,4,True,4,0.8578871309757232,data\ACD.pdf,5,ACD_p5_chunk_25,58,1,1,0.7798973917961121,0.7798973917961121,proposition::ACD_p5_chunk_25::p0,"nuscenes,robotcar",,"n this section, we evaluate our model on the nuScenes and RobotCar datasets. Qualitative and quantitative comparisons are shown below. Comparison on the nuScenes. In Table 1, we compare our method with existing depth estimation models, includ- ing the typi"
always_clear_depth_eval_datasets,content-only,evaluated datasets experiments benchmarks nuScenes RobotCar adverse weather test set,proposition-to-chunk,1500,5,True,5,0.8578871309757232,data\ACD.pdf,5,ACD_p5_chunk_24,57,1,1,0.7798973917961121,0.7798973917961121,proposition::ACD_p5_chunk_24::p3,"nuscenes,robotcar",,"for ordinal guidance distillation. Fur- ther details on the model training procedure and dataset trans- lation process are provided in the appendix. 4.3 Comparison with SoTAs In this section, we evaluate our model on the nuScenes and RobotCar datasets. Qua"
always_clear_depth_eval_datasets,content-only,evaluated datasets experiments benchmarks nuScenes RobotCar adverse weather test set,proposition-to-chunk,1500,6,True,6,0.8563794970512391,data\DepthDark.pdf,8,DepthDark_p8_chunk_35,61,2,2,0.7142556309700012,1.421238660812378,proposition::DepthDark_p8_chunk_35::p3|proposition::DepthDark_p8_chunk_35::p4,"nuscenes,robotcar",,"ion, enhancing the model’s robustness and adaptability in low-light con- ditions. Fine-tuning Depth Anything V2, our method, DepthDark, achieves state-of-the-art performance on the nuScenes-Night and RobotCar-Night datasets, surpassing existing methods in"
always_clear_depth_eval_datasets,content-only,evaluated datasets experiments benchmarks nuScenes RobotCar adverse weather test set,proposition-to-chunk,1500,7,True,7,0.855267608165741,data\Robust Monocular Depth Estimation under Challenging Conditions.pdf,9,Robust_Monocular_Depth_Estimation_under_Challenging_Conditions_p9_chunk_4,90,1,1,0.7775160074234009,0.7775160074234009,proposition::Robust_Monocular_Depth_Estimation_under_Challenging_Conditions_p9_chunk_4::p4,nuscenes,,"dan, and Oscar Beijbom. nuScenes: A multi- modal dataset for autonomous driving. In Proceedings of the IEEE/CVF Conference on Computer Vision and Pattern Recognition, pages 11621–11631, 2020. 1, 2, 4, 5, 6, 7, 8 [4] Carlos A Diaz-Ruiz, Youya Xia, Yurong Yo"
always_clear_depth_eval_datasets,content-only,evaluated datasets experiments benchmarks nuScenes RobotCar adverse weather test set,proposition-to-chunk,1500,8,True,8,0.8490122377872467,data\s.pdf,7,s_p7_chunk_18,55,1,1,0.7718293070793152,0.7718293070793152,proposition::s_p7_chunk_18::p1,,,"ates that the performance is not gained from the multi- frame backbone but from our training strategy. We also evaluate different methods on the DrivingStereo dataset [37] (rain, fog) in a zero-shot setting, conducting in single-frame mode due to the lack"
always_clear_depth_eval_datasets,content-only,evaluated datasets experiments benchmarks nuScenes RobotCar adverse weather test set,proposition-to-chunk,1500,9,True,9,0.8480457425117492,data\DepthDark.pdf,8,DepthDark_p8_chunk_7,70,1,1,0.7709506750106812,0.7709506750106812,proposition::DepthDark_p8_chunk_7::p0,"nuscenes,robotcar",,"pthDark, Figs. 4.1 and 4.2 presents qualitative results on the nuScenes-Night and RobotCar-Night low-light datasets, comparing our method with other monocular depth estimation approaches. As shown in the first row of Figs. 4.1 and 4.2, low-light conditions"
always_clear_depth_eval_datasets,content-only,evaluated datasets experiments benchmarks nuScenes RobotCar adverse weather test set,proposition-to-chunk,1500,10,True,10,0.8474631309509277,data\Robust Monocular Depth Estimation under Challenging Conditions.pdf,7,Robust_Monocular_Depth_Estimation_under_Challenging_Conditions_p7_chunk_4,68,1,1,0.770421028137207,0.770421028137207,proposition::Robust_Monocular_Depth_Estimation_under_Challenging_Conditions_p7_chunk_4::p0,robotcar,,"e 2. Evaluation of self-supervised works on the RobotCar [23] test set. Trailing 0 added to the values from [37]. Notation from Table 1. Night – RobotCar In Table 2, we report results for RobotCar [23]. Here we compare with various approaches that also tar"
always_clear_depth_eval_datasets,content-only,evaluated datasets experiments benchmarks nuScenes RobotCar adverse weather test set,proposition-to-chunk,1500,11,True,11,0.8454363822937012,data\Robust Monocular Depth Estimation under Challenging Conditions.pdf,9,Robust_Monocular_Depth_Estimation_under_Challenging_Conditions_p9_chunk_3,88,1,1,0.7685785293579102,0.7685785293579102,proposition::Robust_Monocular_Depth_Estimation_under_Challenging_Conditions_p9_chunk_3::p4,nuscenes,,"rn Recognition, pages 11682–11692, 2020. 6, 7 [3] Holger Caesar, Varun Bankiti, Alex H Lang, Sourabh V ora, Venice Erin Liong, Qiang Xu, Anush Krishnan, Yu Pan, Gi- ancarlo Baldan, and Oscar Beijbom. nuScenes: A multi- modal dataset for autonomous driving."
always_clear_depth_eval_datasets,content-only,evaluated datasets experiments benchmarks nuScenes RobotCar adverse weather test set,proposition-to-chunk,1500,12,True,12,0.8445285022258758,data\Robust Monocular Depth Estimation under Challenging Conditions.pdf,7,Robust_Monocular_Depth_Estimation_under_Challenging_Conditions_p7_chunk_3,116,1,1,0.7677531838417053,0.7677531838417053,proposition::Robust_Monocular_Depth_Estimation_under_Challenging_Conditions_p7_chunk_3::p4,robotcar,,eline [ours] Mv d ........0.1209 ......0.723 .......3.335 86.61 0.3909 3.547 8.227 22.51 [ours] md4all-DD [ours] Mv dT(n) 0.1128 0.648 3.206 87.13 0.1219 0.784 3.604 84.86 Table 2. Evaluation of self-supervised works on the RobotCar [23] test set. Trailing
always_clear_depth_eval_datasets,content-only,evaluated datasets experiments benchmarks nuScenes RobotCar adverse weather test set,proposition-to-chunk,1500,13,True,13,0.8372629046440124,data\s.pdf,6,s_p6_chunk_22,58,1,1,0.7611480951309204,0.7611480951309204,proposition::s_p6_chunk_22::p2,"nuscenes,robotcar",,"and more details can be found in the supplementary. 4.2. Datasets Our approach is evaluated on three mainstream public datasets for robust depth estimation, including nuScenes [5] and Robotcar [19] which are used for training and testing, and DrivingStereo"
always_clear_depth_eval_datasets,content-only,evaluated datasets experiments benchmarks nuScenes RobotCar adverse weather test set,proposition-to-chunk,1500,14,True,14,0.8337088823318481,data\DepthDark.pdf,8,DepthDark_p8_chunk_29,55,1,1,0.7579171657562256,0.7579171657562256,proposition::DepthDark_p8_chunk_29::p1,"nuscenes,robotcar",,and the classical Low-Rank Adaptation (LoRA) module [16]. Experimental results on both RobotCar-Night and nuScenes-Night datasets demonstrate that LLPEFT achieves perfor- mance comparable to other advanced methods while introducing negligible parameter ov
always_clear_depth_eval_datasets,content-only,evaluated datasets experiments benchmarks nuScenes RobotCar adverse weather test set,proposition-to-chunk,1500,15,True,15,0.8328284740447998,data\TDDC.pdf,8,TDDC_p8_chunk_8,91,1,1,0.7571167945861816,0.7571167945861816,proposition::TDDC_p8_chunk_8::p1,nuscenes,,"kiti, Alex H Lang, Sourabh V ora, Venice Erin Liong, Qiang Xu, Anush Krishnan, Yu Pan, Giancarlo Baldan, and Oscar Beijbom. nuscenes: A multimodal dataset for autonomous driving. In CVPR, pages 11621–11631, 2020. [Chen et al., 2018] Chen Chen, Qifeng Chen,"
always_clear_depth_eval_datasets,content-only,evaluated datasets experiments benchmarks nuScenes RobotCar adverse weather test set,proposition-to-chunk,1500,16,True,16,0.8328283429145813,data\ACD.pdf,8,ACD_p8_chunk_6,89,1,1,0.7571166753768921,0.7571166753768921,proposition::ACD_p8_chunk_6::p1,nuscenes,,"019. [Caesar et al., 2020 ] Holger Caesar, V arun Bankiti, Alex H Lang, Sourabh V ora, V enice Erin Liong, Qiang Xu, Anush Krishnan, Y u Pan, Giancarlo Baldan, and Oscar Beijbom. nuscenes: A multimodal dataset for autonomous driving. In CVPR, pages 11621–1"
always_clear_depth_eval_datasets,content-only,evaluated datasets experiments benchmarks nuScenes RobotCar adverse weather test set,proposition-to-chunk,1500,17,True,17,0.8293741106986999,data\DepthDark.pdf,1,DepthDark_p1_chunk_10,52,1,1,0.7539764642715454,0.7539764642715454,proposition::DepthDark_p1_chunk_10::p0,robotcar,,"RobotCar- Night datasets, validating its effectiveness using limited training data and computing resources. CCS Concepts •Computing methodologies → Computer vision; Image pro- cessing; Virtual reality. ∗Corresponding Author. Permission to make digital or h"
always_clear_depth_eval_datasets,content-only,evaluated datasets experiments benchmarks nuScenes RobotCar adverse weather test set,proposition-to-chunk,1500,18,True,18,0.8283832907676697,data\ACD.pdf,6,ACD_p6_chunk_20,56,1,1,0.7530757188796997,0.7530757188796997,proposition::ACD_p6_chunk_20::p0,"nuscenes,robotcar",,"iments on nuScenes and RobotCar datasets to demonstrate the individ- ual effectiveness of the proposed components. Evaluation on Major Design Components. Our baseline is trained on daytime scenes [Gasperini et al., 2023 ]. Based on this, we introduce the d"
always_clear_depth_eval_datasets,content-only,evaluated datasets experiments benchmarks nuScenes RobotCar adverse weather test set,proposition-to-chunk,1500,19,True,19,0.8281102120876312,data\ACD.pdf,5,ACD_p5_chunk_6,49,1,1,0.7528274655342102,0.7528274655342102,proposition::ACD_p5_chunk_6::p2,,,"tency Constraint. Since a robust model can provide the precise perception on both the normal and degraded scenarios, we propose the feature consistency con- straint to mitigate the impact of image degradation, thus gen- eralizing to various adverse weather"
always_clear_depth_eval_datasets,content-only,evaluated datasets experiments benchmarks nuScenes RobotCar adverse weather test set,proposition-to-chunk,1500,20,True,20,0.8271622061729431,data\DepthDark.pdf,8,DepthDark_p8_chunk_36,58,1,1,0.7519656419754028,0.7519656419754028,proposition::DepthDark_p8_chunk_36::p1,"nuscenes,robotcar",,"the nuScenes-Night and RobotCar-Night datasets, surpassing existing methods in qualita- tive results in low-light scenarios. Ultimately, our proposed LLDG and LLPEFT modules provide a novel and viable approach for fine- tuning large-scale foundation model"
always_clear_depth_eval_datasets,content-only,evaluated datasets experiments benchmarks nuScenes RobotCar adverse weather test set,proposition-to-chunk,1500,21,True,21,0.8236821413040161,data\s.pdf,9,s_p9_chunk_6,99,1,1,0.7488019466400146,0.7488019466400146,proposition::s_p9_chunk_6::p1,nuscenes,,"ang Xu, Anush Krishnan, Yu Pan, Giancarlo Baldan, and Oscar Beijbom. nuscenes: A mul- timodal dataset for autonomous driving. arXiv preprint arXiv:1903.11027, 2019. 2, 3, 6, 7 [6] Ziyue Feng, Liang Yang, Longlong Jing, Haiyan Wang, YingLi Tian, and Bing Li"
always_clear_depth_eval_datasets,content-only,evaluated datasets experiments benchmarks nuScenes RobotCar adverse weather test set,proposition-to-chunk,1500,22,False,,0.8234750211238862,data\ACD.pdf,8,ACD_p8_chunk_7,81,1,1,0.7486136555671692,0.7486136555671692,proposition::ACD_p8_chunk_7::p0,nuscenes,,"m. nuscenes: A multimodal dataset for autonomous driving. In CVPR, pages 11621–11631, 2020. [Garg et al., 2016 ] Ravi Garg, Vijay Kumar Bg, Gustavo Carneiro, and Ian Reid. Unsupervised cnn for single view depth estimation: Geometry to the rescue. In ECCV,"
always_clear_depth_eval_datasets,content-only,evaluated datasets experiments benchmarks nuScenes RobotCar adverse weather test set,proposition-to-chunk,1500,23,False,,0.8228642165660858,data\Jasmine.pdf,13,Jasmine_p13_chunk_14,68,1,1,0.7480583786964417,0.7480583786964417,proposition::Jasmine_p13_chunk_14::p4,,,", 2017. 21 [48] Jiyuan Wang, Chunyu Lin, Lang Nie, Shujun Huang, Yao Zhao, Xing Pan, and Rui Ai. Weatherdepth: Curriculum contrastive learning for self-supervised depth estimation under adverse weather conditions. In 2024 IEEE International Conference on R"
always_clear_depth_eval_datasets,content-only,evaluated datasets experiments benchmarks nuScenes RobotCar adverse weather test set,proposition-to-chunk,1500,24,False,,0.822695255279541,data\s.pdf,7,s_p7_chunk_11,61,1,1,0.7479047775268555,0.7479047775268555,proposition::s_p7_chunk_11::p1,nuscenes,,"tal Results Our quantitative results across different datasets are shown in Tables 1-3. Tab. 1 presents evaluations on the nuScenes dataset [5] under various conditions (daytime, nighttime, rain) in single-frame (two inputs of the model are the same frame)"
always_clear_depth_eval_datasets,content-only,evaluated datasets experiments benchmarks nuScenes RobotCar adverse weather test set,proposition-to-chunk,1500,25,False,,0.8225316047668457,data\TDDC.pdf,6,TDDC_p6_chunk_13,74,1,1,0.7477560043334961,0.7477560043334961,proposition::TDDC_p6_chunk_13::p2,"nuscenes,robotcar",,"ht [Liu et al., 2021; Maddern et al., 2017]. All methods use the same DepthNet backbone unless marked. K, N and R indicate KITTI , nuScenes and Oxford Robotcar dataset. d and n are daytime and nighttime training splits proposed by RNW [Wang et al., 2021] o"
always_clear_depth_eval_datasets,content-only,evaluated datasets experiments benchmarks nuScenes RobotCar adverse weather test set,proposition-to-chunk,1500,26,True,22,0.8202265322208404,data\DepthDark.pdf,8,DepthDark_p8_chunk_5,50,1,1,0.7456604838371277,0.7456604838371277,proposition::DepthDark_p8_chunk_5::p1,"nuscenes,robotcar",,"of our training framework and ensure a fair comparison with domain adaptation methods, we provide quantitative results of various monocular depth estimation methods on the RobotCar-Day and nuScenes-Day datasets, along with their generalized versions in th"
always_clear_depth_eval_datasets,content-only,evaluated datasets experiments benchmarks nuScenes RobotCar adverse weather test set,proposition-to-chunk,1500,27,False,,0.8197483003139496,data\TDDC.pdf,15,TDDC_p15_chunk_11,124,1,1,0.745225727558136,0.745225727558136,proposition::TDDC_p15_chunk_11::p0,"nuscenes,robotcar",,"56 40 0.102 0.500 3.364 0.147 0.905 0.977 0.992 Ours K 768 × 256 40 0.109 0.477 3.261 0.151 0.891 0.978 0.993 Table E.1: Effective test on nuScenes-Day [Wang et al., 2021; Caesar et al., 2020] and Robotcar-Day [Liu et al., 2021; Maddern et al., 2017]. All"
always_clear_depth_eval_datasets,content-only,evaluated datasets experiments benchmarks nuScenes RobotCar adverse weather test set,proposition-to-chunk,1500,28,False,,0.8170742928981781,data\s.pdf,10,s_p10_chunk_4,89,1,1,0.7427948117256165,0.7427948117256165,proposition::s_p10_chunk_4::p1,,,"6, 7 [28] Jiyuan Wang, Chunyu Lin, Lang Nie, Shujun Huang, Yao Zhao, Xing Pan, and Rui Ai. Weatherdepth: Curriculum con- trastive learning for self-supervised depth estimation under adverse weather conditions, 2023. 1, 2, 4, 7 [29] Jiyuan Wang, Lang Nie,"
always_clear_depth_eval_datasets,content-only,evaluated datasets experiments benchmarks nuScenes RobotCar adverse weather test set,proposition-to-chunk,1500,29,False,,0.8163130164146424,data\ACD.pdf,1,ACD_p1_chunk_10,68,1,1,0.7421027421951294,0.7421027421951294,proposition::ACD_p1_chunk_10::p2,nuscenes,,"differential ranking, leading to a more precise depth estimation. Experi- mental results demonstrate that our ACDepth sur- passes md4all-DD by 2.50% for night scene and 2.61% for rainy scene on the nuScenes dataset in terms of the absRel metric. 1 Introduc"
always_clear_depth_eval_datasets,content-only,evaluated datasets experiments benchmarks nuScenes RobotCar adverse weather test set,proposition-to-chunk,1500,30,False,,0.8128169536590576,data\ACD.pdf,7,ACD_p7_chunk_5,110,1,1,0.738924503326416,0.738924503326416,proposition::ACD_p7_chunk_5::p0,robotcar,,"3.661 83.68 ACDepth (Ours) Mv dT(n) 0.1107 0.591 3.084 88.03 0.1206 0.690 3.432 84.47 Table 2: Evaluation of self-supervised works on the RobotCar [Maddern et al., 2017] test set. Trailing 0 added to the values from [V ankadari et al., 2023 ] and [Tosi et"
always_clear_depth_eval_datasets,content-only,evaluated datasets experiments benchmarks nuScenes RobotCar adverse weather test set,proposition-to-chunk,1500,31,False,,0.8110796749591828,data\ACD.pdf,6,ACD_p6_chunk_19,56,1,1,0.7373451590538025,0.7373451590538025,proposition::ACD_p6_chunk_19::p3,"nuscenes,robotcar",,"d compre- hensive prior constraints, which contribute more to the robust model training and optimization. 4.4 Ablation Study In this section, we conduct detailed ablation experiments on nuScenes and RobotCar datasets to demonstrate the individ- ual effecti"
always_clear_depth_eval_datasets,content-only,evaluated datasets experiments benchmarks nuScenes RobotCar adverse weather test set,proposition-to-chunk,1500,32,False,,0.8097443103790283,data\ACD.pdf,3,ACD_p3_chunk_18,55,1,1,0.7361311912536621,0.7361311912536621,proposition::ACD_p3_chunk_18::p1,,,"nd adversarial training are used to guaran- tee the naturalness and consistency of the translated image. In this way, the trained generator can produce a multi-tuple degradation dataset under different weather conditions. And then, ACDepth takes the multi-"
always_clear_depth_eval_datasets,content-only,evaluated datasets experiments benchmarks nuScenes RobotCar adverse weather test set,proposition-to-chunk,1500,33,False,,0.8084377944469452,data\Robust Monocular Depth Estimation under Challenging Conditions.pdf,4,Robust_Monocular_Depth_Estimation_under_Challenging_Conditions_p4_chunk_2,73,1,1,0.7349434494972229,0.7349434494972229,proposition::Robust_Monocular_Depth_Estimation_under_Challenging_Conditions_p4_chunk_2::p6,,,og snow one of inference md4all-DD: Day Distillation alternative paths (random) rain md4all md4all B T Figure 3. Our md4all-DD framework. The frozen day - depth model estimates on easy samples and provides guidance to another model fed with a mix of easy a
always_clear_depth_eval_datasets,content-only,evaluated datasets experiments benchmarks nuScenes RobotCar adverse weather test set,proposition-to-chunk,1500,34,False,,0.8081628799438476,data\LED.pdf,6,LED_p6_chunk_12,47,1,1,0.7346935272216797,0.7346935272216797,proposition::LED_p6_chunk_12::p0,,,"riments We evaluate our method through extensive experiments on the Nighttime Synthetic Drive Dataset. We validate the contribution of our light pattern in boosting performance, both in- side and outside illuminated area. We apply our method to the encoder"
always_clear_depth_eval_datasets,content-only,evaluated datasets experiments benchmarks nuScenes RobotCar adverse weather test set,proposition-to-chunk,1500,35,False,,0.8069297313690186,data\ACD.pdf,9,ACD_p9_chunk_12,80,1,1,0.7335724830627441,0.7335724830627441,proposition::ACD_p9_chunk_12::p1,,,", Y ao Zhao, Xing Pan, and Rui Ai. Weatherdepth: Curriculum contrastive learning for self- supervised depth estimation under adverse weather con- ditions. In ICRA, pages 4976–4982, 2024. [Wang et al., 2024b ] Jiyuan Wang, Chunyu Lin, Lang Nie, Kang Liao, S"
always_clear_depth_eval_datasets,content-only,evaluated datasets experiments benchmarks nuScenes RobotCar adverse weather test set,proposition-to-chunk,1500,36,False,,0.8059118986129761,data\ACD.pdf,3,ACD_p3_chunk_7,65,1,1,0.732647180557251,0.732647180557251,proposition::ACD_p3_chunk_7::p2,,,".1 Preliminary MDE aims to estimate the depth map Dt from a single RGB image It. Restricted by high-quality paired samples in real-world scenarios, especially for adverse weather, the self-supervised learning strategy [Zhu et al., 2023; Wang et al., 2024b"
always_clear_depth_eval_datasets,content-only,evaluated datasets experiments benchmarks nuScenes RobotCar adverse weather test set,proposition-to-chunk,1500,37,False,,0.8058260083198547,data\s.pdf,6,s_p6_chunk_14,74,1,1,0.7325690984725952,0.7325690984725952,proposition::s_p6_chunk_14::p0,,,"car dataset [19] in different conditions (daytime and nighttime). Source indicates where the metrics are cited, and [self] refers to our own implementations. Method Test DrivingStereo-rain frames AbsRel↓ SqRel↓ RMSE↓ δ1 ↑ robust-depth [22] 1 0.2622 4.309 1"
always_clear_depth_eval_datasets,content-only,evaluated datasets experiments benchmarks nuScenes RobotCar adverse weather test set,proposition-to-chunk,1500,38,False,,0.8025309681892395,data\TDDC.pdf,14,TDDC_p14_chunk_19,76,1,1,0.7295736074447632,0.7295736074447632,proposition::TDDC_p14_chunk_19::p5,"nuscenes,robotcar",,"day monocular depth es- timation frameworks (tested on day and night). To com- plete our effective testing part, in Table E.1, we present the qualitative comparison on nuScenes-Day [Wang et al., 2021; Caesar et al. , 2020 ] and RobotCar-Day [Liu et al. , 2"
always_clear_depth_eval_datasets,content-only,evaluated datasets experiments benchmarks nuScenes RobotCar adverse weather test set,proposition-to-chunk,1500,39,False,,0.8021067619323731,data\ACD.pdf,6,ACD_p6_chunk_9,84,1,1,0.7291879653930664,0.7291879653930664,proposition::ACD_p6_chunk_9::p0,nuscenes,,"ised methods on nuScenes [Caesar et al., 2020 ] validation set. v1,v2,v3: depth maps from md4all-DD, DPT, Depth Anything in [Tosi et al., 2025 ]. Supervisions (sup.): M: via monocular videos, *: test-time median-scaling via LiDAR, v: weak velocity, s: test"
always_clear_depth_eval_datasets,content-only,evaluated datasets experiments benchmarks nuScenes RobotCar adverse weather test set,proposition-to-chunk,1500,40,False,,0.8013483703136444,data\LED.pdf,1,LED_p1_chunk_10,50,1,1,0.7284985184669495,0.7284985184669495,proposition::LED_p1_chunk_10::p4,,,"itate further research, both synthetic dataset and code are publicly available at https://simondemoreau.github.io/LED/. 1 Introduction Adverse conditions, such as harsh weather or nighttime, pose significant challenges to many computer vision applications."
always_clear_depth_eval_datasets,content-only,evaluated datasets experiments benchmarks nuScenes RobotCar adverse weather test set,proposition-to-chunk,1500,41,False,,0.7994454741477967,data\s.pdf,7,s_p7_chunk_15,61,1,1,0.7267686128616333,0.7267686128616333,proposition::s_p7_chunk_15::p1,robotcar,,"+[8], and even surpasses radar-based methods [7]. Tab. 2 shows results on the Robotcar dataset [19] across daytime and nighttime domains. Since the test set contains only single-frame sam- ples, we compare our method in the single-frame setting, achieving"
always_clear_depth_eval_datasets,content-only,evaluated datasets experiments benchmarks nuScenes RobotCar adverse weather test set,proposition-to-chunk,1500,42,False,,0.7978563070297241,data\LED.pdf,10,LED_p10_chunk_10,51,1,1,0.7253239154815674,0.7253239154815674,proposition::LED_p10_chunk_10::p4,,,"performance. We also release the Nighttime Synthetic Drive Dataset, comprising 49,995 fully annotated im- ages. We hope it will serve as a valuable resource for the research community, supporting exploration of various nighttime perception tasks. Acknowle"
always_clear_depth_eval_datasets,content-only,evaluated datasets experiments benchmarks nuScenes RobotCar adverse weather test set,proposition-to-chunk,1500,43,False,,0.7977793991565705,data\SSRDepth.pdf,2,SSRDepth_p2_chunk_18,48,1,1,0.7252539992332458,0.7252539992332458,proposition::SSRDepth_p2_chunk_18::p1,,,"tensive experiments demonstrate that our method achieves com- petitive results on the indoor and outdoor datasets, and shows good generalization capability in zero-shot evaluations on the unseen datasets. 2. Related work Metric depth estimation. Metric"
always_clear_depth_eval_datasets,content-only,evaluated datasets experiments benchmarks nuScenes RobotCar adverse weather test set,proposition-to-chunk,1500,44,False,,0.7974091529846191,data\ACD.pdf,6,ACD_p6_chunk_2,77,1,1,0.7249174118041992,0.7249174118041992,proposition::ACD_p6_chunk_2::p0,nuscenes,,"oint cloud is projected onto the original image, and no ground truth (GT) is required during training. day-clear – nuScenes night – nuScenes day-rain – nuScenes Method sup. tr.data absRel RMSE δ1 absRel RMSE δ1 absRel RMSE δ1 Monodepth2 [Godard et al., 201"
always_clear_depth_eval_datasets,content-only,evaluated datasets experiments benchmarks nuScenes RobotCar adverse weather test set,proposition-to-chunk,1500,45,False,,0.7934096813201904,data\s.pdf,6,s_p6_chunk_8,72,1,1,0.7212815284729004,0.7212815284729004,proposition::s_p6_chunk_8::p0,robotcar,,- points to the missing value from the reference. The first and second ranked performances are indicated by bold and underline. Method Source Test Robotcar-day Robotcar-night frames AbsRel↓ SqRel↓ RMSE↓ δ1 ↑ AbsRel↓ SqRel↓ RMSE↓ δ1 ↑ Monodepth2 [10] [8] 1
always_clear_depth_eval_datasets,content-only,evaluated datasets experiments benchmarks nuScenes RobotCar adverse weather test set,proposition-to-chunk,1500,46,False,,0.7932940900325776,data\MonoDiffusion.pdf,9,MonoDiffusion_p9_chunk_17,58,1,1,0.7211764454841614,0.7211764454841614,proposition::MonoDiffusion_p9_chunk_17::p1,,,"utonomous driving with semantic depth cloud mapping and multi-agent. IEEE Transactions on Intelligent Vehicles, 2022. [4] David Eigen, Christian Puhrsch, and Rob Fergus. Depth map prediction from a single image using a multi-scale deep network. In Advances"
always_clear_depth_eval_datasets,content-only,evaluated datasets experiments benchmarks nuScenes RobotCar adverse weather test set,proposition-to-chunk,1500,47,False,,0.7932704210281372,data\ACD.pdf,5,ACD_p5_chunk_13,73,1,1,0.7211549282073975,0.7211549282073975,proposition::ACD_p5_chunk_13::p5,"nuscenes,robotcar",,"g a seamless transition from clear to complex environments. 4 Experiments 4.1 Datasets In this study, the commonly used nuScenes [Caesar et al., 2020] and RobotCar [Maddern et al., 2017] datasets are used for training and comparison. NuScenes is a comprehe"
always_clear_depth_eval_datasets,content-only,evaluated datasets experiments benchmarks nuScenes RobotCar adverse weather test set,proposition-to-chunk,1500,48,False,,0.7923235297203064,data\dav2.pdf,18,dav2_p18_chunk_9,48,1,1,0.7202941179275513,0.7202941179275513,proposition::dav2_p18_chunk_9::p3,,,erve as the initialization for diverse downstream semantic-related tasks. B.2 Transferring performance of each labeled dataset We totally use five synthetic datasets to train our teacher model for pseudo labeling. Here we examine their individual effect on
always_clear_depth_eval_datasets,content-only,evaluated datasets experiments benchmarks nuScenes RobotCar adverse weather test set,proposition-to-chunk,1500,49,False,,0.7917667508125306,data\Global-Local.pdf,6,Global-Local_p6_chunk_3,165,1,1,0.7197879552841187,0.7197879552841187,proposition::Global-Local_p6_chunk_3::p0,,,ontrast BTS 0.697 0.864 0.932 0.181 0.198 0.689 0.263 Adabins 0.654 0.836 0.917 0.198 0.234 0.752 0.283 Ours 0.860 0.971 0.992 0.117 0.074 0.427 0.152 Snow BTS 0.410 0.649 0.803 0.298 0.423 1.114 0.458 Adabins 0.410 0.656 0.817 0.292 0.410 1.094 0.440 Ours
always_clear_depth_eval_datasets,content-only,evaluated datasets experiments benchmarks nuScenes RobotCar adverse weather test set,proposition-to-chunk,1500,50,False,,0.7899465322494507,data\TDDC.pdf,5,TDDC_p5_chunk_20,87,1,1,0.7181332111358643,0.7181332111358643,proposition::TDDC_p5_chunk_20::p4,,,"t gn . (15) Fig. 3.2 visualizes some examples of I LRN t . It I LR t I LRN t Figure 3.2: Paired visual examples. (Best view with zoom.) 4 Experiments 4.1 Dataset We construct the self-supervised training process on the widely used KITTI dataset, and follo"
always_clear_depth_ablation_components,content-only,ablation study components distillation learning ordinal guidance distillation feature consistency constraint,sentence-to-chunk,500,1,True,1,1.0592493832111358,data\ACD.pdf,7,ACD_p7_chunk_7,90,1,1,0.9629539847373962,0.9629539847373962,sentence::ACD_p7_chunk_7::s0,"distillation_learning,ordinal_guidance_distillation,feature_consistency_constraint",,"zation of ablation study on the distillation learning, feature consistency constraint and ordinal guidance distillation. DL OGD FCC day-clear night day-rain absRel RMSE absRel RMSE absRel RMSE N 0.1333 6.459 0.2419 10.922 0.1572 7.453 ✓ 0.1335 6.408 0.1883"
always_clear_depth_ablation_components,content-only,ablation study components distillation learning ordinal guidance distillation feature consistency constraint,sentence-to-chunk,500,2,True,2,1.0319183409214019,data\ACD.pdf,7,ACD_p7_chunk_10,90,2,2,0.8712219595909119,1.6069638133049011,sentence::ACD_p7_chunk_10::s2|sentence::ACD_p7_chunk_10::s1,"distillation_learning,ordinal_guidance_distillation,feature_consistency_constraint",,"3.458 0.704 ✓✓ ✓ 0.1107 3.084 0.591 0.1206 3.432 0.690 Table 3: Ablation study of Design Components. N: nuScenes, R: RobotCar, DL: distillation learning, OGD: ordinal guidance distilla- tion, FCC: feature consistency constraint. provements in model perform"
always_clear_depth_ablation_components,content-only,ablation study components distillation learning ordinal guidance distillation feature consistency constraint,sentence-to-chunk,500,3,True,3,0.9870662450790405,data\ACD.pdf,7,ACD_p7_chunk_16,48,2,2,0.8226001262664795,1.6446611881256104,sentence::ACD_p7_chunk_16::s2|sentence::ACD_p7_chunk_16::s1,ordinal_guidance_distillation,,"us on uncertain regions, resulting in more robust depth estimation. Evaluation on Ordinal Guidance Distillation. In this sec- tion, we investigate the impact of different sampling methods on ordinal guidance distillation, with the experimental results pres"
always_clear_depth_ablation_components,content-only,ablation study components distillation learning ordinal guidance distillation feature consistency constraint,sentence-to-chunk,500,4,True,4,0.9737113535404205,data\ACD.pdf,7,ACD_p7_chunk_11,64,2,2,0.8158116340637207,1.5789971947669983,sentence::ACD_p7_chunk_11::s0|sentence::ACD_p7_chunk_11::s3,feature_consistency_constraint,,"distilla- tion, FCC: feature consistency constraint. provements in model performance, reducing the absRel met- ric by 0.54% for day scene and 0.73% for night scene on the RobotCar. In addition, we introduce the feature consistency constraint (FCC) to evalu"
always_clear_depth_ablation_components,content-only,ablation study components distillation learning ordinal guidance distillation feature consistency constraint,sentence-to-chunk,500,5,True,5,0.9543108522891999,data\ACD.pdf,7,ACD_p7_chunk_6,92,1,1,0.8675553202629089,0.8675553202629089,sentence::ACD_p7_chunk_6::s1,distillation_learning,,"et. Trailing 0 added to the values from [V ankadari et al., 2023 ] and [Tosi et al., 2025 ]. Notation from Table 1. :'/)&& 2ULJLQ,PDJH :'/ :'/)&&2*' Figure 5: Visualization of ablation study on the distillation learning, feature consistency const"
always_clear_depth_ablation_components,content-only,ablation study components distillation learning ordinal guidance distillation feature consistency constraint,sentence-to-chunk,500,6,True,6,0.940083485841751,data\ACD.pdf,4,ACD_p4_chunk_5,56,1,1,0.8546213507652283,0.8546213507652283,sentence::ACD_p4_chunk_5::s1,distillation_learning,,"ove the student model’s generalization across diverse scenarios, we incorporated a feature constraint loss L c. Distillation Learning. Similar to the existing technol- ogy [Gasperini et al., 2023 ], the commonly used multi-scale feature distillation loss b"
always_clear_depth_ablation_components,content-only,ablation study components distillation learning ordinal guidance distillation feature consistency constraint,sentence-to-chunk,500,7,False,,0.9259912490844726,data\ACD.pdf,6,ACD_p6_chunk_21,69,1,1,0.8418102264404297,0.8418102264404297,sentence::ACD_p6_chunk_21::s1,distillation_learning,,"d on daytime scenes [Gasperini et al., 2023 ]. Based on this, we introduce the distillation learning (DL) to pro- mote training with more robust feature representation, reduc- ing the absRel metric by 22.16% for night scene and 10.69% for rainy scene on th"
always_clear_depth_ablation_components,content-only,ablation study components distillation learning ordinal guidance distillation feature consistency constraint,sentence-to-chunk,500,8,True,7,0.9238051116466522,data\ACD.pdf,7,ACD_p7_chunk_17,52,1,1,0.8398228287696838,0.8398228287696838,sentence::ACD_p7_chunk_17::s0,ordinal_guidance_distillation,,"ing methods on ordinal guidance distillation, with the experimental results presented in Table 4. Our OGD strategy employs two sam- pling methods: global and local sampling. We observed that model performance became more reliable as both sampling methods w"
always_clear_depth_ablation_components,content-only,ablation study components distillation learning ordinal guidance distillation feature consistency constraint,sentence-to-chunk,500,9,False,,0.9056795358657836,data\Repurposing Diffusion-Based Image Generators for Monocular Depth Estimation.pdf,8,Repurposing_Diffusion-Based_Image_Generators_for_Monocular_Depth_Estimation_p8_chunk_14,88,2,2,0.7584066390991211,1.472728967666626,sentence::Repurposing_Diffusion-Based_Image_Generators_for_Monocular_Depth_Estimation_p8_chunk_14::s3|sentence::Repurposing_Diffusion-Based_Image_Generators_for_Monocular_Depth_Estimation_p8_chunk_14::s1,,,"98.9 δ1 (%) 21.4 39.0 56.6 74.3 91.9 δ1 (%) Figure 7. Ablation of denoising steps. The performance improves as the number of denoising steps increases, while we observe satu- ration after 10 steps. Table 3. Ablation of training datasets. Hypersim [37] del"
always_clear_depth_ablation_components,content-only,ablation study components distillation learning ordinal guidance distillation feature consistency constraint,sentence-to-chunk,500,10,False,,0.8977002382278443,data\ACD.pdf,2,ACD_p2_chunk_19,57,2,2,0.7484647035598755,1.4923553466796875,sentence::ACD_p2_chunk_19::s0|sentence::ACD_p2_chunk_19::s1,ordinal_guidance_distillation,,"distillation strategy (MKD) to achieve the complete transfer and alignment of capabilities from the teacher model to stu- dent model. In addition, we introduce the ordinal guid- ance distillation mechanism (OGD) to heartens the net- work to focus on uncer"
always_clear_depth_ablation_components,content-only,ablation study components distillation learning ordinal guidance distillation feature consistency constraint,sentence-to-chunk,500,11,False,,0.8969619035720825,data\ACD.pdf,5,ACD_p5_chunk_24,57,1,1,0.8154199123382568,0.8154199123382568,sentence::ACD_p5_chunk_24::s0,ordinal_guidance_distillation,,"for ordinal guidance distillation. Fur- ther details on the model training procedure and dataset trans- lation process are provided in the appendix. 4.3 Comparison with SoTAs In this section, we evaluate our model on the nuScenes and RobotCar datasets. Qua"
always_clear_depth_ablation_components,content-only,ablation study components distillation learning ordinal guidance distillation feature consistency constraint,sentence-to-chunk,500,12,False,,0.8913215339183808,data\ACD.pdf,4,ACD_p4_chunk_8,106,1,1,0.8102923035621643,0.8102923035621643,sentence::ACD_p4_chunk_8::s1,ordinal_guidance_distillation,,"S S∑ s=1 1 Ns Ns∑ j=1 ⏐⏐ ⏐F T (ei)js −FS (mi)js ⏐ ⏐ ⏐ FS (mi)js , (7) where S denotes the number of different scales and mi rep- resents a sample randomly selected from the mixed training set. Ordinal Guidance Distillation. 1) Uncertain Region Def- inition"
always_clear_depth_ablation_components,content-only,ablation study components distillation learning ordinal guidance distillation feature consistency constraint,sentence-to-chunk,500,13,False,,0.8875818312168121,data\ACD.pdf,3,ACD_p3_chunk_0,47,1,1,0.8068925738334656,0.8068925738334656,sentence::ACD_p3_chunk_0::s0,distillation_learning,,2.2 Distillation Learning Early distillation learning methods primarily focus on model compression and acceleration. A classic example of distilla- tion learning is to guide the training of student models by softening the output probability distribution of
always_clear_depth_ablation_components,content-only,ablation study components distillation learning ordinal guidance distillation feature consistency constraint,sentence-to-chunk,500,14,False,,0.8873172104358673,data\ACD.pdf,2,ACD_p2_chunk_16,51,1,1,0.8066520094871521,0.8066520094871521,sentence::ACD_p2_chunk_16::s1,"distillation_learning,ordinal_guidance_distillation",,"e teacher model to provide comprehen- sive supervision and guidance to the student model. Besides the commonly used feature and result distillation learning, we pioneer the ordinal guidance distillation mechanism (OGD). In summary, the contributions are as"
always_clear_depth_ablation_components,content-only,ablation study components distillation learning ordinal guidance distillation feature consistency constraint,sentence-to-chunk,500,15,False,,0.8867585241794587,data\DepthDark.pdf,8,DepthDark_p8_chunk_26,53,2,2,0.7413989901542664,1.4535953402519226,sentence::DepthDark_p8_chunk_26::s1|sentence::DepthDark_p8_chunk_26::s0,,,"nation guidance and multiscale feature fusion, significantly enhancing the robustness of the foundation model in extreme low- light conditions. 5.2 Ablation on Parameter Efficient Fine Tuning To thoroughly evaluate the effectiveness of LLPEFT, we conduct s"
always_clear_depth_ablation_components,content-only,ablation study components distillation learning ordinal guidance distillation feature consistency constraint,sentence-to-chunk,500,16,False,,0.8699523568153381,data\Lite-Mono.pdf,8,Lite-Mono_p8_chunk_6,111,1,1,0.7908657789230347,0.7908657789230347,sentence::Lite-Mono_p8_chunk_6::s4,,,3.062M 4.4 0.109 0.842 4.700 0.186 0.883 0.960 0.982 w/o cross-stage connections2.942M 4.4 0.108 0.834 4.683 0.185 0.884 0.962 0.982 Table 5. Ablation study on model architectures. All the models are trained and tested on KITTI with the input size 640× 192
always_clear_depth_ablation_components,content-only,ablation study components distillation learning ordinal guidance distillation feature consistency constraint,sentence-to-chunk,500,17,False,,0.8664821267127991,data\ACD.pdf,1,ACD_p1_chunk_25,65,1,1,0.7877110242843628,0.7877110242843628,sentence::ACD_p1_chunk_25::s0,distillation_learning,,"nize the merits of distillation learning, contrastive learning, and data augmenta- tion strategies to create more generalized models that improve model performance across varied scenes [Wang et al., 2024b; Wang et al., 2024a; Saunders et al., 2023 ]. For e"
always_clear_depth_ablation_components,content-only,ablation study components distillation learning ordinal guidance distillation feature consistency constraint,sentence-to-chunk,500,18,False,,0.8615410089492798,data\Repurposing Diffusion-Based Image Generators for Monocular Depth Estimation.pdf,12,Repurposing_Diffusion-Based_Image_Generators_for_Monocular_Depth_Estimation_p12_chunk_11,49,1,1,0.7832190990447998,0.7832190990447998,sentence::Repurposing_Diffusion-Based_Image_Generators_for_Monocular_Depth_Estimation_p12_chunk_11::s1,,,kely caused by the varying scene diversity and rendering quality of these two datasets. Table S3. Ablation study of the training dataset mixing strategy. Our method trained with only Hypersim delivers strong results. Outdoor performance is further enhanced
always_clear_depth_ablation_components,content-only,ablation study components distillation learning ordinal guidance distillation feature consistency constraint,sentence-to-chunk,500,19,False,,0.8554885625839234,data\ACD.pdf,4,ACD_p4_chunk_9,55,1,1,0.777716875076294,0.777716875076294,sentence::ACD_p4_chunk_9::s0,ordinal_guidance_distillation,,ed training set. Ordinal Guidance Distillation. 1) Uncertain Region Def- inition: We use the output from Depth Anything V2 model as the supervisory signal because it ensures accurate depth prediction while maintaining acceptable inference speed. D T and DS
always_clear_depth_ablation_components,content-only,ablation study components distillation learning ordinal guidance distillation feature consistency constraint,sentence-to-chunk,500,20,False,,0.8547919988632202,data\ACD.pdf,1,ACD_p1_chunk_9,52,1,1,0.7770836353302002,0.7770836353302002,sentence::ACD_p1_chunk_9::s1,ordinal_guidance_distillation,,"om various degradation inputs. In particular, we introduce an ordinal guidance distillation mecha- nism (OGD) that encourages the network to focus on uncertain regions through differential ranking, leading to a more precise depth estimation. Experi- mental"
always_clear_depth_ablation_components,content-only,ablation study components distillation learning ordinal guidance distillation feature consistency constraint,sentence-to-chunk,500,21,False,,0.8531478226184845,data\ACD.pdf,2,ACD_p2_chunk_17,54,1,1,0.7755889296531677,0.7755889296531677,sentence::ACD_p2_chunk_17::s0,ordinal_guidance_distillation,,"inal guidance distillation mechanism (OGD). In summary, the contributions are as follows: • We propose a practical multi-tuple degradation dataset generation scheme, and develop a novel robust monocu- lar depth estimation framework, termed as ACDepth for h"
always_clear_depth_ablation_components,content-only,ablation study components distillation learning ordinal guidance distillation feature consistency constraint,sentence-to-chunk,500,22,False,,0.8524203777313233,data\SSRDepth.pdf,12,SSRDepth_p12_chunk_1,126,1,1,0.7749276161193848,0.7749276161193848,sentence::SSRDepth_p12_chunk_1::s5,,,MSE↓ log10 ↓ F1↑ R↑ B-AbsRel↓ rawDepths 0.815 0.147 0.502 0.061 0.0191 0.0139 0.1970 Depths 0.812 0.147 0.500 0.060 0.0192 0.0142 0.1932 Fig. 16. Visualization of the model’s intermediate prediction results. Table 9 Ablation stud
always_clear_depth_ablation_components,content-only,ablation study components distillation learning ordinal guidance distillation feature consistency constraint,sentence-to-chunk,500,23,False,,0.8504629313945771,data\ACD.pdf,1,ACD_p1_chunk_27,43,1,1,0.7731481194496155,0.7731481194496155,sentence::ACD_p1_chunk_27::s0,distillation_learning,,GAN-based model and uses distillation learning to extract supervised signals from clear Proceedings of the Thirty-Fourth International Joint Conference on Artiﬁcial Intelligence (IJCAI-25) 1251
always_clear_depth_ablation_components,content-only,ablation study components distillation learning ordinal guidance distillation feature consistency constraint,sentence-to-chunk,500,24,False,,0.8460819363594055,data\MonoDiffusion.pdf,8,MonoDiffusion_p8_chunk_5,65,1,1,0.7691653966903687,0.7691653966903687,sentence::MonoDiffusion_p8_chunk_5::s0,,,"V ABLATION STUDY ON DIFFERENT INFERENCE STEPS . Fig. 7. Visualization of the denoising process involving 20 inference steps in total. E. Zero-shot Generalization In Table III, we verify the generalization ability of MonoD- iffusion in a fully zero-shot set"
always_clear_depth_ablation_components,content-only,ablation study components distillation learning ordinal guidance distillation feature consistency constraint,sentence-to-chunk,500,25,False,,0.8459700822830201,data\Repurposing Diffusion-Based Image Generators for Monocular Depth Estimation.pdf,8,Repurposing_Diffusion-Based_Image_Generators_for_Monocular_Depth_Estimation_p8_chunk_15,112,1,1,0.7690637111663818,0.7690637111663818,sentence::Repurposing_Diffusion-Based_Image_Generators_for_Monocular_Depth_Estimation_p8_chunk_15::s1,,,ration after 10 steps. Table 3. Ablation of training datasets. Hypersim [37] delivers strong results; Virtual KITTI [7] improves outdoor performance. HypersimVirtual KITTI NYUv2 KITTI AbsRel↓ δ1↑ AbsRel↓ δ1↑ ✗ ✓ 13.9 83.4 15.4 79.3 ✓ ✗ 5.7 96.3 13.7 82.5 ✓
always_clear_depth_ablation_components,content-only,ablation study components distillation learning ordinal guidance distillation feature consistency constraint,sentence-to-chunk,500,26,False,,0.8422829627990722,data\ACD.pdf,5,ACD_p5_chunk_5,98,1,1,0.765711784362793,0.765711784362793,sentence::ACD_p5_chunk_5::s1,feature_consistency_constraint,,"L r = 1 |Zg| ∑ p0,p1∈Zg ψ(p0,p 1)+ 1 |Zl| ∑ p0,p1∈Zl ψ(p0,p 1), (12) where Zg and Zl represent the global and local ordinal sam- pling sample sets, respectively. Feature Consistency Constraint. Since a robust model can provide the precise perception on bot"
always_clear_depth_ablation_components,content-only,ablation study components distillation learning ordinal guidance distillation feature consistency constraint,sentence-to-chunk,500,27,False,,0.8413533806800843,data\ACD.pdf,1,ACD_p1_chunk_24,49,1,1,0.7648667097091675,0.7648667097091675,sentence::ACD_p1_chunk_24::s1,distillation_learning,,", these meth- ods struggle to generalize to complex and diverse environ- ments, frequently encountered in real-world applications. To promote generalization, some efforts harmonize the merits of distillation learning, contrastive learning, and data augment"
always_clear_depth_ablation_components,content-only,ablation study components distillation learning ordinal guidance distillation feature consistency constraint,sentence-to-chunk,500,28,False,,0.8339523911476135,data\MonoDiffusion.pdf,8,MonoDiffusion_p8_chunk_13,59,1,1,0.7581385374069214,0.7581385374069214,sentence::MonoDiffusion_p8_chunk_13::s1,,,"ing (ID 2). By contrast, the pseudo ground-truth diffusion enables the model to achieve good performance (ID 3). We further appending the knowledge distillation loss in the training phase and achieves consistent improvements on almost all metrics (ID 4). F"
always_clear_depth_ablation_components,content-only,ablation study components distillation learning ordinal guidance distillation feature consistency constraint,sentence-to-chunk,500,29,False,,0.8317316353321076,data\Repurposing Diffusion-Based Image Generators for Monocular Depth Estimation.pdf,12,Repurposing_Diffusion-Based_Image_Generators_for_Monocular_Depth_Estimation_p12_chunk_15,84,1,1,0.7561196684837341,0.7561196684837341,sentence::Repurposing_Diffusion-Based_Image_Generators_for_Monocular_Depth_Estimation_p12_chunk_15::s2,,,"compared to feed-forward methods. Speed can be enhanced in future research, e.g. distillation for 2- or 4-step denoising schedules, and reducing prediction variance for smaller ensemble sizes. 1 2 5 10 # Ensemble size 2.0 4.0 6.0 8.0(sec/sample) 1 2 4 10 #"
always_clear_depth_ablation_components,content-only,ablation study components distillation learning ordinal guidance distillation feature consistency constraint,sentence-to-chunk,500,30,False,,0.8313627004623413,data\Single Image Depth Prediction with Wavelet Decomposition.pdf,9,Single_Image_Depth_Prediction_with_Wavelet_Decomposition_p9_chunk_21,80,1,1,0.755784273147583,0.755784273147583,sentence::Single_Image_Depth_Prediction_with_Wavelet_Decomposition_p9_chunk_21::s2,,,"nel pruning for accelerating very deep neural networks. In CVPR, 2017. [26] Geoffrey Hinton, Oriol Vinyals, and Jeff Dean. Distilling the knowledge in a neural network. arXiv:1503.02531, 2015. [27] Heiko Hirschmuller. Accurate and efﬁcient stereo processin"
always_clear_depth_ablation_components,content-only,ablation study components distillation learning ordinal guidance distillation feature consistency constraint,sentence-to-chunk,500,31,False,,0.8313627004623413,data\dav2.pdf,12,dav2_p12_chunk_6,90,1,1,0.755784273147583,0.755784273147583,sentence::dav2_p12_chunk_6::s2,,,"and Adrien Gaidon. Towards zero-shot scale-aware monocular depth estimation. In ICCV, 2023. 2, 3 [27] Geoffrey Hinton, Oriol Vinyals, and Jeff Dean. Distilling the knowledge in a neural network. arXiv:1503.02531, 2015. 6, 10 [28] Mu Hu, Wei Yin, Chi Zhang,"
always_clear_depth_ablation_components,content-only,ablation study components distillation learning ordinal guidance distillation feature consistency constraint,sentence-to-chunk,500,32,False,,0.8313627004623413,data\ACD.pdf,8,ACD_p8_chunk_16,93,1,1,0.755784273147583,0.755784273147583,sentence::ACD_p8_chunk_16::s1,,,"VPR, pages 770–778, 2016. [Hinton, 2015] Geoffrey Hinton. Distilling the knowledge in a neural network. arXiv, 2015. [Hu et al., 2021 ] Edward J Hu, Y elong Shen, Phillip Wallis, Zeyuan Allen-Zhu, Y uanzhi Li, Shean Wang, Lu Wang, and Weizhu Chen. Lora: Lo"
always_clear_depth_ablation_components,content-only,ablation study components distillation learning ordinal guidance distillation feature consistency constraint,sentence-to-chunk,500,33,False,,0.8297803521156311,data\SSRDepth.pdf,11,SSRDepth_p11_chunk_21,70,1,1,0.7543457746505737,0.7543457746505737,sentence::SSRDepth_p11_chunk_21::s1,,,"s essential to jointly con- strain semantic segmentation and depth coeﬃcients to enhance predic- tion accuracy. In addition, we conducted ablation experiments on the scaling factor 𝛾 of the scale alignment constraint, setting 𝛾 to 1, 0.75, 0.5 and 0.25"
always_clear_depth_ablation_components,content-only,ablation study components distillation learning ordinal guidance distillation feature consistency constraint,sentence-to-chunk,500,34,False,,0.8294583618640899,data\SSRDepth.pdf,12,SSRDepth_p12_chunk_5,107,1,1,0.7540530562400818,0.7540530562400818,sentence::SSRDepth_p12_chunk_5::s3,,,ng 𝛿1 ↑ AbsRel↓ RMSE↓ log10 ↓ no scale 0.790 0.280 2.026 0.078 single metric scale 0.789 0.237 1.971 0.079 segmentation scale 0.799 0.230 1.901 0.073 Table 11 Ablation study on semantic segmentation and scale alignment constraints. SC an
always_clear_depth_ablation_components,content-only,ablation study components distillation learning ordinal guidance distillation feature consistency constraint,sentence-to-chunk,500,35,False,,0.8294294476509094,data\dav2.pdf,10,dav2_p10_chunk_16,56,1,1,0.7540267705917358,0.7540267705917358,sentence::dav2_p10_chunk_16::s2,,,"es especially when we replace all labeled real images with synthetic images [22, 23, 61]. We demonstrate “precise synthetic data + pseudo-labeled real data” is a more promising roadmap than labeled real data. Knowledge distillation. We distill transferable"
always_clear_depth_ablation_components,content-only,ablation study components distillation learning ordinal guidance distillation feature consistency constraint,sentence-to-chunk,500,36,False,,0.8293388366699219,data\Monocular Depth Estimation.pdf,13,Monocular_Depth_Estimation_p13_chunk_7,113,1,1,0.7539443969726562,0.7539443969726562,sentence::Monocular_Depth_Estimation_p13_chunk_7::s3,,,.131 1.023 5.064 0.206 0.849 0.951 0.979 Monodepth2ResNet 50 ✓ ✓ ✓ R50 ✓ 0.110 0.831 4.642 0.187 0.883 0.962 0.982 Table 6. Ablation. Results for different variants of our model (Monodepth2) with monocular training (except where speciﬁed) on KITTI 2015 [13
always_clear_depth_ablation_components,content-only,ablation study components distillation learning ordinal guidance distillation feature consistency constraint,sentence-to-chunk,500,37,False,,0.8249320745468139,data\s.pdf,8,s_p8_chunk_16,53,1,1,0.7499382495880127,0.7499382495880127,sentence::s_p8_chunk_16::s1,,,"eliable regions. More visualization results can be seen in supplementary. 5. Ablations To verify the effectiveness of each stage and the designed modules, we conduct ablations on learning from the cost volume ( Lcv), real adaptation without designed strate"
always_clear_depth_ablation_components,content-only,ablation study components distillation learning ordinal guidance distillation feature consistency constraint,sentence-to-chunk,500,38,False,,0.8244447946548462,data\Monocular Depth Estimation.pdf,16,Monocular_Depth_Estimation_p16_chunk_12,141,1,1,0.749495267868042,0.749495267868042,sentence::Monocular_Depth_Estimation_p16_chunk_12::s6,,,MS 416×128 ✓ 0.118 0.935 5.119 0.210 0.852 0.949 0.976 11 Monodepth2MS 640×192 ✓ 0.106 0.818 4.750 0.196 0.874 0.957 0.979 15 Monodepth2MS 1024×320 ✓ 0.106 0.806 4.630 0.193 0.876 0.958 0.980 7.5 + 10† Table 11. Ablation study on the input/output resolutio
always_clear_depth_ablation_components,content-only,ablation study components distillation learning ordinal guidance distillation feature consistency constraint,sentence-to-chunk,500,39,False,,0.8239673495292663,data\Robust Monocular Depth Estimation under Challenging Conditions.pdf,4,Robust_Monocular_Depth_Estimation_under_Challenging_Conditions_p4_chunk_18,54,1,1,0.7490612268447876,0.7490612268447876,sentence::Robust_Monocular_Depth_Estimation_under_Challenging_Conditions_p4_chunk_18::s0,,,"to learn robust features agnostic of the input condition. The Appendix shows how perform- ing this step only during training delivers similar results. Then, in the case of particularly noisy night samples (e.g., nuScenes [3]), we augment the inputs with he"
always_clear_depth_ablation_components,content-only,ablation study components distillation learning ordinal guidance distillation feature consistency constraint,sentence-to-chunk,500,40,False,,0.8235188841819763,data\dav2.pdf,6,dav2_p6_chunk_9,54,1,1,0.7486535310745239,0.7486535310745239,sentence::dav2_p6_chunk_9::s0,,,"ilar to knowledge distillation [27]. But differently, our distillation is enforced at the label level via extra unlabeled real data, instead of at the feature or logit level with original labeled data. This practice is safer because there is evidence showi"
always_clear_depth_ablation_components,content-only,ablation study components distillation learning ordinal guidance distillation feature consistency constraint,sentence-to-chunk,500,41,False,,0.8225546836853027,data\dav2.pdf,10,dav2_p10_chunk_18,59,1,1,0.747776985168457,0.747776985168457,sentence::dav2_p10_chunk_18::s0,,,"irit of knowledge distillation (KD) [27]. But we are also fundamentally different in that we perform distillation at the prediction level through extra unlabeled real images, while KD [2, 73, 100] typically studies better distillation strategies at the fea"
always_clear_depth_ablation_components,content-only,ablation study components distillation learning ordinal guidance distillation feature consistency constraint,sentence-to-chunk,500,42,False,,0.8217018127441407,data\Monocular Depth Estimation.pdf,13,Monocular_Depth_Estimation_p13_chunk_10,62,1,1,0.7470016479492188,0.7470016479492188,sentence::Monocular_Depth_Estimation_p13_chunk_10::s2,,,"oss. pose network in contrast to previous works which use three [76, 62] or more for their depth estimation experiments. In Section H we validate the beneﬁt of bringing additional pa- rameters to the pose network. C. Additional Ablation Experiments In Tabl"
always_clear_depth_ablation_components,content-only,ablation study components distillation learning ordinal guidance distillation feature consistency constraint,sentence-to-chunk,500,43,False,,0.8187416791915894,data\MonoDiffusion.pdf,4,MonoDiffusion_p4_chunk_1,58,1,1,0.7443106174468994,0.7443106174468994,sentence::MonoDiffusion_p4_chunk_1::s2,,,"odel to a student model, which is beneficial to improve the results [11]. To mitigate the adverse impact of depth error in the pseudo ground-truth, we apply a multi-view check filter [25] to filter out erroneous depth. The knowledge distillation loss is th"
always_clear_depth_ablation_components,content-only,ablation study components distillation learning ordinal guidance distillation feature consistency constraint,sentence-to-chunk,500,44,False,,0.8185405254364013,data\s.pdf,8,s_p8_chunk_17,55,1,1,0.7441277503967285,0.7441277503967285,sentence::s_p8_chunk_17::s0,,,"on learning from the cost volume ( Lcv), real adaptation without designed strategies (RA), consistency reweighting (CR), and structure prior constraint (LKL dis ). Additionally, we compare learning from the cost volume with direct learning from daytime fea"
always_clear_depth_ablation_components,content-only,ablation study components distillation learning ordinal guidance distillation feature consistency constraint,sentence-to-chunk,500,45,False,,0.8179400146007538,data\ACD.pdf,6,ACD_p6_chunk_22,58,1,1,0.7435818314552307,0.7435818314552307,sentence::ACD_p6_chunk_22::s2,ordinal_guidance_distillation,,"ing the absRel metric by 22.16% for night scene and 10.69% for rainy scene on the nuScenes. Then we construct another model with additional ordinal guidance distillation (OGD), which provides more precise supervision signals for degraded conditions. By con"
always_clear_depth_ablation_components,content-only,ablation study components distillation learning ordinal guidance distillation feature consistency constraint,sentence-to-chunk,500,46,False,,0.8173635005950928,data\Jasmine.pdf,21,Jasmine_p21_chunk_14,59,1,1,0.7430577278137207,0.7430577278137207,sentence::Jasmine_p21_chunk_14::s1,,,"y considering our more challenging problem setting, further demonstrates the substantial strength and generalizability of our approach. E.3 Qualitative Comparisons Table 6:Ablation Studieson the mix-batch ratio. Ph refers to supervision using Eq. 5, while"
always_clear_depth_ablation_components,content-only,ablation study components distillation learning ordinal guidance distillation feature consistency constraint,sentence-to-chunk,500,47,False,,0.8171706736087799,data\Repurposing Diffusion-Based Image Generators for Monocular Depth Estimation.pdf,8,Repurposing_Diffusion-Based_Image_Generators_for_Monocular_Depth_Estimation_p8_chunk_1,74,1,1,0.7428824305534363,0.7428824305534363,sentence::Repurposing_Diffusion-Based_Image_Generators_for_Monocular_Depth_Estimation_p8_chunk_1::s3,,,87.87 88.19 88.50 88.82 δ1 (%) Figure 6. Ablation of ensemble size. We observe a monotonic improvement with the growth of ensemble size. This improvement starts to diminish after 10 predictions per sample. Table 2. Ablation of training noise. Multi-resolut
always_clear_depth_ablation_components,content-only,ablation study components distillation learning ordinal guidance distillation feature consistency constraint,sentence-to-chunk,500,48,False,,0.8170804560184479,data\DepthDark.pdf,8,DepthDark_p8_chunk_18,78,1,1,0.7428004145622253,0.7428004145622253,sentence::DepthDark_p8_chunk_18::s0,,,systematic ablation experiments to evaluate the performance gains introduced by the LLDG and LLPEFT modules. The experimental results demonstrate Method ParameterABS rel↓ Sq rel↓ RMSE↓ RMSE log↓ 𝛿1↑ 𝛿2↑ 𝛿3↑Test on nuScenes-NightDepth Anything V2 97.470M 0.
always_clear_depth_ablation_components,content-only,ablation study components distillation learning ordinal guidance distillation feature consistency constraint,sentence-to-chunk,500,49,False,,0.8136261582374573,data\Global-Local.pdf,1,Global-Local_p1_chunk_25,50,1,1,0.7396601438522339,0.7396601438522339,sentence::Global-Local_p1_chunk_25::s0,,,"speciﬁc data augmentation technique to boost the model ca- pability. Data augmentation plays an important role in opti- mizing the network and can accelerate the model performance without additional computational costs. Nevertheless, data augmentation for"
always_clear_depth_ablation_components,content-only,ablation study components distillation learning ordinal guidance distillation feature consistency constraint,sentence-to-chunk,500,50,False,,0.813105833530426,data\ACD.pdf,2,ACD_p2_chunk_20,64,1,1,0.7391871213912964,0.7391871213912964,sentence::ACD_p2_chunk_20::s0,ordinal_guidance_distillation,,"d- ance distillation mechanism (OGD) to heartens the net- work to focus on uncertain regions through differential ranking. • Extensive experiments demonstrate the effectiveness of ACDepth, surpassing md4all-DD by 2.50% for night scene and 2.61% for rainy s"
always_clear_depth_ablation_components,content-only,ablation study components distillation learning ordinal guidance distillation feature consistency constraint,sentence-to-chunk,1000,1,True,1,1.0592493832111358,data\ACD.pdf,7,ACD_p7_chunk_7,90,1,1,0.9629539847373962,0.9629539847373962,sentence::ACD_p7_chunk_7::s0,"distillation_learning,ordinal_guidance_distillation,feature_consistency_constraint",,"zation of ablation study on the distillation learning, feature consistency constraint and ordinal guidance distillation. DL OGD FCC day-clear night day-rain absRel RMSE absRel RMSE absRel RMSE N 0.1333 6.459 0.2419 10.922 0.1572 7.453 ✓ 0.1335 6.408 0.1883"
always_clear_depth_ablation_components,content-only,ablation study components distillation learning ordinal guidance distillation feature consistency constraint,sentence-to-chunk,1000,2,True,2,1.0319183409214019,data\ACD.pdf,7,ACD_p7_chunk_10,90,2,2,0.8712219595909119,1.6069638133049011,sentence::ACD_p7_chunk_10::s2|sentence::ACD_p7_chunk_10::s1,"distillation_learning,ordinal_guidance_distillation,feature_consistency_constraint",,"3.458 0.704 ✓✓ ✓ 0.1107 3.084 0.591 0.1206 3.432 0.690 Table 3: Ablation study of Design Components. N: nuScenes, R: RobotCar, DL: distillation learning, OGD: ordinal guidance distilla- tion, FCC: feature consistency constraint. provements in model perform"
always_clear_depth_ablation_components,content-only,ablation study components distillation learning ordinal guidance distillation feature consistency constraint,sentence-to-chunk,1000,3,True,3,0.9870662450790405,data\ACD.pdf,7,ACD_p7_chunk_16,48,2,2,0.8226001262664795,1.6446611881256104,sentence::ACD_p7_chunk_16::s2|sentence::ACD_p7_chunk_16::s1,ordinal_guidance_distillation,,"us on uncertain regions, resulting in more robust depth estimation. Evaluation on Ordinal Guidance Distillation. In this sec- tion, we investigate the impact of different sampling methods on ordinal guidance distillation, with the experimental results pres"
always_clear_depth_ablation_components,content-only,ablation study components distillation learning ordinal guidance distillation feature consistency constraint,sentence-to-chunk,1000,4,True,4,0.9737113535404205,data\ACD.pdf,7,ACD_p7_chunk_11,64,2,2,0.8158116340637207,1.5789971947669983,sentence::ACD_p7_chunk_11::s0|sentence::ACD_p7_chunk_11::s3,feature_consistency_constraint,,"distilla- tion, FCC: feature consistency constraint. provements in model performance, reducing the absRel met- ric by 0.54% for day scene and 0.73% for night scene on the RobotCar. In addition, we introduce the feature consistency constraint (FCC) to evalu"
always_clear_depth_ablation_components,content-only,ablation study components distillation learning ordinal guidance distillation feature consistency constraint,sentence-to-chunk,1000,5,True,5,0.9543108522891999,data\ACD.pdf,7,ACD_p7_chunk_6,92,1,1,0.8675553202629089,0.8675553202629089,sentence::ACD_p7_chunk_6::s1,distillation_learning,,"et. Trailing 0 added to the values from [V ankadari et al., 2023 ] and [Tosi et al., 2025 ]. Notation from Table 1. :'/)&& 2ULJLQ,PDJH :'/ :'/)&&2*' Figure 5: Visualization of ablation study on the distillation learning, feature consistency const"
always_clear_depth_ablation_components,content-only,ablation study components distillation learning ordinal guidance distillation feature consistency constraint,sentence-to-chunk,1000,6,True,6,0.940083485841751,data\ACD.pdf,4,ACD_p4_chunk_5,56,1,1,0.8546213507652283,0.8546213507652283,sentence::ACD_p4_chunk_5::s1,distillation_learning,,"ove the student model’s generalization across diverse scenarios, we incorporated a feature constraint loss L c. Distillation Learning. Similar to the existing technol- ogy [Gasperini et al., 2023 ], the commonly used multi-scale feature distillation loss b"
always_clear_depth_ablation_components,content-only,ablation study components distillation learning ordinal guidance distillation feature consistency constraint,sentence-to-chunk,1000,7,True,7,0.9259912490844726,data\ACD.pdf,6,ACD_p6_chunk_21,69,1,1,0.8418102264404297,0.8418102264404297,sentence::ACD_p6_chunk_21::s1,distillation_learning,,"d on daytime scenes [Gasperini et al., 2023 ]. Based on this, we introduce the distillation learning (DL) to pro- mote training with more robust feature representation, reduc- ing the absRel metric by 22.16% for night scene and 10.69% for rainy scene on th"
always_clear_depth_ablation_components,content-only,ablation study components distillation learning ordinal guidance distillation feature consistency constraint,sentence-to-chunk,1000,8,True,8,0.9238051116466522,data\ACD.pdf,7,ACD_p7_chunk_17,52,1,1,0.8398228287696838,0.8398228287696838,sentence::ACD_p7_chunk_17::s0,ordinal_guidance_distillation,,"ing methods on ordinal guidance distillation, with the experimental results presented in Table 4. Our OGD strategy employs two sam- pling methods: global and local sampling. We observed that model performance became more reliable as both sampling methods w"
always_clear_depth_ablation_components,content-only,ablation study components distillation learning ordinal guidance distillation feature consistency constraint,sentence-to-chunk,1000,9,True,9,0.9056795358657836,data\Repurposing Diffusion-Based Image Generators for Monocular Depth Estimation.pdf,8,Repurposing_Diffusion-Based_Image_Generators_for_Monocular_Depth_Estimation_p8_chunk_14,88,2,2,0.7584066390991211,1.472728967666626,sentence::Repurposing_Diffusion-Based_Image_Generators_for_Monocular_Depth_Estimation_p8_chunk_14::s3|sentence::Repurposing_Diffusion-Based_Image_Generators_for_Monocular_Depth_Estimation_p8_chunk_14::s1,,,"98.9 δ1 (%) 21.4 39.0 56.6 74.3 91.9 δ1 (%) Figure 7. Ablation of denoising steps. The performance improves as the number of denoising steps increases, while we observe satu- ration after 10 steps. Table 3. Ablation of training datasets. Hypersim [37] del"
always_clear_depth_ablation_components,content-only,ablation study components distillation learning ordinal guidance distillation feature consistency constraint,sentence-to-chunk,1000,10,True,10,0.8977002382278443,data\ACD.pdf,2,ACD_p2_chunk_19,57,2,2,0.7484647035598755,1.4923553466796875,sentence::ACD_p2_chunk_19::s0|sentence::ACD_p2_chunk_19::s1,ordinal_guidance_distillation,,"distillation strategy (MKD) to achieve the complete transfer and alignment of capabilities from the teacher model to stu- dent model. In addition, we introduce the ordinal guid- ance distillation mechanism (OGD) to heartens the net- work to focus on uncer"
always_clear_depth_ablation_components,content-only,ablation study components distillation learning ordinal guidance distillation feature consistency constraint,sentence-to-chunk,1000,11,True,11,0.8969619035720825,data\ACD.pdf,5,ACD_p5_chunk_24,57,1,1,0.8154199123382568,0.8154199123382568,sentence::ACD_p5_chunk_24::s0,ordinal_guidance_distillation,,"for ordinal guidance distillation. Fur- ther details on the model training procedure and dataset trans- lation process are provided in the appendix. 4.3 Comparison with SoTAs In this section, we evaluate our model on the nuScenes and RobotCar datasets. Qua"
always_clear_depth_ablation_components,content-only,ablation study components distillation learning ordinal guidance distillation feature consistency constraint,sentence-to-chunk,1000,12,True,12,0.8913215339183808,data\ACD.pdf,4,ACD_p4_chunk_8,106,1,1,0.8102923035621643,0.8102923035621643,sentence::ACD_p4_chunk_8::s1,ordinal_guidance_distillation,,"S S∑ s=1 1 Ns Ns∑ j=1 ⏐⏐ ⏐F T (ei)js −FS (mi)js ⏐ ⏐ ⏐ FS (mi)js , (7) where S denotes the number of different scales and mi rep- resents a sample randomly selected from the mixed training set. Ordinal Guidance Distillation. 1) Uncertain Region Def- inition"
always_clear_depth_ablation_components,content-only,ablation study components distillation learning ordinal guidance distillation feature consistency constraint,sentence-to-chunk,1000,13,True,13,0.8875818312168121,data\ACD.pdf,3,ACD_p3_chunk_0,47,1,1,0.8068925738334656,0.8068925738334656,sentence::ACD_p3_chunk_0::s0,distillation_learning,,2.2 Distillation Learning Early distillation learning methods primarily focus on model compression and acceleration. A classic example of distilla- tion learning is to guide the training of student models by softening the output probability distribution of
always_clear_depth_ablation_components,content-only,ablation study components distillation learning ordinal guidance distillation feature consistency constraint,sentence-to-chunk,1000,14,True,14,0.8873172104358673,data\ACD.pdf,2,ACD_p2_chunk_16,51,1,1,0.8066520094871521,0.8066520094871521,sentence::ACD_p2_chunk_16::s1,"distillation_learning,ordinal_guidance_distillation",,"e teacher model to provide comprehen- sive supervision and guidance to the student model. Besides the commonly used feature and result distillation learning, we pioneer the ordinal guidance distillation mechanism (OGD). In summary, the contributions are as"
always_clear_depth_ablation_components,content-only,ablation study components distillation learning ordinal guidance distillation feature consistency constraint,sentence-to-chunk,1000,15,False,,0.8867585241794587,data\DepthDark.pdf,8,DepthDark_p8_chunk_26,53,2,2,0.7413989901542664,1.4535953402519226,sentence::DepthDark_p8_chunk_26::s1|sentence::DepthDark_p8_chunk_26::s0,,,"nation guidance and multiscale feature fusion, significantly enhancing the robustness of the foundation model in extreme low- light conditions. 5.2 Ablation on Parameter Efficient Fine Tuning To thoroughly evaluate the effectiveness of LLPEFT, we conduct s"
always_clear_depth_ablation_components,content-only,ablation study components distillation learning ordinal guidance distillation feature consistency constraint,sentence-to-chunk,1000,16,False,,0.8699523568153381,data\Lite-Mono.pdf,8,Lite-Mono_p8_chunk_6,111,1,1,0.7908657789230347,0.7908657789230347,sentence::Lite-Mono_p8_chunk_6::s4,,,3.062M 4.4 0.109 0.842 4.700 0.186 0.883 0.960 0.982 w/o cross-stage connections2.942M 4.4 0.108 0.834 4.683 0.185 0.884 0.962 0.982 Table 5. Ablation study on model architectures. All the models are trained and tested on KITTI with the input size 640× 192
always_clear_depth_ablation_components,content-only,ablation study components distillation learning ordinal guidance distillation feature consistency constraint,sentence-to-chunk,1000,17,False,,0.8664821267127991,data\ACD.pdf,1,ACD_p1_chunk_25,65,1,1,0.7877110242843628,0.7877110242843628,sentence::ACD_p1_chunk_25::s0,distillation_learning,,"nize the merits of distillation learning, contrastive learning, and data augmenta- tion strategies to create more generalized models that improve model performance across varied scenes [Wang et al., 2024b; Wang et al., 2024a; Saunders et al., 2023 ]. For e"
always_clear_depth_ablation_components,content-only,ablation study components distillation learning ordinal guidance distillation feature consistency constraint,sentence-to-chunk,1000,18,False,,0.8615410089492798,data\Repurposing Diffusion-Based Image Generators for Monocular Depth Estimation.pdf,12,Repurposing_Diffusion-Based_Image_Generators_for_Monocular_Depth_Estimation_p12_chunk_11,49,1,1,0.7832190990447998,0.7832190990447998,sentence::Repurposing_Diffusion-Based_Image_Generators_for_Monocular_Depth_Estimation_p12_chunk_11::s1,,,kely caused by the varying scene diversity and rendering quality of these two datasets. Table S3. Ablation study of the training dataset mixing strategy. Our method trained with only Hypersim delivers strong results. Outdoor performance is further enhanced
always_clear_depth_ablation_components,content-only,ablation study components distillation learning ordinal guidance distillation feature consistency constraint,sentence-to-chunk,1000,19,False,,0.8554885625839234,data\ACD.pdf,4,ACD_p4_chunk_9,55,1,1,0.777716875076294,0.777716875076294,sentence::ACD_p4_chunk_9::s0,ordinal_guidance_distillation,,ed training set. Ordinal Guidance Distillation. 1) Uncertain Region Def- inition: We use the output from Depth Anything V2 model as the supervisory signal because it ensures accurate depth prediction while maintaining acceptable inference speed. D T and DS
always_clear_depth_ablation_components,content-only,ablation study components distillation learning ordinal guidance distillation feature consistency constraint,sentence-to-chunk,1000,20,False,,0.8547919988632202,data\ACD.pdf,1,ACD_p1_chunk_9,52,1,1,0.7770836353302002,0.7770836353302002,sentence::ACD_p1_chunk_9::s1,ordinal_guidance_distillation,,"om various degradation inputs. In particular, we introduce an ordinal guidance distillation mecha- nism (OGD) that encourages the network to focus on uncertain regions through differential ranking, leading to a more precise depth estimation. Experi- mental"
always_clear_depth_ablation_components,content-only,ablation study components distillation learning ordinal guidance distillation feature consistency constraint,sentence-to-chunk,1000,21,False,,0.8531478226184845,data\ACD.pdf,2,ACD_p2_chunk_17,54,1,1,0.7755889296531677,0.7755889296531677,sentence::ACD_p2_chunk_17::s0,ordinal_guidance_distillation,,"inal guidance distillation mechanism (OGD). In summary, the contributions are as follows: • We propose a practical multi-tuple degradation dataset generation scheme, and develop a novel robust monocu- lar depth estimation framework, termed as ACDepth for h"
always_clear_depth_ablation_components,content-only,ablation study components distillation learning ordinal guidance distillation feature consistency constraint,sentence-to-chunk,1000,22,False,,0.8524203777313233,data\SSRDepth.pdf,12,SSRDepth_p12_chunk_1,126,1,1,0.7749276161193848,0.7749276161193848,sentence::SSRDepth_p12_chunk_1::s5,,,MSE↓ log10 ↓ F1↑ R↑ B-AbsRel↓ rawDepths 0.815 0.147 0.502 0.061 0.0191 0.0139 0.1970 Depths 0.812 0.147 0.500 0.060 0.0192 0.0142 0.1932 Fig. 16. Visualization of the model’s intermediate prediction results. Table 9 Ablation stud
always_clear_depth_ablation_components,content-only,ablation study components distillation learning ordinal guidance distillation feature consistency constraint,sentence-to-chunk,1000,23,False,,0.8504629313945771,data\ACD.pdf,1,ACD_p1_chunk_27,43,1,1,0.7731481194496155,0.7731481194496155,sentence::ACD_p1_chunk_27::s0,distillation_learning,,GAN-based model and uses distillation learning to extract supervised signals from clear Proceedings of the Thirty-Fourth International Joint Conference on Artiﬁcial Intelligence (IJCAI-25) 1251
always_clear_depth_ablation_components,content-only,ablation study components distillation learning ordinal guidance distillation feature consistency constraint,sentence-to-chunk,1000,24,False,,0.8460819363594055,data\MonoDiffusion.pdf,8,MonoDiffusion_p8_chunk_5,65,1,1,0.7691653966903687,0.7691653966903687,sentence::MonoDiffusion_p8_chunk_5::s0,,,"V ABLATION STUDY ON DIFFERENT INFERENCE STEPS . Fig. 7. Visualization of the denoising process involving 20 inference steps in total. E. Zero-shot Generalization In Table III, we verify the generalization ability of MonoD- iffusion in a fully zero-shot set"
always_clear_depth_ablation_components,content-only,ablation study components distillation learning ordinal guidance distillation feature consistency constraint,sentence-to-chunk,1000,25,False,,0.8459700822830201,data\Repurposing Diffusion-Based Image Generators for Monocular Depth Estimation.pdf,8,Repurposing_Diffusion-Based_Image_Generators_for_Monocular_Depth_Estimation_p8_chunk_15,112,1,1,0.7690637111663818,0.7690637111663818,sentence::Repurposing_Diffusion-Based_Image_Generators_for_Monocular_Depth_Estimation_p8_chunk_15::s1,,,ration after 10 steps. Table 3. Ablation of training datasets. Hypersim [37] delivers strong results; Virtual KITTI [7] improves outdoor performance. HypersimVirtual KITTI NYUv2 KITTI AbsRel↓ δ1↑ AbsRel↓ δ1↑ ✗ ✓ 13.9 83.4 15.4 79.3 ✓ ✗ 5.7 96.3 13.7 82.5 ✓
always_clear_depth_ablation_components,content-only,ablation study components distillation learning ordinal guidance distillation feature consistency constraint,sentence-to-chunk,1000,26,False,,0.8422829627990722,data\ACD.pdf,5,ACD_p5_chunk_5,98,1,1,0.765711784362793,0.765711784362793,sentence::ACD_p5_chunk_5::s1,feature_consistency_constraint,,"L r = 1 |Zg| ∑ p0,p1∈Zg ψ(p0,p 1)+ 1 |Zl| ∑ p0,p1∈Zl ψ(p0,p 1), (12) where Zg and Zl represent the global and local ordinal sam- pling sample sets, respectively. Feature Consistency Constraint. Since a robust model can provide the precise perception on bot"
always_clear_depth_ablation_components,content-only,ablation study components distillation learning ordinal guidance distillation feature consistency constraint,sentence-to-chunk,1000,27,False,,0.8413533806800843,data\ACD.pdf,1,ACD_p1_chunk_24,49,1,1,0.7648667097091675,0.7648667097091675,sentence::ACD_p1_chunk_24::s1,distillation_learning,,", these meth- ods struggle to generalize to complex and diverse environ- ments, frequently encountered in real-world applications. To promote generalization, some efforts harmonize the merits of distillation learning, contrastive learning, and data augment"
always_clear_depth_ablation_components,content-only,ablation study components distillation learning ordinal guidance distillation feature consistency constraint,sentence-to-chunk,1000,28,False,,0.8339523911476135,data\MonoDiffusion.pdf,8,MonoDiffusion_p8_chunk_13,59,1,1,0.7581385374069214,0.7581385374069214,sentence::MonoDiffusion_p8_chunk_13::s1,,,"ing (ID 2). By contrast, the pseudo ground-truth diffusion enables the model to achieve good performance (ID 3). We further appending the knowledge distillation loss in the training phase and achieves consistent improvements on almost all metrics (ID 4). F"
always_clear_depth_ablation_components,content-only,ablation study components distillation learning ordinal guidance distillation feature consistency constraint,sentence-to-chunk,1000,29,False,,0.8317316353321076,data\Repurposing Diffusion-Based Image Generators for Monocular Depth Estimation.pdf,12,Repurposing_Diffusion-Based_Image_Generators_for_Monocular_Depth_Estimation_p12_chunk_15,84,1,1,0.7561196684837341,0.7561196684837341,sentence::Repurposing_Diffusion-Based_Image_Generators_for_Monocular_Depth_Estimation_p12_chunk_15::s2,,,"compared to feed-forward methods. Speed can be enhanced in future research, e.g. distillation for 2- or 4-step denoising schedules, and reducing prediction variance for smaller ensemble sizes. 1 2 5 10 # Ensemble size 2.0 4.0 6.0 8.0(sec/sample) 1 2 4 10 #"
always_clear_depth_ablation_components,content-only,ablation study components distillation learning ordinal guidance distillation feature consistency constraint,sentence-to-chunk,1000,30,False,,0.8313627004623413,data\Single Image Depth Prediction with Wavelet Decomposition.pdf,9,Single_Image_Depth_Prediction_with_Wavelet_Decomposition_p9_chunk_21,80,1,1,0.755784273147583,0.755784273147583,sentence::Single_Image_Depth_Prediction_with_Wavelet_Decomposition_p9_chunk_21::s2,,,"nel pruning for accelerating very deep neural networks. In CVPR, 2017. [26] Geoffrey Hinton, Oriol Vinyals, and Jeff Dean. Distilling the knowledge in a neural network. arXiv:1503.02531, 2015. [27] Heiko Hirschmuller. Accurate and efﬁcient stereo processin"
always_clear_depth_ablation_components,content-only,ablation study components distillation learning ordinal guidance distillation feature consistency constraint,sentence-to-chunk,1000,31,False,,0.8313627004623413,data\dav2.pdf,12,dav2_p12_chunk_6,90,1,1,0.755784273147583,0.755784273147583,sentence::dav2_p12_chunk_6::s2,,,"and Adrien Gaidon. Towards zero-shot scale-aware monocular depth estimation. In ICCV, 2023. 2, 3 [27] Geoffrey Hinton, Oriol Vinyals, and Jeff Dean. Distilling the knowledge in a neural network. arXiv:1503.02531, 2015. 6, 10 [28] Mu Hu, Wei Yin, Chi Zhang,"
always_clear_depth_ablation_components,content-only,ablation study components distillation learning ordinal guidance distillation feature consistency constraint,sentence-to-chunk,1000,32,False,,0.8313627004623413,data\ACD.pdf,8,ACD_p8_chunk_16,93,1,1,0.755784273147583,0.755784273147583,sentence::ACD_p8_chunk_16::s1,,,"VPR, pages 770–778, 2016. [Hinton, 2015] Geoffrey Hinton. Distilling the knowledge in a neural network. arXiv, 2015. [Hu et al., 2021 ] Edward J Hu, Y elong Shen, Phillip Wallis, Zeyuan Allen-Zhu, Y uanzhi Li, Shean Wang, Lu Wang, and Weizhu Chen. Lora: Lo"
always_clear_depth_ablation_components,content-only,ablation study components distillation learning ordinal guidance distillation feature consistency constraint,sentence-to-chunk,1000,33,False,,0.8297803521156311,data\SSRDepth.pdf,11,SSRDepth_p11_chunk_21,70,1,1,0.7543457746505737,0.7543457746505737,sentence::SSRDepth_p11_chunk_21::s1,,,"s essential to jointly con- strain semantic segmentation and depth coeﬃcients to enhance predic- tion accuracy. In addition, we conducted ablation experiments on the scaling factor 𝛾 of the scale alignment constraint, setting 𝛾 to 1, 0.75, 0.5 and 0.25"
always_clear_depth_ablation_components,content-only,ablation study components distillation learning ordinal guidance distillation feature consistency constraint,sentence-to-chunk,1000,34,False,,0.8294583618640899,data\SSRDepth.pdf,12,SSRDepth_p12_chunk_5,107,1,1,0.7540530562400818,0.7540530562400818,sentence::SSRDepth_p12_chunk_5::s3,,,ng 𝛿1 ↑ AbsRel↓ RMSE↓ log10 ↓ no scale 0.790 0.280 2.026 0.078 single metric scale 0.789 0.237 1.971 0.079 segmentation scale 0.799 0.230 1.901 0.073 Table 11 Ablation study on semantic segmentation and scale alignment constraints. SC an
always_clear_depth_ablation_components,content-only,ablation study components distillation learning ordinal guidance distillation feature consistency constraint,sentence-to-chunk,1000,35,False,,0.8294294476509094,data\dav2.pdf,10,dav2_p10_chunk_16,56,1,1,0.7540267705917358,0.7540267705917358,sentence::dav2_p10_chunk_16::s2,,,"es especially when we replace all labeled real images with synthetic images [22, 23, 61]. We demonstrate “precise synthetic data + pseudo-labeled real data” is a more promising roadmap than labeled real data. Knowledge distillation. We distill transferable"
always_clear_depth_ablation_components,content-only,ablation study components distillation learning ordinal guidance distillation feature consistency constraint,sentence-to-chunk,1000,36,False,,0.8293388366699219,data\Monocular Depth Estimation.pdf,13,Monocular_Depth_Estimation_p13_chunk_7,113,1,1,0.7539443969726562,0.7539443969726562,sentence::Monocular_Depth_Estimation_p13_chunk_7::s3,,,.131 1.023 5.064 0.206 0.849 0.951 0.979 Monodepth2ResNet 50 ✓ ✓ ✓ R50 ✓ 0.110 0.831 4.642 0.187 0.883 0.962 0.982 Table 6. Ablation. Results for different variants of our model (Monodepth2) with monocular training (except where speciﬁed) on KITTI 2015 [13
always_clear_depth_ablation_components,content-only,ablation study components distillation learning ordinal guidance distillation feature consistency constraint,sentence-to-chunk,1000,37,False,,0.8249320745468139,data\s.pdf,8,s_p8_chunk_16,53,1,1,0.7499382495880127,0.7499382495880127,sentence::s_p8_chunk_16::s1,,,"eliable regions. More visualization results can be seen in supplementary. 5. Ablations To verify the effectiveness of each stage and the designed modules, we conduct ablations on learning from the cost volume ( Lcv), real adaptation without designed strate"
always_clear_depth_ablation_components,content-only,ablation study components distillation learning ordinal guidance distillation feature consistency constraint,sentence-to-chunk,1000,38,False,,0.8244447946548462,data\Monocular Depth Estimation.pdf,16,Monocular_Depth_Estimation_p16_chunk_12,141,1,1,0.749495267868042,0.749495267868042,sentence::Monocular_Depth_Estimation_p16_chunk_12::s6,,,MS 416×128 ✓ 0.118 0.935 5.119 0.210 0.852 0.949 0.976 11 Monodepth2MS 640×192 ✓ 0.106 0.818 4.750 0.196 0.874 0.957 0.979 15 Monodepth2MS 1024×320 ✓ 0.106 0.806 4.630 0.193 0.876 0.958 0.980 7.5 + 10† Table 11. Ablation study on the input/output resolutio
always_clear_depth_ablation_components,content-only,ablation study components distillation learning ordinal guidance distillation feature consistency constraint,sentence-to-chunk,1000,39,False,,0.8239673495292663,data\Robust Monocular Depth Estimation under Challenging Conditions.pdf,4,Robust_Monocular_Depth_Estimation_under_Challenging_Conditions_p4_chunk_18,54,1,1,0.7490612268447876,0.7490612268447876,sentence::Robust_Monocular_Depth_Estimation_under_Challenging_Conditions_p4_chunk_18::s0,,,"to learn robust features agnostic of the input condition. The Appendix shows how perform- ing this step only during training delivers similar results. Then, in the case of particularly noisy night samples (e.g., nuScenes [3]), we augment the inputs with he"
always_clear_depth_ablation_components,content-only,ablation study components distillation learning ordinal guidance distillation feature consistency constraint,sentence-to-chunk,1000,40,False,,0.8235188841819763,data\dav2.pdf,6,dav2_p6_chunk_9,54,1,1,0.7486535310745239,0.7486535310745239,sentence::dav2_p6_chunk_9::s0,,,"ilar to knowledge distillation [27]. But differently, our distillation is enforced at the label level via extra unlabeled real data, instead of at the feature or logit level with original labeled data. This practice is safer because there is evidence showi"
always_clear_depth_ablation_components,content-only,ablation study components distillation learning ordinal guidance distillation feature consistency constraint,sentence-to-chunk,1000,41,False,,0.8225546836853027,data\dav2.pdf,10,dav2_p10_chunk_18,59,1,1,0.747776985168457,0.747776985168457,sentence::dav2_p10_chunk_18::s0,,,"irit of knowledge distillation (KD) [27]. But we are also fundamentally different in that we perform distillation at the prediction level through extra unlabeled real images, while KD [2, 73, 100] typically studies better distillation strategies at the fea"
always_clear_depth_ablation_components,content-only,ablation study components distillation learning ordinal guidance distillation feature consistency constraint,sentence-to-chunk,1000,42,False,,0.8217018127441407,data\Monocular Depth Estimation.pdf,13,Monocular_Depth_Estimation_p13_chunk_10,62,1,1,0.7470016479492188,0.7470016479492188,sentence::Monocular_Depth_Estimation_p13_chunk_10::s2,,,"oss. pose network in contrast to previous works which use three [76, 62] or more for their depth estimation experiments. In Section H we validate the beneﬁt of bringing additional pa- rameters to the pose network. C. Additional Ablation Experiments In Tabl"
always_clear_depth_ablation_components,content-only,ablation study components distillation learning ordinal guidance distillation feature consistency constraint,sentence-to-chunk,1000,43,False,,0.8187416791915894,data\MonoDiffusion.pdf,4,MonoDiffusion_p4_chunk_1,58,1,1,0.7443106174468994,0.7443106174468994,sentence::MonoDiffusion_p4_chunk_1::s2,,,"odel to a student model, which is beneficial to improve the results [11]. To mitigate the adverse impact of depth error in the pseudo ground-truth, we apply a multi-view check filter [25] to filter out erroneous depth. The knowledge distillation loss is th"
always_clear_depth_ablation_components,content-only,ablation study components distillation learning ordinal guidance distillation feature consistency constraint,sentence-to-chunk,1000,44,False,,0.8185405254364013,data\s.pdf,8,s_p8_chunk_17,55,1,1,0.7441277503967285,0.7441277503967285,sentence::s_p8_chunk_17::s0,,,"on learning from the cost volume ( Lcv), real adaptation without designed strategies (RA), consistency reweighting (CR), and structure prior constraint (LKL dis ). Additionally, we compare learning from the cost volume with direct learning from daytime fea"
always_clear_depth_ablation_components,content-only,ablation study components distillation learning ordinal guidance distillation feature consistency constraint,sentence-to-chunk,1000,45,False,,0.8179400146007538,data\ACD.pdf,6,ACD_p6_chunk_22,58,1,1,0.7435818314552307,0.7435818314552307,sentence::ACD_p6_chunk_22::s2,ordinal_guidance_distillation,,"ing the absRel metric by 22.16% for night scene and 10.69% for rainy scene on the nuScenes. Then we construct another model with additional ordinal guidance distillation (OGD), which provides more precise supervision signals for degraded conditions. By con"
always_clear_depth_ablation_components,content-only,ablation study components distillation learning ordinal guidance distillation feature consistency constraint,sentence-to-chunk,1000,46,False,,0.8173635005950928,data\Jasmine.pdf,21,Jasmine_p21_chunk_14,59,1,1,0.7430577278137207,0.7430577278137207,sentence::Jasmine_p21_chunk_14::s1,,,"y considering our more challenging problem setting, further demonstrates the substantial strength and generalizability of our approach. E.3 Qualitative Comparisons Table 6:Ablation Studieson the mix-batch ratio. Ph refers to supervision using Eq. 5, while"
always_clear_depth_ablation_components,content-only,ablation study components distillation learning ordinal guidance distillation feature consistency constraint,sentence-to-chunk,1000,47,False,,0.8171706736087799,data\Repurposing Diffusion-Based Image Generators for Monocular Depth Estimation.pdf,8,Repurposing_Diffusion-Based_Image_Generators_for_Monocular_Depth_Estimation_p8_chunk_1,74,1,1,0.7428824305534363,0.7428824305534363,sentence::Repurposing_Diffusion-Based_Image_Generators_for_Monocular_Depth_Estimation_p8_chunk_1::s3,,,87.87 88.19 88.50 88.82 δ1 (%) Figure 6. Ablation of ensemble size. We observe a monotonic improvement with the growth of ensemble size. This improvement starts to diminish after 10 predictions per sample. Table 2. Ablation of training noise. Multi-resolut
always_clear_depth_ablation_components,content-only,ablation study components distillation learning ordinal guidance distillation feature consistency constraint,sentence-to-chunk,1000,48,False,,0.8170804560184479,data\DepthDark.pdf,8,DepthDark_p8_chunk_18,78,1,1,0.7428004145622253,0.7428004145622253,sentence::DepthDark_p8_chunk_18::s0,,,systematic ablation experiments to evaluate the performance gains introduced by the LLDG and LLPEFT modules. The experimental results demonstrate Method ParameterABS rel↓ Sq rel↓ RMSE↓ RMSE log↓ 𝛿1↑ 𝛿2↑ 𝛿3↑Test on nuScenes-NightDepth Anything V2 97.470M 0.
always_clear_depth_ablation_components,content-only,ablation study components distillation learning ordinal guidance distillation feature consistency constraint,sentence-to-chunk,1000,49,False,,0.8136261582374573,data\Global-Local.pdf,1,Global-Local_p1_chunk_25,50,1,1,0.7396601438522339,0.7396601438522339,sentence::Global-Local_p1_chunk_25::s0,,,"speciﬁc data augmentation technique to boost the model ca- pability. Data augmentation plays an important role in opti- mizing the network and can accelerate the model performance without additional computational costs. Nevertheless, data augmentation for"
always_clear_depth_ablation_components,content-only,ablation study components distillation learning ordinal guidance distillation feature consistency constraint,sentence-to-chunk,1000,50,False,,0.813105833530426,data\ACD.pdf,2,ACD_p2_chunk_20,64,1,1,0.7391871213912964,0.7391871213912964,sentence::ACD_p2_chunk_20::s0,ordinal_guidance_distillation,,"d- ance distillation mechanism (OGD) to heartens the net- work to focus on uncertain regions through differential ranking. • Extensive experiments demonstrate the effectiveness of ACDepth, surpassing md4all-DD by 2.50% for night scene and 2.61% for rainy s"
always_clear_depth_ablation_components,content-only,ablation study components distillation learning ordinal guidance distillation feature consistency constraint,sentence-to-chunk,1500,1,True,1,1.0592493832111358,data\ACD.pdf,7,ACD_p7_chunk_7,90,1,1,0.9629539847373962,0.9629539847373962,sentence::ACD_p7_chunk_7::s0,"distillation_learning,ordinal_guidance_distillation,feature_consistency_constraint",,"zation of ablation study on the distillation learning, feature consistency constraint and ordinal guidance distillation. DL OGD FCC day-clear night day-rain absRel RMSE absRel RMSE absRel RMSE N 0.1333 6.459 0.2419 10.922 0.1572 7.453 ✓ 0.1335 6.408 0.1883"
always_clear_depth_ablation_components,content-only,ablation study components distillation learning ordinal guidance distillation feature consistency constraint,sentence-to-chunk,1500,2,True,2,1.0319183409214019,data\ACD.pdf,7,ACD_p7_chunk_10,90,2,2,0.8712219595909119,1.6069638133049011,sentence::ACD_p7_chunk_10::s2|sentence::ACD_p7_chunk_10::s1,"distillation_learning,ordinal_guidance_distillation,feature_consistency_constraint",,"3.458 0.704 ✓✓ ✓ 0.1107 3.084 0.591 0.1206 3.432 0.690 Table 3: Ablation study of Design Components. N: nuScenes, R: RobotCar, DL: distillation learning, OGD: ordinal guidance distilla- tion, FCC: feature consistency constraint. provements in model perform"
always_clear_depth_ablation_components,content-only,ablation study components distillation learning ordinal guidance distillation feature consistency constraint,sentence-to-chunk,1500,3,True,3,0.9870662450790405,data\ACD.pdf,7,ACD_p7_chunk_16,48,2,2,0.8226001262664795,1.6446611881256104,sentence::ACD_p7_chunk_16::s2|sentence::ACD_p7_chunk_16::s1,ordinal_guidance_distillation,,"us on uncertain regions, resulting in more robust depth estimation. Evaluation on Ordinal Guidance Distillation. In this sec- tion, we investigate the impact of different sampling methods on ordinal guidance distillation, with the experimental results pres"
always_clear_depth_ablation_components,content-only,ablation study components distillation learning ordinal guidance distillation feature consistency constraint,sentence-to-chunk,1500,4,True,4,0.9737113535404205,data\ACD.pdf,7,ACD_p7_chunk_11,64,2,2,0.8158116340637207,1.5789971947669983,sentence::ACD_p7_chunk_11::s0|sentence::ACD_p7_chunk_11::s3,feature_consistency_constraint,,"distilla- tion, FCC: feature consistency constraint. provements in model performance, reducing the absRel met- ric by 0.54% for day scene and 0.73% for night scene on the RobotCar. In addition, we introduce the feature consistency constraint (FCC) to evalu"
always_clear_depth_ablation_components,content-only,ablation study components distillation learning ordinal guidance distillation feature consistency constraint,sentence-to-chunk,1500,5,True,5,0.9543108522891999,data\ACD.pdf,7,ACD_p7_chunk_6,92,1,1,0.8675553202629089,0.8675553202629089,sentence::ACD_p7_chunk_6::s1,distillation_learning,,"et. Trailing 0 added to the values from [V ankadari et al., 2023 ] and [Tosi et al., 2025 ]. Notation from Table 1. :'/)&& 2ULJLQ,PDJH :'/ :'/)&&2*' Figure 5: Visualization of ablation study on the distillation learning, feature consistency const"
always_clear_depth_ablation_components,content-only,ablation study components distillation learning ordinal guidance distillation feature consistency constraint,sentence-to-chunk,1500,6,True,6,0.940083485841751,data\ACD.pdf,4,ACD_p4_chunk_5,56,1,1,0.8546213507652283,0.8546213507652283,sentence::ACD_p4_chunk_5::s1,distillation_learning,,"ove the student model’s generalization across diverse scenarios, we incorporated a feature constraint loss L c. Distillation Learning. Similar to the existing technol- ogy [Gasperini et al., 2023 ], the commonly used multi-scale feature distillation loss b"
always_clear_depth_ablation_components,content-only,ablation study components distillation learning ordinal guidance distillation feature consistency constraint,sentence-to-chunk,1500,7,True,7,0.9259912490844726,data\ACD.pdf,6,ACD_p6_chunk_21,69,1,1,0.8418102264404297,0.8418102264404297,sentence::ACD_p6_chunk_21::s1,distillation_learning,,"d on daytime scenes [Gasperini et al., 2023 ]. Based on this, we introduce the distillation learning (DL) to pro- mote training with more robust feature representation, reduc- ing the absRel metric by 22.16% for night scene and 10.69% for rainy scene on th"
always_clear_depth_ablation_components,content-only,ablation study components distillation learning ordinal guidance distillation feature consistency constraint,sentence-to-chunk,1500,8,True,8,0.9238051116466522,data\ACD.pdf,7,ACD_p7_chunk_17,52,1,1,0.8398228287696838,0.8398228287696838,sentence::ACD_p7_chunk_17::s0,ordinal_guidance_distillation,,"ing methods on ordinal guidance distillation, with the experimental results presented in Table 4. Our OGD strategy employs two sam- pling methods: global and local sampling. We observed that model performance became more reliable as both sampling methods w"
always_clear_depth_ablation_components,content-only,ablation study components distillation learning ordinal guidance distillation feature consistency constraint,sentence-to-chunk,1500,9,True,9,0.9056795358657836,data\Repurposing Diffusion-Based Image Generators for Monocular Depth Estimation.pdf,8,Repurposing_Diffusion-Based_Image_Generators_for_Monocular_Depth_Estimation_p8_chunk_14,88,2,2,0.7584066390991211,1.472728967666626,sentence::Repurposing_Diffusion-Based_Image_Generators_for_Monocular_Depth_Estimation_p8_chunk_14::s3|sentence::Repurposing_Diffusion-Based_Image_Generators_for_Monocular_Depth_Estimation_p8_chunk_14::s1,,,"98.9 δ1 (%) 21.4 39.0 56.6 74.3 91.9 δ1 (%) Figure 7. Ablation of denoising steps. The performance improves as the number of denoising steps increases, while we observe satu- ration after 10 steps. Table 3. Ablation of training datasets. Hypersim [37] del"
always_clear_depth_ablation_components,content-only,ablation study components distillation learning ordinal guidance distillation feature consistency constraint,sentence-to-chunk,1500,10,True,10,0.8977002382278443,data\ACD.pdf,2,ACD_p2_chunk_19,57,2,2,0.7484647035598755,1.4923553466796875,sentence::ACD_p2_chunk_19::s0|sentence::ACD_p2_chunk_19::s1,ordinal_guidance_distillation,,"distillation strategy (MKD) to achieve the complete transfer and alignment of capabilities from the teacher model to stu- dent model. In addition, we introduce the ordinal guid- ance distillation mechanism (OGD) to heartens the net- work to focus on uncer"
always_clear_depth_ablation_components,content-only,ablation study components distillation learning ordinal guidance distillation feature consistency constraint,sentence-to-chunk,1500,11,True,11,0.8969619035720825,data\ACD.pdf,5,ACD_p5_chunk_24,57,1,1,0.8154199123382568,0.8154199123382568,sentence::ACD_p5_chunk_24::s0,ordinal_guidance_distillation,,"for ordinal guidance distillation. Fur- ther details on the model training procedure and dataset trans- lation process are provided in the appendix. 4.3 Comparison with SoTAs In this section, we evaluate our model on the nuScenes and RobotCar datasets. Qua"
always_clear_depth_ablation_components,content-only,ablation study components distillation learning ordinal guidance distillation feature consistency constraint,sentence-to-chunk,1500,12,True,12,0.8913215339183808,data\ACD.pdf,4,ACD_p4_chunk_8,106,1,1,0.8102923035621643,0.8102923035621643,sentence::ACD_p4_chunk_8::s1,ordinal_guidance_distillation,,"S S∑ s=1 1 Ns Ns∑ j=1 ⏐⏐ ⏐F T (ei)js −FS (mi)js ⏐ ⏐ ⏐ FS (mi)js , (7) where S denotes the number of different scales and mi rep- resents a sample randomly selected from the mixed training set. Ordinal Guidance Distillation. 1) Uncertain Region Def- inition"
always_clear_depth_ablation_components,content-only,ablation study components distillation learning ordinal guidance distillation feature consistency constraint,sentence-to-chunk,1500,13,True,13,0.8875818312168121,data\ACD.pdf,3,ACD_p3_chunk_0,47,1,1,0.8068925738334656,0.8068925738334656,sentence::ACD_p3_chunk_0::s0,distillation_learning,,2.2 Distillation Learning Early distillation learning methods primarily focus on model compression and acceleration. A classic example of distilla- tion learning is to guide the training of student models by softening the output probability distribution of
always_clear_depth_ablation_components,content-only,ablation study components distillation learning ordinal guidance distillation feature consistency constraint,sentence-to-chunk,1500,14,True,14,0.8873172104358673,data\ACD.pdf,2,ACD_p2_chunk_16,51,1,1,0.8066520094871521,0.8066520094871521,sentence::ACD_p2_chunk_16::s1,"distillation_learning,ordinal_guidance_distillation",,"e teacher model to provide comprehen- sive supervision and guidance to the student model. Besides the commonly used feature and result distillation learning, we pioneer the ordinal guidance distillation mechanism (OGD). In summary, the contributions are as"
always_clear_depth_ablation_components,content-only,ablation study components distillation learning ordinal guidance distillation feature consistency constraint,sentence-to-chunk,1500,15,True,15,0.8867585241794587,data\DepthDark.pdf,8,DepthDark_p8_chunk_26,53,2,2,0.7413989901542664,1.4535953402519226,sentence::DepthDark_p8_chunk_26::s1|sentence::DepthDark_p8_chunk_26::s0,,,"nation guidance and multiscale feature fusion, significantly enhancing the robustness of the foundation model in extreme low- light conditions. 5.2 Ablation on Parameter Efficient Fine Tuning To thoroughly evaluate the effectiveness of LLPEFT, we conduct s"
always_clear_depth_ablation_components,content-only,ablation study components distillation learning ordinal guidance distillation feature consistency constraint,sentence-to-chunk,1500,16,True,16,0.8699523568153381,data\Lite-Mono.pdf,8,Lite-Mono_p8_chunk_6,111,1,1,0.7908657789230347,0.7908657789230347,sentence::Lite-Mono_p8_chunk_6::s4,,,3.062M 4.4 0.109 0.842 4.700 0.186 0.883 0.960 0.982 w/o cross-stage connections2.942M 4.4 0.108 0.834 4.683 0.185 0.884 0.962 0.982 Table 5. Ablation study on model architectures. All the models are trained and tested on KITTI with the input size 640× 192
always_clear_depth_ablation_components,content-only,ablation study components distillation learning ordinal guidance distillation feature consistency constraint,sentence-to-chunk,1500,17,True,17,0.8664821267127991,data\ACD.pdf,1,ACD_p1_chunk_25,65,1,1,0.7877110242843628,0.7877110242843628,sentence::ACD_p1_chunk_25::s0,distillation_learning,,"nize the merits of distillation learning, contrastive learning, and data augmenta- tion strategies to create more generalized models that improve model performance across varied scenes [Wang et al., 2024b; Wang et al., 2024a; Saunders et al., 2023 ]. For e"
always_clear_depth_ablation_components,content-only,ablation study components distillation learning ordinal guidance distillation feature consistency constraint,sentence-to-chunk,1500,18,True,18,0.8615410089492798,data\Repurposing Diffusion-Based Image Generators for Monocular Depth Estimation.pdf,12,Repurposing_Diffusion-Based_Image_Generators_for_Monocular_Depth_Estimation_p12_chunk_11,49,1,1,0.7832190990447998,0.7832190990447998,sentence::Repurposing_Diffusion-Based_Image_Generators_for_Monocular_Depth_Estimation_p12_chunk_11::s1,,,kely caused by the varying scene diversity and rendering quality of these two datasets. Table S3. Ablation study of the training dataset mixing strategy. Our method trained with only Hypersim delivers strong results. Outdoor performance is further enhanced
always_clear_depth_ablation_components,content-only,ablation study components distillation learning ordinal guidance distillation feature consistency constraint,sentence-to-chunk,1500,19,True,19,0.8554885625839234,data\ACD.pdf,4,ACD_p4_chunk_9,55,1,1,0.777716875076294,0.777716875076294,sentence::ACD_p4_chunk_9::s0,ordinal_guidance_distillation,,ed training set. Ordinal Guidance Distillation. 1) Uncertain Region Def- inition: We use the output from Depth Anything V2 model as the supervisory signal because it ensures accurate depth prediction while maintaining acceptable inference speed. D T and DS
always_clear_depth_ablation_components,content-only,ablation study components distillation learning ordinal guidance distillation feature consistency constraint,sentence-to-chunk,1500,20,True,20,0.8547919988632202,data\ACD.pdf,1,ACD_p1_chunk_9,52,1,1,0.7770836353302002,0.7770836353302002,sentence::ACD_p1_chunk_9::s1,ordinal_guidance_distillation,,"om various degradation inputs. In particular, we introduce an ordinal guidance distillation mecha- nism (OGD) that encourages the network to focus on uncertain regions through differential ranking, leading to a more precise depth estimation. Experi- mental"
always_clear_depth_ablation_components,content-only,ablation study components distillation learning ordinal guidance distillation feature consistency constraint,sentence-to-chunk,1500,21,True,21,0.8531478226184845,data\ACD.pdf,2,ACD_p2_chunk_17,54,1,1,0.7755889296531677,0.7755889296531677,sentence::ACD_p2_chunk_17::s0,ordinal_guidance_distillation,,"inal guidance distillation mechanism (OGD). In summary, the contributions are as follows: • We propose a practical multi-tuple degradation dataset generation scheme, and develop a novel robust monocu- lar depth estimation framework, termed as ACDepth for h"
always_clear_depth_ablation_components,content-only,ablation study components distillation learning ordinal guidance distillation feature consistency constraint,sentence-to-chunk,1500,22,False,,0.8524203777313233,data\SSRDepth.pdf,12,SSRDepth_p12_chunk_1,126,1,1,0.7749276161193848,0.7749276161193848,sentence::SSRDepth_p12_chunk_1::s5,,,MSE↓ log10 ↓ F1↑ R↑ B-AbsRel↓ rawDepths 0.815 0.147 0.502 0.061 0.0191 0.0139 0.1970 Depths 0.812 0.147 0.500 0.060 0.0192 0.0142 0.1932 Fig. 16. Visualization of the model’s intermediate prediction results. Table 9 Ablation stud
always_clear_depth_ablation_components,content-only,ablation study components distillation learning ordinal guidance distillation feature consistency constraint,sentence-to-chunk,1500,23,True,22,0.8504629313945771,data\ACD.pdf,1,ACD_p1_chunk_27,43,1,1,0.7731481194496155,0.7731481194496155,sentence::ACD_p1_chunk_27::s0,distillation_learning,,GAN-based model and uses distillation learning to extract supervised signals from clear Proceedings of the Thirty-Fourth International Joint Conference on Artiﬁcial Intelligence (IJCAI-25) 1251
always_clear_depth_ablation_components,content-only,ablation study components distillation learning ordinal guidance distillation feature consistency constraint,sentence-to-chunk,1500,24,False,,0.8460819363594055,data\MonoDiffusion.pdf,8,MonoDiffusion_p8_chunk_5,65,1,1,0.7691653966903687,0.7691653966903687,sentence::MonoDiffusion_p8_chunk_5::s0,,,"V ABLATION STUDY ON DIFFERENT INFERENCE STEPS . Fig. 7. Visualization of the denoising process involving 20 inference steps in total. E. Zero-shot Generalization In Table III, we verify the generalization ability of MonoD- iffusion in a fully zero-shot set"
always_clear_depth_ablation_components,content-only,ablation study components distillation learning ordinal guidance distillation feature consistency constraint,sentence-to-chunk,1500,25,False,,0.8459700822830201,data\Repurposing Diffusion-Based Image Generators for Monocular Depth Estimation.pdf,8,Repurposing_Diffusion-Based_Image_Generators_for_Monocular_Depth_Estimation_p8_chunk_15,112,1,1,0.7690637111663818,0.7690637111663818,sentence::Repurposing_Diffusion-Based_Image_Generators_for_Monocular_Depth_Estimation_p8_chunk_15::s1,,,ration after 10 steps. Table 3. Ablation of training datasets. Hypersim [37] delivers strong results; Virtual KITTI [7] improves outdoor performance. HypersimVirtual KITTI NYUv2 KITTI AbsRel↓ δ1↑ AbsRel↓ δ1↑ ✗ ✓ 13.9 83.4 15.4 79.3 ✓ ✗ 5.7 96.3 13.7 82.5 ✓
always_clear_depth_ablation_components,content-only,ablation study components distillation learning ordinal guidance distillation feature consistency constraint,sentence-to-chunk,1500,26,False,,0.8422829627990722,data\ACD.pdf,5,ACD_p5_chunk_5,98,1,1,0.765711784362793,0.765711784362793,sentence::ACD_p5_chunk_5::s1,feature_consistency_constraint,,"L r = 1 |Zg| ∑ p0,p1∈Zg ψ(p0,p 1)+ 1 |Zl| ∑ p0,p1∈Zl ψ(p0,p 1), (12) where Zg and Zl represent the global and local ordinal sam- pling sample sets, respectively. Feature Consistency Constraint. Since a robust model can provide the precise perception on bot"
always_clear_depth_ablation_components,content-only,ablation study components distillation learning ordinal guidance distillation feature consistency constraint,sentence-to-chunk,1500,27,True,23,0.8413533806800843,data\ACD.pdf,1,ACD_p1_chunk_24,49,1,1,0.7648667097091675,0.7648667097091675,sentence::ACD_p1_chunk_24::s1,distillation_learning,,", these meth- ods struggle to generalize to complex and diverse environ- ments, frequently encountered in real-world applications. To promote generalization, some efforts harmonize the merits of distillation learning, contrastive learning, and data augment"
always_clear_depth_ablation_components,content-only,ablation study components distillation learning ordinal guidance distillation feature consistency constraint,sentence-to-chunk,1500,28,False,,0.8339523911476135,data\MonoDiffusion.pdf,8,MonoDiffusion_p8_chunk_13,59,1,1,0.7581385374069214,0.7581385374069214,sentence::MonoDiffusion_p8_chunk_13::s1,,,"ing (ID 2). By contrast, the pseudo ground-truth diffusion enables the model to achieve good performance (ID 3). We further appending the knowledge distillation loss in the training phase and achieves consistent improvements on almost all metrics (ID 4). F"
always_clear_depth_ablation_components,content-only,ablation study components distillation learning ordinal guidance distillation feature consistency constraint,sentence-to-chunk,1500,29,False,,0.8317316353321076,data\Repurposing Diffusion-Based Image Generators for Monocular Depth Estimation.pdf,12,Repurposing_Diffusion-Based_Image_Generators_for_Monocular_Depth_Estimation_p12_chunk_15,84,1,1,0.7561196684837341,0.7561196684837341,sentence::Repurposing_Diffusion-Based_Image_Generators_for_Monocular_Depth_Estimation_p12_chunk_15::s2,,,"compared to feed-forward methods. Speed can be enhanced in future research, e.g. distillation for 2- or 4-step denoising schedules, and reducing prediction variance for smaller ensemble sizes. 1 2 5 10 # Ensemble size 2.0 4.0 6.0 8.0(sec/sample) 1 2 4 10 #"
always_clear_depth_ablation_components,content-only,ablation study components distillation learning ordinal guidance distillation feature consistency constraint,sentence-to-chunk,1500,30,False,,0.8313627004623413,data\Single Image Depth Prediction with Wavelet Decomposition.pdf,9,Single_Image_Depth_Prediction_with_Wavelet_Decomposition_p9_chunk_21,80,1,1,0.755784273147583,0.755784273147583,sentence::Single_Image_Depth_Prediction_with_Wavelet_Decomposition_p9_chunk_21::s2,,,"nel pruning for accelerating very deep neural networks. In CVPR, 2017. [26] Geoffrey Hinton, Oriol Vinyals, and Jeff Dean. Distilling the knowledge in a neural network. arXiv:1503.02531, 2015. [27] Heiko Hirschmuller. Accurate and efﬁcient stereo processin"
always_clear_depth_ablation_components,content-only,ablation study components distillation learning ordinal guidance distillation feature consistency constraint,sentence-to-chunk,1500,31,False,,0.8313627004623413,data\dav2.pdf,12,dav2_p12_chunk_6,90,1,1,0.755784273147583,0.755784273147583,sentence::dav2_p12_chunk_6::s2,,,"and Adrien Gaidon. Towards zero-shot scale-aware monocular depth estimation. In ICCV, 2023. 2, 3 [27] Geoffrey Hinton, Oriol Vinyals, and Jeff Dean. Distilling the knowledge in a neural network. arXiv:1503.02531, 2015. 6, 10 [28] Mu Hu, Wei Yin, Chi Zhang,"
always_clear_depth_ablation_components,content-only,ablation study components distillation learning ordinal guidance distillation feature consistency constraint,sentence-to-chunk,1500,32,False,,0.8313627004623413,data\ACD.pdf,8,ACD_p8_chunk_16,93,1,1,0.755784273147583,0.755784273147583,sentence::ACD_p8_chunk_16::s1,,,"VPR, pages 770–778, 2016. [Hinton, 2015] Geoffrey Hinton. Distilling the knowledge in a neural network. arXiv, 2015. [Hu et al., 2021 ] Edward J Hu, Y elong Shen, Phillip Wallis, Zeyuan Allen-Zhu, Y uanzhi Li, Shean Wang, Lu Wang, and Weizhu Chen. Lora: Lo"
always_clear_depth_ablation_components,content-only,ablation study components distillation learning ordinal guidance distillation feature consistency constraint,sentence-to-chunk,1500,33,False,,0.8297803521156311,data\SSRDepth.pdf,11,SSRDepth_p11_chunk_21,70,1,1,0.7543457746505737,0.7543457746505737,sentence::SSRDepth_p11_chunk_21::s1,,,"s essential to jointly con- strain semantic segmentation and depth coeﬃcients to enhance predic- tion accuracy. In addition, we conducted ablation experiments on the scaling factor 𝛾 of the scale alignment constraint, setting 𝛾 to 1, 0.75, 0.5 and 0.25"
always_clear_depth_ablation_components,content-only,ablation study components distillation learning ordinal guidance distillation feature consistency constraint,sentence-to-chunk,1500,34,False,,0.8294583618640899,data\SSRDepth.pdf,12,SSRDepth_p12_chunk_5,107,1,1,0.7540530562400818,0.7540530562400818,sentence::SSRDepth_p12_chunk_5::s3,,,ng 𝛿1 ↑ AbsRel↓ RMSE↓ log10 ↓ no scale 0.790 0.280 2.026 0.078 single metric scale 0.789 0.237 1.971 0.079 segmentation scale 0.799 0.230 1.901 0.073 Table 11 Ablation study on semantic segmentation and scale alignment constraints. SC an
always_clear_depth_ablation_components,content-only,ablation study components distillation learning ordinal guidance distillation feature consistency constraint,sentence-to-chunk,1500,35,False,,0.8294294476509094,data\dav2.pdf,10,dav2_p10_chunk_16,56,1,1,0.7540267705917358,0.7540267705917358,sentence::dav2_p10_chunk_16::s2,,,"es especially when we replace all labeled real images with synthetic images [22, 23, 61]. We demonstrate “precise synthetic data + pseudo-labeled real data” is a more promising roadmap than labeled real data. Knowledge distillation. We distill transferable"
always_clear_depth_ablation_components,content-only,ablation study components distillation learning ordinal guidance distillation feature consistency constraint,sentence-to-chunk,1500,36,False,,0.8293388366699219,data\Monocular Depth Estimation.pdf,13,Monocular_Depth_Estimation_p13_chunk_7,113,1,1,0.7539443969726562,0.7539443969726562,sentence::Monocular_Depth_Estimation_p13_chunk_7::s3,,,.131 1.023 5.064 0.206 0.849 0.951 0.979 Monodepth2ResNet 50 ✓ ✓ ✓ R50 ✓ 0.110 0.831 4.642 0.187 0.883 0.962 0.982 Table 6. Ablation. Results for different variants of our model (Monodepth2) with monocular training (except where speciﬁed) on KITTI 2015 [13
always_clear_depth_ablation_components,content-only,ablation study components distillation learning ordinal guidance distillation feature consistency constraint,sentence-to-chunk,1500,37,False,,0.8249320745468139,data\s.pdf,8,s_p8_chunk_16,53,1,1,0.7499382495880127,0.7499382495880127,sentence::s_p8_chunk_16::s1,,,"eliable regions. More visualization results can be seen in supplementary. 5. Ablations To verify the effectiveness of each stage and the designed modules, we conduct ablations on learning from the cost volume ( Lcv), real adaptation without designed strate"
always_clear_depth_ablation_components,content-only,ablation study components distillation learning ordinal guidance distillation feature consistency constraint,sentence-to-chunk,1500,38,False,,0.8244447946548462,data\Monocular Depth Estimation.pdf,16,Monocular_Depth_Estimation_p16_chunk_12,141,1,1,0.749495267868042,0.749495267868042,sentence::Monocular_Depth_Estimation_p16_chunk_12::s6,,,MS 416×128 ✓ 0.118 0.935 5.119 0.210 0.852 0.949 0.976 11 Monodepth2MS 640×192 ✓ 0.106 0.818 4.750 0.196 0.874 0.957 0.979 15 Monodepth2MS 1024×320 ✓ 0.106 0.806 4.630 0.193 0.876 0.958 0.980 7.5 + 10† Table 11. Ablation study on the input/output resolutio
always_clear_depth_ablation_components,content-only,ablation study components distillation learning ordinal guidance distillation feature consistency constraint,sentence-to-chunk,1500,39,False,,0.8239673495292663,data\Robust Monocular Depth Estimation under Challenging Conditions.pdf,4,Robust_Monocular_Depth_Estimation_under_Challenging_Conditions_p4_chunk_18,54,1,1,0.7490612268447876,0.7490612268447876,sentence::Robust_Monocular_Depth_Estimation_under_Challenging_Conditions_p4_chunk_18::s0,,,"to learn robust features agnostic of the input condition. The Appendix shows how perform- ing this step only during training delivers similar results. Then, in the case of particularly noisy night samples (e.g., nuScenes [3]), we augment the inputs with he"
always_clear_depth_ablation_components,content-only,ablation study components distillation learning ordinal guidance distillation feature consistency constraint,sentence-to-chunk,1500,40,False,,0.8235188841819763,data\dav2.pdf,6,dav2_p6_chunk_9,54,1,1,0.7486535310745239,0.7486535310745239,sentence::dav2_p6_chunk_9::s0,,,"ilar to knowledge distillation [27]. But differently, our distillation is enforced at the label level via extra unlabeled real data, instead of at the feature or logit level with original labeled data. This practice is safer because there is evidence showi"
always_clear_depth_ablation_components,content-only,ablation study components distillation learning ordinal guidance distillation feature consistency constraint,sentence-to-chunk,1500,41,False,,0.8225546836853027,data\dav2.pdf,10,dav2_p10_chunk_18,59,1,1,0.747776985168457,0.747776985168457,sentence::dav2_p10_chunk_18::s0,,,"irit of knowledge distillation (KD) [27]. But we are also fundamentally different in that we perform distillation at the prediction level through extra unlabeled real images, while KD [2, 73, 100] typically studies better distillation strategies at the fea"
always_clear_depth_ablation_components,content-only,ablation study components distillation learning ordinal guidance distillation feature consistency constraint,sentence-to-chunk,1500,42,False,,0.8217018127441407,data\Monocular Depth Estimation.pdf,13,Monocular_Depth_Estimation_p13_chunk_10,62,1,1,0.7470016479492188,0.7470016479492188,sentence::Monocular_Depth_Estimation_p13_chunk_10::s2,,,"oss. pose network in contrast to previous works which use three [76, 62] or more for their depth estimation experiments. In Section H we validate the beneﬁt of bringing additional pa- rameters to the pose network. C. Additional Ablation Experiments In Tabl"
always_clear_depth_ablation_components,content-only,ablation study components distillation learning ordinal guidance distillation feature consistency constraint,sentence-to-chunk,1500,43,False,,0.8187416791915894,data\MonoDiffusion.pdf,4,MonoDiffusion_p4_chunk_1,58,1,1,0.7443106174468994,0.7443106174468994,sentence::MonoDiffusion_p4_chunk_1::s2,,,"odel to a student model, which is beneficial to improve the results [11]. To mitigate the adverse impact of depth error in the pseudo ground-truth, we apply a multi-view check filter [25] to filter out erroneous depth. The knowledge distillation loss is th"
always_clear_depth_ablation_components,content-only,ablation study components distillation learning ordinal guidance distillation feature consistency constraint,sentence-to-chunk,1500,44,False,,0.8185405254364013,data\s.pdf,8,s_p8_chunk_17,55,1,1,0.7441277503967285,0.7441277503967285,sentence::s_p8_chunk_17::s0,,,"on learning from the cost volume ( Lcv), real adaptation without designed strategies (RA), consistency reweighting (CR), and structure prior constraint (LKL dis ). Additionally, we compare learning from the cost volume with direct learning from daytime fea"
always_clear_depth_ablation_components,content-only,ablation study components distillation learning ordinal guidance distillation feature consistency constraint,sentence-to-chunk,1500,45,False,,0.8179400146007538,data\ACD.pdf,6,ACD_p6_chunk_22,58,1,1,0.7435818314552307,0.7435818314552307,sentence::ACD_p6_chunk_22::s2,ordinal_guidance_distillation,,"ing the absRel metric by 22.16% for night scene and 10.69% for rainy scene on the nuScenes. Then we construct another model with additional ordinal guidance distillation (OGD), which provides more precise supervision signals for degraded conditions. By con"
always_clear_depth_ablation_components,content-only,ablation study components distillation learning ordinal guidance distillation feature consistency constraint,sentence-to-chunk,1500,46,False,,0.8173635005950928,data\Jasmine.pdf,21,Jasmine_p21_chunk_14,59,1,1,0.7430577278137207,0.7430577278137207,sentence::Jasmine_p21_chunk_14::s1,,,"y considering our more challenging problem setting, further demonstrates the substantial strength and generalizability of our approach. E.3 Qualitative Comparisons Table 6:Ablation Studieson the mix-batch ratio. Ph refers to supervision using Eq. 5, while"
always_clear_depth_ablation_components,content-only,ablation study components distillation learning ordinal guidance distillation feature consistency constraint,sentence-to-chunk,1500,47,False,,0.8171706736087799,data\Repurposing Diffusion-Based Image Generators for Monocular Depth Estimation.pdf,8,Repurposing_Diffusion-Based_Image_Generators_for_Monocular_Depth_Estimation_p8_chunk_1,74,1,1,0.7428824305534363,0.7428824305534363,sentence::Repurposing_Diffusion-Based_Image_Generators_for_Monocular_Depth_Estimation_p8_chunk_1::s3,,,87.87 88.19 88.50 88.82 δ1 (%) Figure 6. Ablation of ensemble size. We observe a monotonic improvement with the growth of ensemble size. This improvement starts to diminish after 10 predictions per sample. Table 2. Ablation of training noise. Multi-resolut
always_clear_depth_ablation_components,content-only,ablation study components distillation learning ordinal guidance distillation feature consistency constraint,sentence-to-chunk,1500,48,False,,0.8170804560184479,data\DepthDark.pdf,8,DepthDark_p8_chunk_18,78,1,1,0.7428004145622253,0.7428004145622253,sentence::DepthDark_p8_chunk_18::s0,,,systematic ablation experiments to evaluate the performance gains introduced by the LLDG and LLPEFT modules. The experimental results demonstrate Method ParameterABS rel↓ Sq rel↓ RMSE↓ RMSE log↓ 𝛿1↑ 𝛿2↑ 𝛿3↑Test on nuScenes-NightDepth Anything V2 97.470M 0.
always_clear_depth_ablation_components,content-only,ablation study components distillation learning ordinal guidance distillation feature consistency constraint,sentence-to-chunk,1500,49,False,,0.8136261582374573,data\Global-Local.pdf,1,Global-Local_p1_chunk_25,50,1,1,0.7396601438522339,0.7396601438522339,sentence::Global-Local_p1_chunk_25::s0,,,"speciﬁc data augmentation technique to boost the model ca- pability. Data augmentation plays an important role in opti- mizing the network and can accelerate the model performance without additional computational costs. Nevertheless, data augmentation for"
always_clear_depth_ablation_components,content-only,ablation study components distillation learning ordinal guidance distillation feature consistency constraint,sentence-to-chunk,1500,50,False,,0.813105833530426,data\ACD.pdf,2,ACD_p2_chunk_20,64,1,1,0.7391871213912964,0.7391871213912964,sentence::ACD_p2_chunk_20::s0,ordinal_guidance_distillation,,"d- ance distillation mechanism (OGD) to heartens the net- work to focus on uncertain regions through differential ranking. • Extensive experiments demonstrate the effectiveness of ACDepth, surpassing md4all-DD by 2.50% for night scene and 2.61% for rainy s"
always_clear_depth_ablation_components,content-only,ablation study components distillation learning ordinal guidance distillation feature consistency constraint,proposition-to-chunk,500,1,True,1,1.0178080379962922,data\ACD.pdf,7,ACD_p7_chunk_7,90,1,1,0.9252800345420837,0.9252800345420837,proposition::ACD_p7_chunk_7::p0,"distillation_learning,ordinal_guidance_distillation,feature_consistency_constraint",,"zation of ablation study on the distillation learning, feature consistency constraint and ordinal guidance distillation. DL OGD FCC day-clear night day-rain absRel RMSE absRel RMSE absRel RMSE N 0.1333 6.459 0.2419 10.922 0.1572 7.453 ✓ 0.1335 6.408 0.1883"
always_clear_depth_ablation_components,content-only,ablation study components distillation learning ordinal guidance distillation feature consistency constraint,proposition-to-chunk,500,2,True,2,1.008725780248642,data\ACD.pdf,4,ACD_p4_chunk_5,56,2,2,0.8529390096664429,1.557867705821991,proposition::ACD_p4_chunk_5::p1|proposition::ACD_p4_chunk_5::p4,distillation_learning,,"ove the student model’s generalization across diverse scenarios, we incorporated a feature constraint loss L c. Distillation Learning. Similar to the existing technol- ogy [Gasperini et al., 2023 ], the commonly used multi-scale feature distillation loss b"
always_clear_depth_ablation_components,content-only,ablation study components distillation learning ordinal guidance distillation feature consistency constraint,proposition-to-chunk,500,3,True,3,1.0008577883243561,data\ACD.pdf,7,ACD_p7_chunk_11,64,2,2,0.8439769148826599,1.5688087344169617,proposition::ACD_p7_chunk_11::p0|proposition::ACD_p7_chunk_11::p4,feature_consistency_constraint,,"distilla- tion, FCC: feature consistency constraint. provements in model performance, reducing the absRel met- ric by 0.54% for day scene and 0.73% for night scene on the RobotCar. In addition, we introduce the feature consistency constraint (FCC) to evalu"
always_clear_depth_ablation_components,content-only,ablation study components distillation learning ordinal guidance distillation feature consistency constraint,proposition-to-chunk,500,4,True,4,0.9804290473461151,data\ACD.pdf,7,ACD_p7_chunk_10,90,2,2,0.8261498212814331,1.54279226064682,proposition::ACD_p7_chunk_10::p1|proposition::ACD_p7_chunk_10::p4,"distillation_learning,ordinal_guidance_distillation,feature_consistency_constraint",,"3.458 0.704 ✓✓ ✓ 0.1107 3.084 0.591 0.1206 3.432 0.690 Table 3: Ablation study of Design Components. N: nuScenes, R: RobotCar, DL: distillation learning, OGD: ordinal guidance distilla- tion, FCC: feature consistency constraint. provements in model perform"
always_clear_depth_ablation_components,content-only,ablation study components distillation learning ordinal guidance distillation feature consistency constraint,proposition-to-chunk,500,5,True,5,0.9721463859081269,data\ACD.pdf,3,ACD_p3_chunk_0,47,2,2,0.8167681097984314,1.5537827610969543,proposition::ACD_p3_chunk_0::p1|proposition::ACD_p3_chunk_0::p0,distillation_learning,,2.2 Distillation Learning Early distillation learning methods primarily focus on model compression and acceleration. A classic example of distilla- tion learning is to guide the training of student models by softening the output probability distribution of
always_clear_depth_ablation_components,content-only,ablation study components distillation learning ordinal guidance distillation feature consistency constraint,proposition-to-chunk,500,6,True,6,0.9402901768684387,data\ACD.pdf,7,ACD_p7_chunk_16,48,2,2,0.7886697053909302,1.5162047147750854,proposition::ACD_p7_chunk_16::p3|proposition::ACD_p7_chunk_16::p2,ordinal_guidance_distillation,,"us on uncertain regions, resulting in more robust depth estimation. Evaluation on Ordinal Guidance Distillation. In this sec- tion, we investigate the impact of different sampling methods on ordinal guidance distillation, with the experimental results pres"
always_clear_depth_ablation_components,content-only,ablation study components distillation learning ordinal guidance distillation feature consistency constraint,proposition-to-chunk,500,7,True,7,0.9163986802101135,data\ACD.pdf,6,ACD_p6_chunk_21,69,1,1,0.8330897092819214,0.8330897092819214,proposition::ACD_p6_chunk_21::p2,distillation_learning,,"d on daytime scenes [Gasperini et al., 2023 ]. Based on this, we introduce the distillation learning (DL) to pro- mote training with more robust feature representation, reduc- ing the absRel metric by 22.16% for night scene and 10.69% for rainy scene on th"
always_clear_depth_ablation_components,content-only,ablation study components distillation learning ordinal guidance distillation feature consistency constraint,proposition-to-chunk,500,8,False,,0.9070874512195587,data\ACD.pdf,7,ACD_p7_chunk_6,92,1,1,0.8246249556541443,0.8246249556541443,proposition::ACD_p7_chunk_6::p3,distillation_learning,,"et. Trailing 0 added to the values from [V ankadari et al., 2023 ] and [Tosi et al., 2025 ]. Notation from Table 1. :'/)&& 2ULJLQ,PDJH :'/ :'/)&&2*' Figure 5: Visualization of ablation study on the distillation learning, feature consistency const"
always_clear_depth_ablation_components,content-only,ablation study components distillation learning ordinal guidance distillation feature consistency constraint,proposition-to-chunk,500,9,False,,0.8982228517532349,data\ACD.pdf,1,ACD_p1_chunk_9,52,1,1,0.8165662288665771,0.8165662288665771,proposition::ACD_p1_chunk_9::p1,ordinal_guidance_distillation,,"om various degradation inputs. In particular, we introduce an ordinal guidance distillation mecha- nism (OGD) that encourages the network to focus on uncertain regions through differential ranking, leading to a more precise depth estimation. Experi- mental"
always_clear_depth_ablation_components,content-only,ablation study components distillation learning ordinal guidance distillation feature consistency constraint,proposition-to-chunk,500,10,False,,0.8787921071052551,data\ACD.pdf,1,ACD_p1_chunk_24,49,1,1,0.7989019155502319,0.7989019155502319,proposition::ACD_p1_chunk_24::p2,distillation_learning,,", these meth- ods struggle to generalize to complex and diverse environ- ments, frequently encountered in real-world applications. To promote generalization, some efforts harmonize the merits of distillation learning, contrastive learning, and data augment"
always_clear_depth_ablation_components,content-only,ablation study components distillation learning ordinal guidance distillation feature consistency constraint,proposition-to-chunk,500,11,False,,0.8748983383178711,data\ACD.pdf,3,ACD_p3_chunk_5,56,2,2,0.7312406301498413,1.4365770816802979,proposition::ACD_p3_chunk_5::p2|proposition::ACD_p3_chunk_5::p3,,,"- produce the ability of the teacher model, relying solely on depth-derived pseudo-labels or speciﬁc priors. To address these challenges, we propose a multi-granularity knowledge distillation strategy that enhances the knowledge transfer pro- cess by borro"
always_clear_depth_ablation_components,content-only,ablation study components distillation learning ordinal guidance distillation feature consistency constraint,proposition-to-chunk,500,12,False,,0.855723088979721,data\ACD.pdf,1,ACD_p1_chunk_27,43,1,1,0.7779300808906555,0.7779300808906555,proposition::ACD_p1_chunk_27::p0,distillation_learning,,GAN-based model and uses distillation learning to extract supervised signals from clear Proceedings of the Thirty-Fourth International Joint Conference on Artiﬁcial Intelligence (IJCAI-25) 1251
always_clear_depth_ablation_components,content-only,ablation study components distillation learning ordinal guidance distillation feature consistency constraint,proposition-to-chunk,500,13,False,,0.8533186197280884,data\ACD.pdf,1,ACD_p1_chunk_26,76,1,1,0.7757441997528076,0.7757441997528076,proposition::ACD_p1_chunk_26::p7,distillation_learning,,"d scenes [Wang et al., 2024b; Wang et al., 2024a; Saunders et al., 2023 ]. For example, md4all [Gasperini et al., 2023 ] generates the [normal, de- graded] sample pairs with a GAN-based model and uses distillation learning to extract supervised signals fro"
always_clear_depth_ablation_components,content-only,ablation study components distillation learning ordinal guidance distillation feature consistency constraint,proposition-to-chunk,500,14,False,,0.8531286776065826,data\SSRDepth.pdf,11,SSRDepth_p11_chunk_21,70,1,1,0.7755715250968933,0.7755715250968933,proposition::SSRDepth_p11_chunk_21::p3,,,"s essential to jointly con- strain semantic segmentation and depth coeﬃcients to enhance predic- tion accuracy. In addition, we conducted ablation experiments on the scaling factor 𝛾 of the scale alignment constraint, setting 𝛾 to 1, 0.75, 0.5 and 0.25"
always_clear_depth_ablation_components,content-only,ablation study components distillation learning ordinal guidance distillation feature consistency constraint,proposition-to-chunk,500,15,False,,0.8502526640892029,data\ACD.pdf,2,ACD_p2_chunk_17,54,1,1,0.7729569673538208,0.7729569673538208,proposition::ACD_p2_chunk_17::p0,ordinal_guidance_distillation,,"inal guidance distillation mechanism (OGD). In summary, the contributions are as follows: • We propose a practical multi-tuple degradation dataset generation scheme, and develop a novel robust monocu- lar depth estimation framework, termed as ACDepth for h"
always_clear_depth_ablation_components,content-only,ablation study components distillation learning ordinal guidance distillation feature consistency constraint,proposition-to-chunk,500,16,False,,0.8415525674819946,data\ACD.pdf,4,ACD_p4_chunk_8,106,1,1,0.7650477886199951,0.7650477886199951,proposition::ACD_p4_chunk_8::p0,ordinal_guidance_distillation,,"S S∑ s=1 1 Ns Ns∑ j=1 ⏐⏐ ⏐F T (ei)js −FS (mi)js ⏐ ⏐ ⏐ FS (mi)js , (7) where S denotes the number of different scales and mi rep- resents a sample randomly selected from the mixed training set. Ordinal Guidance Distillation. 1) Uncertain Region Def- inition"
always_clear_depth_ablation_components,content-only,ablation study components distillation learning ordinal guidance distillation feature consistency constraint,proposition-to-chunk,500,17,False,,0.8404070138931274,data\ACD.pdf,3,ACD_p3_chunk_1,55,1,1,0.7640063762664795,0.7640063762664795,proposition::ACD_p3_chunk_1::p2,distillation_learning,,"e training of student models by softening the output probability distribution of the teacher model [Hinton, 2015 ]. Subsequently, several studies have successfully applied distillation learning to monocular depth estimation. For example, Song et al. [Song"
always_clear_depth_ablation_components,content-only,ablation study components distillation learning ordinal guidance distillation feature consistency constraint,proposition-to-chunk,500,18,False,,0.8403327941894532,data\ACD.pdf,4,ACD_p4_chunk_3,47,1,1,0.7639389038085938,0.7639389038085938,proposition::ACD_p4_chunk_3::p1,distillation_learning,,"samples using self- supervised learning, and the student model is trained on a mixed dataset of simple and complex samples using distillation learning. To provide the student model with supervisory signals beyond those from the teacher model, we designed"
always_clear_depth_ablation_components,content-only,ablation study components distillation learning ordinal guidance distillation feature consistency constraint,proposition-to-chunk,500,19,False,,0.8394306838512421,data\Lite-Mono.pdf,7,Lite-Mono_p7_chunk_21,57,1,1,0.7631188035011292,0.7631188035011292,proposition::Lite-Mono_p7_chunk_21::p3,,,"son Xavier, which allows them to be used on edge devices. 4.6. Ablation study on model architectures To further demonstrate the effectiveness of the proposed model the ablation study is conducted to evaluate the impor- tance of different designs in the arc"
always_clear_depth_ablation_components,content-only,ablation study components distillation learning ordinal guidance distillation feature consistency constraint,proposition-to-chunk,500,20,False,,0.8365526378154755,data\SSRDepth.pdf,12,SSRDepth_p12_chunk_6,91,1,1,0.7605023980140686,0.7605023980140686,proposition::SSRDepth_p12_chunk_6::p0,,,"Ablation study on semantic segmentation and scale alignment constraints. SC and DC stand for the semantic segmentation (𝐶𝐸 ) and scale alignment (𝑆𝑃 𝑆𝐴 ) constraints, respectively. Segmentation scale SC DC 𝛿1 ↑ AbsRel↓ RMSE↓ SqRel↓ × × × 0.790"
always_clear_depth_ablation_components,content-only,ablation study components distillation learning ordinal guidance distillation feature consistency constraint,proposition-to-chunk,500,21,False,,0.8247581958770752,data\Jasmine.pdf,21,Jasmine_p21_chunk_14,59,1,1,0.7497801780700684,0.7497801780700684,proposition::Jasmine_p21_chunk_14::p3,,,"y considering our more challenging problem setting, further demonstrates the substantial strength and generalizability of our approach. E.3 Qualitative Comparisons Table 6:Ablation Studieson the mix-batch ratio. Ph refers to supervision using Eq. 5, while"
always_clear_depth_ablation_components,content-only,ablation study components distillation learning ordinal guidance distillation feature consistency constraint,proposition-to-chunk,500,22,False,,0.823387622833252,data\ACD.pdf,3,ACD_p3_chunk_32,53,1,1,0.7485342025756836,0.7485342025756836,proposition::ACD_p3_chunk_32::p1,,,"r and alignment of capabilities between the teacher model and student model, we propose the multi- granularity knowledge distillation strategy (MKD) to achieve the robust model training of the student model, detailed as follows. Proceedings of the Thirty-F"
always_clear_depth_ablation_components,content-only,ablation study components distillation learning ordinal guidance distillation feature consistency constraint,proposition-to-chunk,500,23,False,,0.8163879573345184,data\ACD.pdf,4,ACD_p4_chunk_6,62,1,1,0.7421708703041077,0.7421708703041077,proposition::ACD_p4_chunk_6::p1,,,"perini et al., 2023 ], the commonly used multi-scale feature distillation loss between the teacher model (F T(·)) and student model (F S(·)) is employed to facilitate the per- ception of the student model to the adverse weather. For the given normal inpute"
always_clear_depth_ablation_components,content-only,ablation study components distillation learning ordinal guidance distillation feature consistency constraint,proposition-to-chunk,500,24,False,,0.8160176455974579,data\SSRDepth.pdf,11,SSRDepth_p11_chunk_16,51,1,1,0.7418342232704163,0.7418342232704163,proposition::SSRDepth_p11_chunk_16::p2,,,"fy the eﬀectiveness of semantic segmentation and scale alignment constraints on the predicted segmentation scale, we conduct ablation experiments. Notably, we do not set up a version with only scale alignment constraints, as this constraint requires the"
always_clear_depth_ablation_components,content-only,ablation study components distillation learning ordinal guidance distillation feature consistency constraint,proposition-to-chunk,500,25,False,,0.8144471645355225,data\MonoDiffusion.pdf,2,MonoDiffusion_p2_chunk_9,56,1,1,0.7404065132141113,0.7404065132141113,proposition::MonoDiffusion_p2_chunk_9::p3,,,"computation in conventional CRFs. Shao et al. [11] introduced the cross-distillation paradigm to integrate strengths from CNN and Transformer. Liu et al. [35] enforced the first- order variational constraint to regularize depth map. However, these methods"
always_clear_depth_ablation_components,content-only,ablation study components distillation learning ordinal guidance distillation feature consistency constraint,proposition-to-chunk,500,26,False,,0.8108572125434875,data\dav2.pdf,15,dav2_p15_chunk_10,91,1,1,0.7371429204940796,0.7371429204940796,proposition::dav2_p15_chunk_10::p1,,,"g Dai, Eduard Hovy, Thang Luong, and Quoc Le. Unsupervised data augmentation for consistency training. In NeurIPS, 2020. 10 [87] Dejia Xu, Yifan Jiang, Peihao Wang, Zhiwen Fan, Yi Wang, and Zhangyang Wang. Neurallift- 360: Lifting an in-the-wild 2d photo t"
always_clear_depth_ablation_components,content-only,ablation study components distillation learning ordinal guidance distillation feature consistency constraint,proposition-to-chunk,500,27,False,,0.8088819980621338,data\Robust Monocular Depth Estimation under Challenging Conditions.pdf,5,Robust_Monocular_Depth_Estimation_under_Challenging_Conditions_p5_chunk_10,59,1,1,0.7353472709655762,0.7353472709655762,proposition::Robust_Monocular_Depth_Estimation_under_Challenging_Conditions_p5_chunk_10::p1,,,"ideal settings E, regardless of the difficulty of the input. As shown in Figure 3, we achieve this via knowledge distilla- tion from a depth network B (baseline) trained at an earlier stage on E to a new depth model DD for both easy and ad- verse scenarios"
always_clear_depth_ablation_components,content-only,ablation study components distillation learning ordinal guidance distillation feature consistency constraint,proposition-to-chunk,500,28,False,,0.8075111627578735,data\s.pdf,2,s_p2_chunk_14,50,1,1,0.7341010570526123,0.7341010570526123,proposition::s_p2_chunk_14::p5,,,"ignals from earlier trained models, and we design a consistency-reweighting strategy by incorporating different models to find a consistency map that can empha- size the valid parts of pseudo-labels and provide effective signals for learning in real-world"
always_clear_depth_ablation_components,content-only,ablation study components distillation learning ordinal guidance distillation feature consistency constraint,proposition-to-chunk,500,29,False,,0.8070794820785523,data\ACD.pdf,7,ACD_p7_chunk_17,52,1,1,0.7337086200714111,0.7337086200714111,proposition::ACD_p7_chunk_17::p0,ordinal_guidance_distillation,,"ing methods on ordinal guidance distillation, with the experimental results presented in Table 4. Our OGD strategy employs two sam- pling methods: global and local sampling. We observed that model performance became more reliable as both sampling methods w"
always_clear_depth_ablation_components,content-only,ablation study components distillation learning ordinal guidance distillation feature consistency constraint,proposition-to-chunk,500,30,False,,0.8037266135215759,data\ACD.pdf,6,ACD_p6_chunk_19,56,1,1,0.7306605577468872,0.7306605577468872,proposition::ACD_p6_chunk_19::p1,,,"d compre- hensive prior constraints, which contribute more to the robust model training and optimization. 4.4 Ablation Study In this section, we conduct detailed ablation experiments on nuScenes and RobotCar datasets to demonstrate the individ- ual effecti"
always_clear_depth_ablation_components,content-only,ablation study components distillation learning ordinal guidance distillation feature consistency constraint,proposition-to-chunk,500,31,False,,0.8036569833755494,data\ACD.pdf,5,ACD_p5_chunk_6,49,1,1,0.7305972576141357,0.7305972576141357,proposition::ACD_p5_chunk_6::p1,,,"tency Constraint. Since a robust model can provide the precise perception on both the normal and degraded scenarios, we propose the feature consistency con- straint to mitigate the impact of image degradation, thus gen- eralizing to various adverse weather"
always_clear_depth_ablation_components,content-only,ablation study components distillation learning ordinal guidance distillation feature consistency constraint,proposition-to-chunk,500,32,False,,0.7998374879360199,data\Single Image Depth Prediction with Wavelet Decomposition.pdf,2,Single_Image_Depth_Prediction_with_Wavelet_Decomposition_p2_chunk_17,57,1,1,0.7271249890327454,0.7271249890327454,proposition::Single_Image_Depth_Prediction_with_Wavelet_Decomposition_p2_chunk_17::p2,,,"ternative angle on efﬁ- cient depth estimation is to focus on the training procedure. Several works use knowledge distillation to enable a small depth estimation network to learn some of the knowledge from a larger network e.g. [59, 44]. In contrast to the"
always_clear_depth_ablation_components,content-only,ablation study components distillation learning ordinal guidance distillation feature consistency constraint,proposition-to-chunk,500,33,False,,0.7993018865585327,data\Global-Local.pdf,1,Global-Local_p1_chunk_24,54,1,1,0.7266380786895752,0.7266380786895752,proposition::Global-Local_p1_chunk_24::p3,,,"mputational burden. Compared to other decoders, our decoder achieves superior performance with much lower complexity. Furthermore, we train the network with an additional task speciﬁc data augmentation technique to boost the model ca- pability. Data augmen"
always_clear_depth_ablation_components,content-only,ablation study components distillation learning ordinal guidance distillation feature consistency constraint,proposition-to-chunk,500,34,False,,0.7992965757846833,data\ACD.pdf,4,ACD_p4_chunk_9,55,1,1,0.7266332507133484,0.7266332507133484,proposition::ACD_p4_chunk_9::p1,ordinal_guidance_distillation,,ed training set. Ordinal Guidance Distillation. 1) Uncertain Region Def- inition: We use the output from Depth Anything V2 model as the supervisory signal because it ensures accurate depth prediction while maintaining acceptable inference speed. D T and DS
always_clear_depth_ablation_components,content-only,ablation study components distillation learning ordinal guidance distillation feature consistency constraint,proposition-to-chunk,500,35,False,,0.7978702068328858,data\s.pdf,8,s_p8_chunk_26,49,1,1,0.7253365516662598,0.7253365516662598,proposition::s_p8_chunk_26::p0,,,ons. We introduce a consistency reweighting strategy and a structure prior con- straint to boost learning from synthetic to real domains. Ex- periments across diverse settings and datasets show that our model provides more accurate and robust depth than pr
always_clear_depth_ablation_components,content-only,ablation study components distillation learning ordinal guidance distillation feature consistency constraint,proposition-to-chunk,500,36,False,,0.7959085643291474,data\ACD.pdf,2,ACD_p2_chunk_16,51,1,1,0.7235532402992249,0.7235532402992249,proposition::ACD_p2_chunk_16::p1,"distillation_learning,ordinal_guidance_distillation",,"e teacher model to provide comprehen- sive supervision and guidance to the student model. Besides the commonly used feature and result distillation learning, we pioneer the ordinal guidance distillation mechanism (OGD). In summary, the contributions are as"
always_clear_depth_ablation_components,content-only,ablation study components distillation learning ordinal guidance distillation feature consistency constraint,proposition-to-chunk,500,37,False,,0.794720458984375,data\Global-Local.pdf,1,Global-Local_p1_chunk_25,50,1,1,0.72247314453125,0.72247314453125,proposition::Global-Local_p1_chunk_25::p2,,,"speciﬁc data augmentation technique to boost the model ca- pability. Data augmentation plays an important role in opti- mizing the network and can accelerate the model performance without additional computational costs. Nevertheless, data augmentation for"
always_clear_depth_ablation_components,content-only,ablation study components distillation learning ordinal guidance distillation feature consistency constraint,proposition-to-chunk,500,38,False,,0.7946118831634521,data\ACD.pdf,5,ACD_p5_chunk_24,57,1,1,0.722374439239502,0.722374439239502,proposition::ACD_p5_chunk_24::p0,ordinal_guidance_distillation,,"for ordinal guidance distillation. Fur- ther details on the model training procedure and dataset trans- lation process are provided in the appendix. 4.3 Comparison with SoTAs In this section, we evaluate our model on the nuScenes and RobotCar datasets. Qua"
always_clear_depth_ablation_components,content-only,ablation study components distillation learning ordinal guidance distillation feature consistency constraint,proposition-to-chunk,500,39,False,,0.7943654894828797,data\Robust Monocular Depth Estimation under Challenging Conditions.pdf,4,Robust_Monocular_Depth_Estimation_under_Challenging_Conditions_p4_chunk_18,54,1,1,0.722150444984436,0.722150444984436,proposition::Robust_Monocular_Depth_Estimation_under_Challenging_Conditions_p4_chunk_18::p1,,,"to learn robust features agnostic of the input condition. The Appendix shows how perform- ing this step only during training delivers similar results. Then, in the case of particularly noisy night samples (e.g., nuScenes [3]), we augment the inputs with he"
always_clear_depth_ablation_components,content-only,ablation study components distillation learning ordinal guidance distillation feature consistency constraint,proposition-to-chunk,500,40,False,,0.792861819267273,data\ACD.pdf,1,ACD_p1_chunk_25,65,1,1,0.7207834720611572,0.7207834720611572,proposition::ACD_p1_chunk_25::p0,distillation_learning,,"nize the merits of distillation learning, contrastive learning, and data augmenta- tion strategies to create more generalized models that improve model performance across varied scenes [Wang et al., 2024b; Wang et al., 2024a; Saunders et al., 2023 ]. For e"
always_clear_depth_ablation_components,content-only,ablation study components distillation learning ordinal guidance distillation feature consistency constraint,proposition-to-chunk,500,41,False,,0.7915812015533448,data\Robust Monocular Depth Estimation under Challenging Conditions.pdf,2,Robust_Monocular_Depth_Estimation_under_Challenging_Conditions_p2_chunk_19,55,1,1,0.7196192741394043,0.7196192741394043,proposition::Robust_Monocular_Depth_Estimation_under_Challenging_Conditions_p2_chunk_19::p1,,,d ones learn artifacts from the ground truth sensor (LiDAR is shown). • We apply our generic method to both fully- and self- supervised monocular settings. • We generate and share open-source images in adverse conditions corresponding to the sunny and clou
always_clear_depth_ablation_components,content-only,ablation study components distillation learning ordinal guidance distillation feature consistency constraint,proposition-to-chunk,500,42,False,,0.7914124369621277,data\s.pdf,2,s_p2_chunk_2,57,1,1,0.7194658517837524,0.7194658517837524,proposition::s_p2_chunk_2::p3,,,"pply photometric loss directly to adverse conditions, alongside a generative adversarial network (GAN) to dis- criminate the style of predicted depth. While these ap- proaches have advanced the community, they still face chal- lenges in learning robustness"
always_clear_depth_ablation_components,content-only,ablation study components distillation learning ordinal guidance distillation feature consistency constraint,proposition-to-chunk,500,43,False,,0.7907683253288269,data\DepthDark.pdf,2,DepthDark_p2_chunk_7,51,1,1,0.718880295753479,0.718880295753479,proposition::DepthDark_p2_chunk_7::p2,,,"in low-light scenes. As a result, these innova- tions effectively overcome the difficulties associated with collecting large-scale, high-quality paired nighttime depth data. We also propose an efficient parameter-efficient fine-tuning (PEFT) strategy to ad"
always_clear_depth_ablation_components,content-only,ablation study components distillation learning ordinal guidance distillation feature consistency constraint,proposition-to-chunk,500,44,True,8,0.7893577575683594,data\Depth_Anything.pdf,7,Depth_Anything_p7_chunk_24,36,1,1,0.7175979614257812,0.7175979614257812,proposition::Depth_Anything_p7_chunk_24::p0,,,"S trained encoder in downstream tasks. Our Depth Anything model has exhibited stronger zero-shot capability than MiDaS [5, 45]. Here, we further 10377"
always_clear_depth_ablation_components,content-only,ablation study components distillation learning ordinal guidance distillation feature consistency constraint,proposition-to-chunk,500,45,False,,0.7892170548439026,data\ACD.pdf,2,ACD_p2_chunk_12,56,1,1,0.7174700498580933,0.7174700498580933,proposition::ACD_p2_chunk_12::p1,,,"able depth esti- mation models. To address these issues, we propose to optimize the data generation and domain adaptation learning, and construct the degradation-agnostic robust monocular depth estimation method (ACDepth). Speciﬁcally, we fully explore the"
always_clear_depth_ablation_components,content-only,ablation study components distillation learning ordinal guidance distillation feature consistency constraint,proposition-to-chunk,500,46,False,,0.7889170944690704,data\Robust Monocular Depth Estimation under Challenging Conditions.pdf,4,Robust_Monocular_Depth_Estimation_under_Challenging_Conditions_p4_chunk_17,63,1,1,0.7171973586082458,0.7171973586082458,proposition::Robust_Monocular_Depth_Estimation_under_Challenging_Conditions_p4_chunk_17::p2,,,"% of the inputs, as a ran- dom mix of c) or ei from the pre-existing training data. Ad- ditionally, we normalize the inputs depending on the record- ing time (i.e., day/night) to learn robust features agnostic of the input condition. The Appendix shows how"
always_clear_depth_ablation_components,content-only,ablation study components distillation learning ordinal guidance distillation feature consistency constraint,proposition-to-chunk,500,47,False,,0.7880572080612183,data\Monocular Depth Estimation.pdf,5,Monocular_Depth_Estimation_p5_chunk_29,67,1,1,0.7164156436920166,0.7164156436920166,proposition::Monocular_Depth_Estimation_p5_chunk_29::p2,,,"the data split of Eigen et al . [8]. Except in ablation experiments, for training which uses monocular sequences (i.e. monocular and monocular plus stereo) we follow Zhou et al .’s [76] pre-processing to remove static frames. This results in 39,810 monocu"
always_clear_depth_ablation_components,content-only,ablation study components distillation learning ordinal guidance distillation feature consistency constraint,proposition-to-chunk,500,48,False,,0.7880520939826965,data\s.pdf,8,s_p8_chunk_16,53,1,1,0.7164109945297241,0.7164109945297241,proposition::s_p8_chunk_16::p3,,,"eliable regions. More visualization results can be seen in supplementary. 5. Ablations To verify the effectiveness of each stage and the designed modules, we conduct ablations on learning from the cost volume ( Lcv), real adaptation without designed strate"
always_clear_depth_ablation_components,content-only,ablation study components distillation learning ordinal guidance distillation feature consistency constraint,proposition-to-chunk,500,49,False,,0.7874829888343811,data\Repurposing Diffusion-Based Image Generators for Monocular Depth Estimation.pdf,12,Repurposing_Diffusion-Based_Image_Generators_for_Monocular_Depth_Estimation_p12_chunk_15,84,1,1,0.7158936262130737,0.7158936262130737,proposition::Repurposing_Diffusion-Based_Image_Generators_for_Monocular_Depth_Estimation_p12_chunk_15::p3,,,"compared to feed-forward methods. Speed can be enhanced in future research, e.g. distillation for 2- or 4-step denoising schedules, and reducing prediction variance for smaller ensemble sizes. 1 2 5 10 # Ensemble size 2.0 4.0 6.0 8.0(sec/sample) 1 2 4 10 #"
always_clear_depth_ablation_components,content-only,ablation study components distillation learning ordinal guidance distillation feature consistency constraint,proposition-to-chunk,500,50,False,,0.7871928632259368,data\SSRDepth.pdf,8,SSRDepth_p8_chunk_18,67,1,1,0.7156298756599426,0.7156298756599426,proposition::SSRDepth_p8_chunk_18::p1,,,"e Virtual KITTI 2 dataset to rank ﬁrst. In addition, we further introduce boundary-aware metrics: Boundary F1 (F1), Recall (R) score [43] and AbsRel on dilated boundary mask (B-AbsRel), as well as structural metrics: Structure Similarity Index Measure ("
always_clear_depth_ablation_components,content-only,ablation study components distillation learning ordinal guidance distillation feature consistency constraint,proposition-to-chunk,1000,1,True,1,1.0178080379962922,data\ACD.pdf,7,ACD_p7_chunk_7,90,1,1,0.9252800345420837,0.9252800345420837,proposition::ACD_p7_chunk_7::p0,"distillation_learning,ordinal_guidance_distillation,feature_consistency_constraint",,"zation of ablation study on the distillation learning, feature consistency constraint and ordinal guidance distillation. DL OGD FCC day-clear night day-rain absRel RMSE absRel RMSE absRel RMSE N 0.1333 6.459 0.2419 10.922 0.1572 7.453 ✓ 0.1335 6.408 0.1883"
always_clear_depth_ablation_components,content-only,ablation study components distillation learning ordinal guidance distillation feature consistency constraint,proposition-to-chunk,1000,2,True,2,1.008725780248642,data\ACD.pdf,4,ACD_p4_chunk_5,56,2,2,0.8529390096664429,1.557867705821991,proposition::ACD_p4_chunk_5::p1|proposition::ACD_p4_chunk_5::p4,distillation_learning,,"ove the student model’s generalization across diverse scenarios, we incorporated a feature constraint loss L c. Distillation Learning. Similar to the existing technol- ogy [Gasperini et al., 2023 ], the commonly used multi-scale feature distillation loss b"
always_clear_depth_ablation_components,content-only,ablation study components distillation learning ordinal guidance distillation feature consistency constraint,proposition-to-chunk,1000,3,True,3,1.0008577883243561,data\ACD.pdf,7,ACD_p7_chunk_11,64,2,2,0.8439769148826599,1.5688087344169617,proposition::ACD_p7_chunk_11::p0|proposition::ACD_p7_chunk_11::p4,feature_consistency_constraint,,"distilla- tion, FCC: feature consistency constraint. provements in model performance, reducing the absRel met- ric by 0.54% for day scene and 0.73% for night scene on the RobotCar. In addition, we introduce the feature consistency constraint (FCC) to evalu"
always_clear_depth_ablation_components,content-only,ablation study components distillation learning ordinal guidance distillation feature consistency constraint,proposition-to-chunk,1000,4,True,4,0.9804290473461151,data\ACD.pdf,7,ACD_p7_chunk_10,90,2,2,0.8261498212814331,1.54279226064682,proposition::ACD_p7_chunk_10::p1|proposition::ACD_p7_chunk_10::p4,"distillation_learning,ordinal_guidance_distillation,feature_consistency_constraint",,"3.458 0.704 ✓✓ ✓ 0.1107 3.084 0.591 0.1206 3.432 0.690 Table 3: Ablation study of Design Components. N: nuScenes, R: RobotCar, DL: distillation learning, OGD: ordinal guidance distilla- tion, FCC: feature consistency constraint. provements in model perform"
always_clear_depth_ablation_components,content-only,ablation study components distillation learning ordinal guidance distillation feature consistency constraint,proposition-to-chunk,1000,5,True,5,0.9721463859081269,data\ACD.pdf,3,ACD_p3_chunk_0,47,2,2,0.8167681097984314,1.5537827610969543,proposition::ACD_p3_chunk_0::p1|proposition::ACD_p3_chunk_0::p0,distillation_learning,,2.2 Distillation Learning Early distillation learning methods primarily focus on model compression and acceleration. A classic example of distilla- tion learning is to guide the training of student models by softening the output probability distribution of
always_clear_depth_ablation_components,content-only,ablation study components distillation learning ordinal guidance distillation feature consistency constraint,proposition-to-chunk,1000,6,True,6,0.9402901768684387,data\ACD.pdf,7,ACD_p7_chunk_16,48,2,2,0.7886697053909302,1.5162047147750854,proposition::ACD_p7_chunk_16::p3|proposition::ACD_p7_chunk_16::p2,ordinal_guidance_distillation,,"us on uncertain regions, resulting in more robust depth estimation. Evaluation on Ordinal Guidance Distillation. In this sec- tion, we investigate the impact of different sampling methods on ordinal guidance distillation, with the experimental results pres"
always_clear_depth_ablation_components,content-only,ablation study components distillation learning ordinal guidance distillation feature consistency constraint,proposition-to-chunk,1000,7,True,7,0.9163986802101135,data\ACD.pdf,6,ACD_p6_chunk_21,69,1,1,0.8330897092819214,0.8330897092819214,proposition::ACD_p6_chunk_21::p2,distillation_learning,,"d on daytime scenes [Gasperini et al., 2023 ]. Based on this, we introduce the distillation learning (DL) to pro- mote training with more robust feature representation, reduc- ing the absRel metric by 22.16% for night scene and 10.69% for rainy scene on th"
always_clear_depth_ablation_components,content-only,ablation study components distillation learning ordinal guidance distillation feature consistency constraint,proposition-to-chunk,1000,8,True,8,0.9070874512195587,data\ACD.pdf,7,ACD_p7_chunk_6,92,1,1,0.8246249556541443,0.8246249556541443,proposition::ACD_p7_chunk_6::p3,distillation_learning,,"et. Trailing 0 added to the values from [V ankadari et al., 2023 ] and [Tosi et al., 2025 ]. Notation from Table 1. :'/)&& 2ULJLQ,PDJH :'/ :'/)&&2*' Figure 5: Visualization of ablation study on the distillation learning, feature consistency const"
always_clear_depth_ablation_components,content-only,ablation study components distillation learning ordinal guidance distillation feature consistency constraint,proposition-to-chunk,1000,9,True,9,0.8982228517532349,data\ACD.pdf,1,ACD_p1_chunk_9,52,1,1,0.8165662288665771,0.8165662288665771,proposition::ACD_p1_chunk_9::p1,ordinal_guidance_distillation,,"om various degradation inputs. In particular, we introduce an ordinal guidance distillation mecha- nism (OGD) that encourages the network to focus on uncertain regions through differential ranking, leading to a more precise depth estimation. Experi- mental"
always_clear_depth_ablation_components,content-only,ablation study components distillation learning ordinal guidance distillation feature consistency constraint,proposition-to-chunk,1000,10,True,10,0.8787921071052551,data\ACD.pdf,1,ACD_p1_chunk_24,49,1,1,0.7989019155502319,0.7989019155502319,proposition::ACD_p1_chunk_24::p2,distillation_learning,,", these meth- ods struggle to generalize to complex and diverse environ- ments, frequently encountered in real-world applications. To promote generalization, some efforts harmonize the merits of distillation learning, contrastive learning, and data augment"
always_clear_depth_ablation_components,content-only,ablation study components distillation learning ordinal guidance distillation feature consistency constraint,proposition-to-chunk,1000,11,True,11,0.8748983383178711,data\ACD.pdf,3,ACD_p3_chunk_5,56,2,2,0.7312406301498413,1.4365770816802979,proposition::ACD_p3_chunk_5::p2|proposition::ACD_p3_chunk_5::p3,,,"- produce the ability of the teacher model, relying solely on depth-derived pseudo-labels or speciﬁc priors. To address these challenges, we propose a multi-granularity knowledge distillation strategy that enhances the knowledge transfer pro- cess by borro"
always_clear_depth_ablation_components,content-only,ablation study components distillation learning ordinal guidance distillation feature consistency constraint,proposition-to-chunk,1000,12,True,12,0.855723088979721,data\ACD.pdf,1,ACD_p1_chunk_27,43,1,1,0.7779300808906555,0.7779300808906555,proposition::ACD_p1_chunk_27::p0,distillation_learning,,GAN-based model and uses distillation learning to extract supervised signals from clear Proceedings of the Thirty-Fourth International Joint Conference on Artiﬁcial Intelligence (IJCAI-25) 1251
always_clear_depth_ablation_components,content-only,ablation study components distillation learning ordinal guidance distillation feature consistency constraint,proposition-to-chunk,1000,13,True,13,0.8533186197280884,data\ACD.pdf,1,ACD_p1_chunk_26,76,1,1,0.7757441997528076,0.7757441997528076,proposition::ACD_p1_chunk_26::p7,distillation_learning,,"d scenes [Wang et al., 2024b; Wang et al., 2024a; Saunders et al., 2023 ]. For example, md4all [Gasperini et al., 2023 ] generates the [normal, de- graded] sample pairs with a GAN-based model and uses distillation learning to extract supervised signals fro"
always_clear_depth_ablation_components,content-only,ablation study components distillation learning ordinal guidance distillation feature consistency constraint,proposition-to-chunk,1000,14,True,14,0.8531286776065826,data\SSRDepth.pdf,11,SSRDepth_p11_chunk_21,70,1,1,0.7755715250968933,0.7755715250968933,proposition::SSRDepth_p11_chunk_21::p3,,,"s essential to jointly con- strain semantic segmentation and depth coeﬃcients to enhance predic- tion accuracy. In addition, we conducted ablation experiments on the scaling factor 𝛾 of the scale alignment constraint, setting 𝛾 to 1, 0.75, 0.5 and 0.25"
always_clear_depth_ablation_components,content-only,ablation study components distillation learning ordinal guidance distillation feature consistency constraint,proposition-to-chunk,1000,15,True,15,0.8502526640892029,data\ACD.pdf,2,ACD_p2_chunk_17,54,1,1,0.7729569673538208,0.7729569673538208,proposition::ACD_p2_chunk_17::p0,ordinal_guidance_distillation,,"inal guidance distillation mechanism (OGD). In summary, the contributions are as follows: • We propose a practical multi-tuple degradation dataset generation scheme, and develop a novel robust monocu- lar depth estimation framework, termed as ACDepth for h"
always_clear_depth_ablation_components,content-only,ablation study components distillation learning ordinal guidance distillation feature consistency constraint,proposition-to-chunk,1000,16,False,,0.8415525674819946,data\ACD.pdf,4,ACD_p4_chunk_8,106,1,1,0.7650477886199951,0.7650477886199951,proposition::ACD_p4_chunk_8::p0,ordinal_guidance_distillation,,"S S∑ s=1 1 Ns Ns∑ j=1 ⏐⏐ ⏐F T (ei)js −FS (mi)js ⏐ ⏐ ⏐ FS (mi)js , (7) where S denotes the number of different scales and mi rep- resents a sample randomly selected from the mixed training set. Ordinal Guidance Distillation. 1) Uncertain Region Def- inition"
always_clear_depth_ablation_components,content-only,ablation study components distillation learning ordinal guidance distillation feature consistency constraint,proposition-to-chunk,1000,17,False,,0.8404070138931274,data\ACD.pdf,3,ACD_p3_chunk_1,55,1,1,0.7640063762664795,0.7640063762664795,proposition::ACD_p3_chunk_1::p2,distillation_learning,,"e training of student models by softening the output probability distribution of the teacher model [Hinton, 2015 ]. Subsequently, several studies have successfully applied distillation learning to monocular depth estimation. For example, Song et al. [Song"
always_clear_depth_ablation_components,content-only,ablation study components distillation learning ordinal guidance distillation feature consistency constraint,proposition-to-chunk,1000,18,False,,0.8403327941894532,data\ACD.pdf,4,ACD_p4_chunk_3,47,1,1,0.7639389038085938,0.7639389038085938,proposition::ACD_p4_chunk_3::p1,distillation_learning,,"samples using self- supervised learning, and the student model is trained on a mixed dataset of simple and complex samples using distillation learning. To provide the student model with supervisory signals beyond those from the teacher model, we designed"
always_clear_depth_ablation_components,content-only,ablation study components distillation learning ordinal guidance distillation feature consistency constraint,proposition-to-chunk,1000,19,False,,0.8394306838512421,data\Lite-Mono.pdf,7,Lite-Mono_p7_chunk_21,57,1,1,0.7631188035011292,0.7631188035011292,proposition::Lite-Mono_p7_chunk_21::p3,,,"son Xavier, which allows them to be used on edge devices. 4.6. Ablation study on model architectures To further demonstrate the effectiveness of the proposed model the ablation study is conducted to evaluate the impor- tance of different designs in the arc"
always_clear_depth_ablation_components,content-only,ablation study components distillation learning ordinal guidance distillation feature consistency constraint,proposition-to-chunk,1000,20,False,,0.8365526378154755,data\SSRDepth.pdf,12,SSRDepth_p12_chunk_6,91,1,1,0.7605023980140686,0.7605023980140686,proposition::SSRDepth_p12_chunk_6::p0,,,"Ablation study on semantic segmentation and scale alignment constraints. SC and DC stand for the semantic segmentation (𝐶𝐸 ) and scale alignment (𝑆𝑃 𝑆𝐴 ) constraints, respectively. Segmentation scale SC DC 𝛿1 ↑ AbsRel↓ RMSE↓ SqRel↓ × × × 0.790"
always_clear_depth_ablation_components,content-only,ablation study components distillation learning ordinal guidance distillation feature consistency constraint,proposition-to-chunk,1000,21,False,,0.8247581958770752,data\Jasmine.pdf,21,Jasmine_p21_chunk_14,59,1,1,0.7497801780700684,0.7497801780700684,proposition::Jasmine_p21_chunk_14::p3,,,"y considering our more challenging problem setting, further demonstrates the substantial strength and generalizability of our approach. E.3 Qualitative Comparisons Table 6:Ablation Studieson the mix-batch ratio. Ph refers to supervision using Eq. 5, while"
always_clear_depth_ablation_components,content-only,ablation study components distillation learning ordinal guidance distillation feature consistency constraint,proposition-to-chunk,1000,22,False,,0.823387622833252,data\ACD.pdf,3,ACD_p3_chunk_32,53,1,1,0.7485342025756836,0.7485342025756836,proposition::ACD_p3_chunk_32::p1,,,"r and alignment of capabilities between the teacher model and student model, we propose the multi- granularity knowledge distillation strategy (MKD) to achieve the robust model training of the student model, detailed as follows. Proceedings of the Thirty-F"
always_clear_depth_ablation_components,content-only,ablation study components distillation learning ordinal guidance distillation feature consistency constraint,proposition-to-chunk,1000,23,False,,0.8163879573345184,data\ACD.pdf,4,ACD_p4_chunk_6,62,1,1,0.7421708703041077,0.7421708703041077,proposition::ACD_p4_chunk_6::p1,,,"perini et al., 2023 ], the commonly used multi-scale feature distillation loss between the teacher model (F T(·)) and student model (F S(·)) is employed to facilitate the per- ception of the student model to the adverse weather. For the given normal inpute"
always_clear_depth_ablation_components,content-only,ablation study components distillation learning ordinal guidance distillation feature consistency constraint,proposition-to-chunk,1000,24,False,,0.8160176455974579,data\SSRDepth.pdf,11,SSRDepth_p11_chunk_16,51,1,1,0.7418342232704163,0.7418342232704163,proposition::SSRDepth_p11_chunk_16::p2,,,"fy the eﬀectiveness of semantic segmentation and scale alignment constraints on the predicted segmentation scale, we conduct ablation experiments. Notably, we do not set up a version with only scale alignment constraints, as this constraint requires the"
always_clear_depth_ablation_components,content-only,ablation study components distillation learning ordinal guidance distillation feature consistency constraint,proposition-to-chunk,1000,25,False,,0.8144471645355225,data\MonoDiffusion.pdf,2,MonoDiffusion_p2_chunk_9,56,1,1,0.7404065132141113,0.7404065132141113,proposition::MonoDiffusion_p2_chunk_9::p3,,,"computation in conventional CRFs. Shao et al. [11] introduced the cross-distillation paradigm to integrate strengths from CNN and Transformer. Liu et al. [35] enforced the first- order variational constraint to regularize depth map. However, these methods"
always_clear_depth_ablation_components,content-only,ablation study components distillation learning ordinal guidance distillation feature consistency constraint,proposition-to-chunk,1000,26,False,,0.8108572125434875,data\dav2.pdf,15,dav2_p15_chunk_10,91,1,1,0.7371429204940796,0.7371429204940796,proposition::dav2_p15_chunk_10::p1,,,"g Dai, Eduard Hovy, Thang Luong, and Quoc Le. Unsupervised data augmentation for consistency training. In NeurIPS, 2020. 10 [87] Dejia Xu, Yifan Jiang, Peihao Wang, Zhiwen Fan, Yi Wang, and Zhangyang Wang. Neurallift- 360: Lifting an in-the-wild 2d photo t"
always_clear_depth_ablation_components,content-only,ablation study components distillation learning ordinal guidance distillation feature consistency constraint,proposition-to-chunk,1000,27,False,,0.8088819980621338,data\Robust Monocular Depth Estimation under Challenging Conditions.pdf,5,Robust_Monocular_Depth_Estimation_under_Challenging_Conditions_p5_chunk_10,59,1,1,0.7353472709655762,0.7353472709655762,proposition::Robust_Monocular_Depth_Estimation_under_Challenging_Conditions_p5_chunk_10::p1,,,"ideal settings E, regardless of the difficulty of the input. As shown in Figure 3, we achieve this via knowledge distilla- tion from a depth network B (baseline) trained at an earlier stage on E to a new depth model DD for both easy and ad- verse scenarios"
always_clear_depth_ablation_components,content-only,ablation study components distillation learning ordinal guidance distillation feature consistency constraint,proposition-to-chunk,1000,28,False,,0.8075111627578735,data\s.pdf,2,s_p2_chunk_14,50,1,1,0.7341010570526123,0.7341010570526123,proposition::s_p2_chunk_14::p5,,,"ignals from earlier trained models, and we design a consistency-reweighting strategy by incorporating different models to find a consistency map that can empha- size the valid parts of pseudo-labels and provide effective signals for learning in real-world"
always_clear_depth_ablation_components,content-only,ablation study components distillation learning ordinal guidance distillation feature consistency constraint,proposition-to-chunk,1000,29,False,,0.8070794820785523,data\ACD.pdf,7,ACD_p7_chunk_17,52,1,1,0.7337086200714111,0.7337086200714111,proposition::ACD_p7_chunk_17::p0,ordinal_guidance_distillation,,"ing methods on ordinal guidance distillation, with the experimental results presented in Table 4. Our OGD strategy employs two sam- pling methods: global and local sampling. We observed that model performance became more reliable as both sampling methods w"
always_clear_depth_ablation_components,content-only,ablation study components distillation learning ordinal guidance distillation feature consistency constraint,proposition-to-chunk,1000,30,False,,0.8037266135215759,data\ACD.pdf,6,ACD_p6_chunk_19,56,1,1,0.7306605577468872,0.7306605577468872,proposition::ACD_p6_chunk_19::p1,,,"d compre- hensive prior constraints, which contribute more to the robust model training and optimization. 4.4 Ablation Study In this section, we conduct detailed ablation experiments on nuScenes and RobotCar datasets to demonstrate the individ- ual effecti"
always_clear_depth_ablation_components,content-only,ablation study components distillation learning ordinal guidance distillation feature consistency constraint,proposition-to-chunk,1000,31,False,,0.8036569833755494,data\ACD.pdf,5,ACD_p5_chunk_6,49,1,1,0.7305972576141357,0.7305972576141357,proposition::ACD_p5_chunk_6::p1,,,"tency Constraint. Since a robust model can provide the precise perception on both the normal and degraded scenarios, we propose the feature consistency con- straint to mitigate the impact of image degradation, thus gen- eralizing to various adverse weather"
always_clear_depth_ablation_components,content-only,ablation study components distillation learning ordinal guidance distillation feature consistency constraint,proposition-to-chunk,1000,32,False,,0.7998374879360199,data\Single Image Depth Prediction with Wavelet Decomposition.pdf,2,Single_Image_Depth_Prediction_with_Wavelet_Decomposition_p2_chunk_17,57,1,1,0.7271249890327454,0.7271249890327454,proposition::Single_Image_Depth_Prediction_with_Wavelet_Decomposition_p2_chunk_17::p2,,,"ternative angle on efﬁ- cient depth estimation is to focus on the training procedure. Several works use knowledge distillation to enable a small depth estimation network to learn some of the knowledge from a larger network e.g. [59, 44]. In contrast to the"
always_clear_depth_ablation_components,content-only,ablation study components distillation learning ordinal guidance distillation feature consistency constraint,proposition-to-chunk,1000,33,False,,0.7993018865585327,data\Global-Local.pdf,1,Global-Local_p1_chunk_24,54,1,1,0.7266380786895752,0.7266380786895752,proposition::Global-Local_p1_chunk_24::p3,,,"mputational burden. Compared to other decoders, our decoder achieves superior performance with much lower complexity. Furthermore, we train the network with an additional task speciﬁc data augmentation technique to boost the model ca- pability. Data augmen"
always_clear_depth_ablation_components,content-only,ablation study components distillation learning ordinal guidance distillation feature consistency constraint,proposition-to-chunk,1000,34,False,,0.7992965757846833,data\ACD.pdf,4,ACD_p4_chunk_9,55,1,1,0.7266332507133484,0.7266332507133484,proposition::ACD_p4_chunk_9::p1,ordinal_guidance_distillation,,ed training set. Ordinal Guidance Distillation. 1) Uncertain Region Def- inition: We use the output from Depth Anything V2 model as the supervisory signal because it ensures accurate depth prediction while maintaining acceptable inference speed. D T and DS
always_clear_depth_ablation_components,content-only,ablation study components distillation learning ordinal guidance distillation feature consistency constraint,proposition-to-chunk,1000,35,False,,0.7978702068328858,data\s.pdf,8,s_p8_chunk_26,49,1,1,0.7253365516662598,0.7253365516662598,proposition::s_p8_chunk_26::p0,,,ons. We introduce a consistency reweighting strategy and a structure prior con- straint to boost learning from synthetic to real domains. Ex- periments across diverse settings and datasets show that our model provides more accurate and robust depth than pr
always_clear_depth_ablation_components,content-only,ablation study components distillation learning ordinal guidance distillation feature consistency constraint,proposition-to-chunk,1000,36,False,,0.7959085643291474,data\ACD.pdf,2,ACD_p2_chunk_16,51,1,1,0.7235532402992249,0.7235532402992249,proposition::ACD_p2_chunk_16::p1,"distillation_learning,ordinal_guidance_distillation",,"e teacher model to provide comprehen- sive supervision and guidance to the student model. Besides the commonly used feature and result distillation learning, we pioneer the ordinal guidance distillation mechanism (OGD). In summary, the contributions are as"
always_clear_depth_ablation_components,content-only,ablation study components distillation learning ordinal guidance distillation feature consistency constraint,proposition-to-chunk,1000,37,False,,0.794720458984375,data\Global-Local.pdf,1,Global-Local_p1_chunk_25,50,1,1,0.72247314453125,0.72247314453125,proposition::Global-Local_p1_chunk_25::p2,,,"speciﬁc data augmentation technique to boost the model ca- pability. Data augmentation plays an important role in opti- mizing the network and can accelerate the model performance without additional computational costs. Nevertheless, data augmentation for"
always_clear_depth_ablation_components,content-only,ablation study components distillation learning ordinal guidance distillation feature consistency constraint,proposition-to-chunk,1000,38,False,,0.7946118831634521,data\ACD.pdf,5,ACD_p5_chunk_24,57,1,1,0.722374439239502,0.722374439239502,proposition::ACD_p5_chunk_24::p0,ordinal_guidance_distillation,,"for ordinal guidance distillation. Fur- ther details on the model training procedure and dataset trans- lation process are provided in the appendix. 4.3 Comparison with SoTAs In this section, we evaluate our model on the nuScenes and RobotCar datasets. Qua"
always_clear_depth_ablation_components,content-only,ablation study components distillation learning ordinal guidance distillation feature consistency constraint,proposition-to-chunk,1000,39,False,,0.7943654894828797,data\Robust Monocular Depth Estimation under Challenging Conditions.pdf,4,Robust_Monocular_Depth_Estimation_under_Challenging_Conditions_p4_chunk_18,54,1,1,0.722150444984436,0.722150444984436,proposition::Robust_Monocular_Depth_Estimation_under_Challenging_Conditions_p4_chunk_18::p1,,,"to learn robust features agnostic of the input condition. The Appendix shows how perform- ing this step only during training delivers similar results. Then, in the case of particularly noisy night samples (e.g., nuScenes [3]), we augment the inputs with he"
always_clear_depth_ablation_components,content-only,ablation study components distillation learning ordinal guidance distillation feature consistency constraint,proposition-to-chunk,1000,40,False,,0.792861819267273,data\ACD.pdf,1,ACD_p1_chunk_25,65,1,1,0.7207834720611572,0.7207834720611572,proposition::ACD_p1_chunk_25::p0,distillation_learning,,"nize the merits of distillation learning, contrastive learning, and data augmenta- tion strategies to create more generalized models that improve model performance across varied scenes [Wang et al., 2024b; Wang et al., 2024a; Saunders et al., 2023 ]. For e"
always_clear_depth_ablation_components,content-only,ablation study components distillation learning ordinal guidance distillation feature consistency constraint,proposition-to-chunk,1000,41,False,,0.7915812015533448,data\Robust Monocular Depth Estimation under Challenging Conditions.pdf,2,Robust_Monocular_Depth_Estimation_under_Challenging_Conditions_p2_chunk_19,55,1,1,0.7196192741394043,0.7196192741394043,proposition::Robust_Monocular_Depth_Estimation_under_Challenging_Conditions_p2_chunk_19::p1,,,d ones learn artifacts from the ground truth sensor (LiDAR is shown). • We apply our generic method to both fully- and self- supervised monocular settings. • We generate and share open-source images in adverse conditions corresponding to the sunny and clou
always_clear_depth_ablation_components,content-only,ablation study components distillation learning ordinal guidance distillation feature consistency constraint,proposition-to-chunk,1000,42,False,,0.7914124369621277,data\s.pdf,2,s_p2_chunk_2,57,1,1,0.7194658517837524,0.7194658517837524,proposition::s_p2_chunk_2::p3,,,"pply photometric loss directly to adverse conditions, alongside a generative adversarial network (GAN) to dis- criminate the style of predicted depth. While these ap- proaches have advanced the community, they still face chal- lenges in learning robustness"
always_clear_depth_ablation_components,content-only,ablation study components distillation learning ordinal guidance distillation feature consistency constraint,proposition-to-chunk,1000,43,False,,0.7907683253288269,data\DepthDark.pdf,2,DepthDark_p2_chunk_7,51,1,1,0.718880295753479,0.718880295753479,proposition::DepthDark_p2_chunk_7::p2,,,"in low-light scenes. As a result, these innova- tions effectively overcome the difficulties associated with collecting large-scale, high-quality paired nighttime depth data. We also propose an efficient parameter-efficient fine-tuning (PEFT) strategy to ad"
always_clear_depth_ablation_components,content-only,ablation study components distillation learning ordinal guidance distillation feature consistency constraint,proposition-to-chunk,1000,44,True,16,0.7893577575683594,data\Depth_Anything.pdf,7,Depth_Anything_p7_chunk_24,36,1,1,0.7175979614257812,0.7175979614257812,proposition::Depth_Anything_p7_chunk_24::p0,,,"S trained encoder in downstream tasks. Our Depth Anything model has exhibited stronger zero-shot capability than MiDaS [5, 45]. Here, we further 10377"
always_clear_depth_ablation_components,content-only,ablation study components distillation learning ordinal guidance distillation feature consistency constraint,proposition-to-chunk,1000,45,False,,0.7892170548439026,data\ACD.pdf,2,ACD_p2_chunk_12,56,1,1,0.7174700498580933,0.7174700498580933,proposition::ACD_p2_chunk_12::p1,,,"able depth esti- mation models. To address these issues, we propose to optimize the data generation and domain adaptation learning, and construct the degradation-agnostic robust monocular depth estimation method (ACDepth). Speciﬁcally, we fully explore the"
always_clear_depth_ablation_components,content-only,ablation study components distillation learning ordinal guidance distillation feature consistency constraint,proposition-to-chunk,1000,46,False,,0.7889170944690704,data\Robust Monocular Depth Estimation under Challenging Conditions.pdf,4,Robust_Monocular_Depth_Estimation_under_Challenging_Conditions_p4_chunk_17,63,1,1,0.7171973586082458,0.7171973586082458,proposition::Robust_Monocular_Depth_Estimation_under_Challenging_Conditions_p4_chunk_17::p2,,,"% of the inputs, as a ran- dom mix of c) or ei from the pre-existing training data. Ad- ditionally, we normalize the inputs depending on the record- ing time (i.e., day/night) to learn robust features agnostic of the input condition. The Appendix shows how"
always_clear_depth_ablation_components,content-only,ablation study components distillation learning ordinal guidance distillation feature consistency constraint,proposition-to-chunk,1000,47,False,,0.7880572080612183,data\Monocular Depth Estimation.pdf,5,Monocular_Depth_Estimation_p5_chunk_29,67,1,1,0.7164156436920166,0.7164156436920166,proposition::Monocular_Depth_Estimation_p5_chunk_29::p2,,,"the data split of Eigen et al . [8]. Except in ablation experiments, for training which uses monocular sequences (i.e. monocular and monocular plus stereo) we follow Zhou et al .’s [76] pre-processing to remove static frames. This results in 39,810 monocu"
always_clear_depth_ablation_components,content-only,ablation study components distillation learning ordinal guidance distillation feature consistency constraint,proposition-to-chunk,1000,48,False,,0.7880520939826965,data\s.pdf,8,s_p8_chunk_16,53,1,1,0.7164109945297241,0.7164109945297241,proposition::s_p8_chunk_16::p3,,,"eliable regions. More visualization results can be seen in supplementary. 5. Ablations To verify the effectiveness of each stage and the designed modules, we conduct ablations on learning from the cost volume ( Lcv), real adaptation without designed strate"
always_clear_depth_ablation_components,content-only,ablation study components distillation learning ordinal guidance distillation feature consistency constraint,proposition-to-chunk,1000,49,False,,0.7874829888343811,data\Repurposing Diffusion-Based Image Generators for Monocular Depth Estimation.pdf,12,Repurposing_Diffusion-Based_Image_Generators_for_Monocular_Depth_Estimation_p12_chunk_15,84,1,1,0.7158936262130737,0.7158936262130737,proposition::Repurposing_Diffusion-Based_Image_Generators_for_Monocular_Depth_Estimation_p12_chunk_15::p3,,,"compared to feed-forward methods. Speed can be enhanced in future research, e.g. distillation for 2- or 4-step denoising schedules, and reducing prediction variance for smaller ensemble sizes. 1 2 5 10 # Ensemble size 2.0 4.0 6.0 8.0(sec/sample) 1 2 4 10 #"
always_clear_depth_ablation_components,content-only,ablation study components distillation learning ordinal guidance distillation feature consistency constraint,proposition-to-chunk,1000,50,False,,0.7871928632259368,data\SSRDepth.pdf,8,SSRDepth_p8_chunk_18,67,1,1,0.7156298756599426,0.7156298756599426,proposition::SSRDepth_p8_chunk_18::p1,,,"e Virtual KITTI 2 dataset to rank ﬁrst. In addition, we further introduce boundary-aware metrics: Boundary F1 (F1), Recall (R) score [43] and AbsRel on dilated boundary mask (B-AbsRel), as well as structural metrics: Structure Similarity Index Measure ("
always_clear_depth_ablation_components,content-only,ablation study components distillation learning ordinal guidance distillation feature consistency constraint,proposition-to-chunk,1500,1,True,1,1.0178080379962922,data\ACD.pdf,7,ACD_p7_chunk_7,90,1,1,0.9252800345420837,0.9252800345420837,proposition::ACD_p7_chunk_7::p0,"distillation_learning,ordinal_guidance_distillation,feature_consistency_constraint",,"zation of ablation study on the distillation learning, feature consistency constraint and ordinal guidance distillation. DL OGD FCC day-clear night day-rain absRel RMSE absRel RMSE absRel RMSE N 0.1333 6.459 0.2419 10.922 0.1572 7.453 ✓ 0.1335 6.408 0.1883"
always_clear_depth_ablation_components,content-only,ablation study components distillation learning ordinal guidance distillation feature consistency constraint,proposition-to-chunk,1500,2,True,2,1.008725780248642,data\ACD.pdf,4,ACD_p4_chunk_5,56,2,2,0.8529390096664429,1.557867705821991,proposition::ACD_p4_chunk_5::p1|proposition::ACD_p4_chunk_5::p4,distillation_learning,,"ove the student model’s generalization across diverse scenarios, we incorporated a feature constraint loss L c. Distillation Learning. Similar to the existing technol- ogy [Gasperini et al., 2023 ], the commonly used multi-scale feature distillation loss b"
always_clear_depth_ablation_components,content-only,ablation study components distillation learning ordinal guidance distillation feature consistency constraint,proposition-to-chunk,1500,3,True,3,1.0008577883243561,data\ACD.pdf,7,ACD_p7_chunk_11,64,2,2,0.8439769148826599,1.5688087344169617,proposition::ACD_p7_chunk_11::p0|proposition::ACD_p7_chunk_11::p4,feature_consistency_constraint,,"distilla- tion, FCC: feature consistency constraint. provements in model performance, reducing the absRel met- ric by 0.54% for day scene and 0.73% for night scene on the RobotCar. In addition, we introduce the feature consistency constraint (FCC) to evalu"
always_clear_depth_ablation_components,content-only,ablation study components distillation learning ordinal guidance distillation feature consistency constraint,proposition-to-chunk,1500,4,True,4,0.9804290473461151,data\ACD.pdf,7,ACD_p7_chunk_10,90,2,2,0.8261498212814331,1.54279226064682,proposition::ACD_p7_chunk_10::p1|proposition::ACD_p7_chunk_10::p4,"distillation_learning,ordinal_guidance_distillation,feature_consistency_constraint",,"3.458 0.704 ✓✓ ✓ 0.1107 3.084 0.591 0.1206 3.432 0.690 Table 3: Ablation study of Design Components. N: nuScenes, R: RobotCar, DL: distillation learning, OGD: ordinal guidance distilla- tion, FCC: feature consistency constraint. provements in model perform"
always_clear_depth_ablation_components,content-only,ablation study components distillation learning ordinal guidance distillation feature consistency constraint,proposition-to-chunk,1500,5,True,5,0.9721463859081269,data\ACD.pdf,3,ACD_p3_chunk_0,47,2,2,0.8167681097984314,1.5537827610969543,proposition::ACD_p3_chunk_0::p1|proposition::ACD_p3_chunk_0::p0,distillation_learning,,2.2 Distillation Learning Early distillation learning methods primarily focus on model compression and acceleration. A classic example of distilla- tion learning is to guide the training of student models by softening the output probability distribution of
always_clear_depth_ablation_components,content-only,ablation study components distillation learning ordinal guidance distillation feature consistency constraint,proposition-to-chunk,1500,6,True,6,0.9402901768684387,data\ACD.pdf,7,ACD_p7_chunk_16,48,2,2,0.7886697053909302,1.5162047147750854,proposition::ACD_p7_chunk_16::p3|proposition::ACD_p7_chunk_16::p2,ordinal_guidance_distillation,,"us on uncertain regions, resulting in more robust depth estimation. Evaluation on Ordinal Guidance Distillation. In this sec- tion, we investigate the impact of different sampling methods on ordinal guidance distillation, with the experimental results pres"
always_clear_depth_ablation_components,content-only,ablation study components distillation learning ordinal guidance distillation feature consistency constraint,proposition-to-chunk,1500,7,True,7,0.9163986802101135,data\ACD.pdf,6,ACD_p6_chunk_21,69,1,1,0.8330897092819214,0.8330897092819214,proposition::ACD_p6_chunk_21::p2,distillation_learning,,"d on daytime scenes [Gasperini et al., 2023 ]. Based on this, we introduce the distillation learning (DL) to pro- mote training with more robust feature representation, reduc- ing the absRel metric by 22.16% for night scene and 10.69% for rainy scene on th"
always_clear_depth_ablation_components,content-only,ablation study components distillation learning ordinal guidance distillation feature consistency constraint,proposition-to-chunk,1500,8,True,8,0.9070874512195587,data\ACD.pdf,7,ACD_p7_chunk_6,92,1,1,0.8246249556541443,0.8246249556541443,proposition::ACD_p7_chunk_6::p3,distillation_learning,,"et. Trailing 0 added to the values from [V ankadari et al., 2023 ] and [Tosi et al., 2025 ]. Notation from Table 1. :'/)&& 2ULJLQ,PDJH :'/ :'/)&&2*' Figure 5: Visualization of ablation study on the distillation learning, feature consistency const"
always_clear_depth_ablation_components,content-only,ablation study components distillation learning ordinal guidance distillation feature consistency constraint,proposition-to-chunk,1500,9,True,9,0.8982228517532349,data\ACD.pdf,1,ACD_p1_chunk_9,52,1,1,0.8165662288665771,0.8165662288665771,proposition::ACD_p1_chunk_9::p1,ordinal_guidance_distillation,,"om various degradation inputs. In particular, we introduce an ordinal guidance distillation mecha- nism (OGD) that encourages the network to focus on uncertain regions through differential ranking, leading to a more precise depth estimation. Experi- mental"
always_clear_depth_ablation_components,content-only,ablation study components distillation learning ordinal guidance distillation feature consistency constraint,proposition-to-chunk,1500,10,True,10,0.8787921071052551,data\ACD.pdf,1,ACD_p1_chunk_24,49,1,1,0.7989019155502319,0.7989019155502319,proposition::ACD_p1_chunk_24::p2,distillation_learning,,", these meth- ods struggle to generalize to complex and diverse environ- ments, frequently encountered in real-world applications. To promote generalization, some efforts harmonize the merits of distillation learning, contrastive learning, and data augment"
always_clear_depth_ablation_components,content-only,ablation study components distillation learning ordinal guidance distillation feature consistency constraint,proposition-to-chunk,1500,11,True,11,0.8748983383178711,data\ACD.pdf,3,ACD_p3_chunk_5,56,2,2,0.7312406301498413,1.4365770816802979,proposition::ACD_p3_chunk_5::p2|proposition::ACD_p3_chunk_5::p3,,,"- produce the ability of the teacher model, relying solely on depth-derived pseudo-labels or speciﬁc priors. To address these challenges, we propose a multi-granularity knowledge distillation strategy that enhances the knowledge transfer pro- cess by borro"
always_clear_depth_ablation_components,content-only,ablation study components distillation learning ordinal guidance distillation feature consistency constraint,proposition-to-chunk,1500,12,True,12,0.855723088979721,data\ACD.pdf,1,ACD_p1_chunk_27,43,1,1,0.7779300808906555,0.7779300808906555,proposition::ACD_p1_chunk_27::p0,distillation_learning,,GAN-based model and uses distillation learning to extract supervised signals from clear Proceedings of the Thirty-Fourth International Joint Conference on Artiﬁcial Intelligence (IJCAI-25) 1251
always_clear_depth_ablation_components,content-only,ablation study components distillation learning ordinal guidance distillation feature consistency constraint,proposition-to-chunk,1500,13,True,13,0.8533186197280884,data\ACD.pdf,1,ACD_p1_chunk_26,76,1,1,0.7757441997528076,0.7757441997528076,proposition::ACD_p1_chunk_26::p7,distillation_learning,,"d scenes [Wang et al., 2024b; Wang et al., 2024a; Saunders et al., 2023 ]. For example, md4all [Gasperini et al., 2023 ] generates the [normal, de- graded] sample pairs with a GAN-based model and uses distillation learning to extract supervised signals fro"
always_clear_depth_ablation_components,content-only,ablation study components distillation learning ordinal guidance distillation feature consistency constraint,proposition-to-chunk,1500,14,True,14,0.8531286776065826,data\SSRDepth.pdf,11,SSRDepth_p11_chunk_21,70,1,1,0.7755715250968933,0.7755715250968933,proposition::SSRDepth_p11_chunk_21::p3,,,"s essential to jointly con- strain semantic segmentation and depth coeﬃcients to enhance predic- tion accuracy. In addition, we conducted ablation experiments on the scaling factor 𝛾 of the scale alignment constraint, setting 𝛾 to 1, 0.75, 0.5 and 0.25"
always_clear_depth_ablation_components,content-only,ablation study components distillation learning ordinal guidance distillation feature consistency constraint,proposition-to-chunk,1500,15,True,15,0.8502526640892029,data\ACD.pdf,2,ACD_p2_chunk_17,54,1,1,0.7729569673538208,0.7729569673538208,proposition::ACD_p2_chunk_17::p0,ordinal_guidance_distillation,,"inal guidance distillation mechanism (OGD). In summary, the contributions are as follows: • We propose a practical multi-tuple degradation dataset generation scheme, and develop a novel robust monocu- lar depth estimation framework, termed as ACDepth for h"
always_clear_depth_ablation_components,content-only,ablation study components distillation learning ordinal guidance distillation feature consistency constraint,proposition-to-chunk,1500,16,True,16,0.8415525674819946,data\ACD.pdf,4,ACD_p4_chunk_8,106,1,1,0.7650477886199951,0.7650477886199951,proposition::ACD_p4_chunk_8::p0,ordinal_guidance_distillation,,"S S∑ s=1 1 Ns Ns∑ j=1 ⏐⏐ ⏐F T (ei)js −FS (mi)js ⏐ ⏐ ⏐ FS (mi)js , (7) where S denotes the number of different scales and mi rep- resents a sample randomly selected from the mixed training set. Ordinal Guidance Distillation. 1) Uncertain Region Def- inition"
always_clear_depth_ablation_components,content-only,ablation study components distillation learning ordinal guidance distillation feature consistency constraint,proposition-to-chunk,1500,17,True,17,0.8404070138931274,data\ACD.pdf,3,ACD_p3_chunk_1,55,1,1,0.7640063762664795,0.7640063762664795,proposition::ACD_p3_chunk_1::p2,distillation_learning,,"e training of student models by softening the output probability distribution of the teacher model [Hinton, 2015 ]. Subsequently, several studies have successfully applied distillation learning to monocular depth estimation. For example, Song et al. [Song"
always_clear_depth_ablation_components,content-only,ablation study components distillation learning ordinal guidance distillation feature consistency constraint,proposition-to-chunk,1500,18,True,18,0.8403327941894532,data\ACD.pdf,4,ACD_p4_chunk_3,47,1,1,0.7639389038085938,0.7639389038085938,proposition::ACD_p4_chunk_3::p1,distillation_learning,,"samples using self- supervised learning, and the student model is trained on a mixed dataset of simple and complex samples using distillation learning. To provide the student model with supervisory signals beyond those from the teacher model, we designed"
always_clear_depth_ablation_components,content-only,ablation study components distillation learning ordinal guidance distillation feature consistency constraint,proposition-to-chunk,1500,19,True,19,0.8394306838512421,data\Lite-Mono.pdf,7,Lite-Mono_p7_chunk_21,57,1,1,0.7631188035011292,0.7631188035011292,proposition::Lite-Mono_p7_chunk_21::p3,,,"son Xavier, which allows them to be used on edge devices. 4.6. Ablation study on model architectures To further demonstrate the effectiveness of the proposed model the ablation study is conducted to evaluate the impor- tance of different designs in the arc"
always_clear_depth_ablation_components,content-only,ablation study components distillation learning ordinal guidance distillation feature consistency constraint,proposition-to-chunk,1500,20,True,20,0.8365526378154755,data\SSRDepth.pdf,12,SSRDepth_p12_chunk_6,91,1,1,0.7605023980140686,0.7605023980140686,proposition::SSRDepth_p12_chunk_6::p0,,,"Ablation study on semantic segmentation and scale alignment constraints. SC and DC stand for the semantic segmentation (𝐶𝐸 ) and scale alignment (𝑆𝑃 𝑆𝐴 ) constraints, respectively. Segmentation scale SC DC 𝛿1 ↑ AbsRel↓ RMSE↓ SqRel↓ × × × 0.790"
always_clear_depth_ablation_components,content-only,ablation study components distillation learning ordinal guidance distillation feature consistency constraint,proposition-to-chunk,1500,21,True,21,0.8247581958770752,data\Jasmine.pdf,21,Jasmine_p21_chunk_14,59,1,1,0.7497801780700684,0.7497801780700684,proposition::Jasmine_p21_chunk_14::p3,,,"y considering our more challenging problem setting, further demonstrates the substantial strength and generalizability of our approach. E.3 Qualitative Comparisons Table 6:Ablation Studieson the mix-batch ratio. Ph refers to supervision using Eq. 5, while"
always_clear_depth_ablation_components,content-only,ablation study components distillation learning ordinal guidance distillation feature consistency constraint,proposition-to-chunk,1500,22,True,22,0.823387622833252,data\ACD.pdf,3,ACD_p3_chunk_32,53,1,1,0.7485342025756836,0.7485342025756836,proposition::ACD_p3_chunk_32::p1,,,"r and alignment of capabilities between the teacher model and student model, we propose the multi- granularity knowledge distillation strategy (MKD) to achieve the robust model training of the student model, detailed as follows. Proceedings of the Thirty-F"
always_clear_depth_ablation_components,content-only,ablation study components distillation learning ordinal guidance distillation feature consistency constraint,proposition-to-chunk,1500,23,True,23,0.8163879573345184,data\ACD.pdf,4,ACD_p4_chunk_6,62,1,1,0.7421708703041077,0.7421708703041077,proposition::ACD_p4_chunk_6::p1,,,"perini et al., 2023 ], the commonly used multi-scale feature distillation loss between the teacher model (F T(·)) and student model (F S(·)) is employed to facilitate the per- ception of the student model to the adverse weather. For the given normal inpute"
always_clear_depth_ablation_components,content-only,ablation study components distillation learning ordinal guidance distillation feature consistency constraint,proposition-to-chunk,1500,24,False,,0.8160176455974579,data\SSRDepth.pdf,11,SSRDepth_p11_chunk_16,51,1,1,0.7418342232704163,0.7418342232704163,proposition::SSRDepth_p11_chunk_16::p2,,,"fy the eﬀectiveness of semantic segmentation and scale alignment constraints on the predicted segmentation scale, we conduct ablation experiments. Notably, we do not set up a version with only scale alignment constraints, as this constraint requires the"
always_clear_depth_ablation_components,content-only,ablation study components distillation learning ordinal guidance distillation feature consistency constraint,proposition-to-chunk,1500,25,False,,0.8144471645355225,data\MonoDiffusion.pdf,2,MonoDiffusion_p2_chunk_9,56,1,1,0.7404065132141113,0.7404065132141113,proposition::MonoDiffusion_p2_chunk_9::p3,,,"computation in conventional CRFs. Shao et al. [11] introduced the cross-distillation paradigm to integrate strengths from CNN and Transformer. Liu et al. [35] enforced the first- order variational constraint to regularize depth map. However, these methods"
always_clear_depth_ablation_components,content-only,ablation study components distillation learning ordinal guidance distillation feature consistency constraint,proposition-to-chunk,1500,26,False,,0.8108572125434875,data\dav2.pdf,15,dav2_p15_chunk_10,91,1,1,0.7371429204940796,0.7371429204940796,proposition::dav2_p15_chunk_10::p1,,,"g Dai, Eduard Hovy, Thang Luong, and Quoc Le. Unsupervised data augmentation for consistency training. In NeurIPS, 2020. 10 [87] Dejia Xu, Yifan Jiang, Peihao Wang, Zhiwen Fan, Yi Wang, and Zhangyang Wang. Neurallift- 360: Lifting an in-the-wild 2d photo t"
always_clear_depth_ablation_components,content-only,ablation study components distillation learning ordinal guidance distillation feature consistency constraint,proposition-to-chunk,1500,27,False,,0.8088819980621338,data\Robust Monocular Depth Estimation under Challenging Conditions.pdf,5,Robust_Monocular_Depth_Estimation_under_Challenging_Conditions_p5_chunk_10,59,1,1,0.7353472709655762,0.7353472709655762,proposition::Robust_Monocular_Depth_Estimation_under_Challenging_Conditions_p5_chunk_10::p1,,,"ideal settings E, regardless of the difficulty of the input. As shown in Figure 3, we achieve this via knowledge distilla- tion from a depth network B (baseline) trained at an earlier stage on E to a new depth model DD for both easy and ad- verse scenarios"
always_clear_depth_ablation_components,content-only,ablation study components distillation learning ordinal guidance distillation feature consistency constraint,proposition-to-chunk,1500,28,False,,0.8075111627578735,data\s.pdf,2,s_p2_chunk_14,50,1,1,0.7341010570526123,0.7341010570526123,proposition::s_p2_chunk_14::p5,,,"ignals from earlier trained models, and we design a consistency-reweighting strategy by incorporating different models to find a consistency map that can empha- size the valid parts of pseudo-labels and provide effective signals for learning in real-world"
always_clear_depth_ablation_components,content-only,ablation study components distillation learning ordinal guidance distillation feature consistency constraint,proposition-to-chunk,1500,29,False,,0.8070794820785523,data\ACD.pdf,7,ACD_p7_chunk_17,52,1,1,0.7337086200714111,0.7337086200714111,proposition::ACD_p7_chunk_17::p0,ordinal_guidance_distillation,,"ing methods on ordinal guidance distillation, with the experimental results presented in Table 4. Our OGD strategy employs two sam- pling methods: global and local sampling. We observed that model performance became more reliable as both sampling methods w"
always_clear_depth_ablation_components,content-only,ablation study components distillation learning ordinal guidance distillation feature consistency constraint,proposition-to-chunk,1500,30,False,,0.8037266135215759,data\ACD.pdf,6,ACD_p6_chunk_19,56,1,1,0.7306605577468872,0.7306605577468872,proposition::ACD_p6_chunk_19::p1,,,"d compre- hensive prior constraints, which contribute more to the robust model training and optimization. 4.4 Ablation Study In this section, we conduct detailed ablation experiments on nuScenes and RobotCar datasets to demonstrate the individ- ual effecti"
always_clear_depth_ablation_components,content-only,ablation study components distillation learning ordinal guidance distillation feature consistency constraint,proposition-to-chunk,1500,31,False,,0.8036569833755494,data\ACD.pdf,5,ACD_p5_chunk_6,49,1,1,0.7305972576141357,0.7305972576141357,proposition::ACD_p5_chunk_6::p1,,,"tency Constraint. Since a robust model can provide the precise perception on both the normal and degraded scenarios, we propose the feature consistency con- straint to mitigate the impact of image degradation, thus gen- eralizing to various adverse weather"
always_clear_depth_ablation_components,content-only,ablation study components distillation learning ordinal guidance distillation feature consistency constraint,proposition-to-chunk,1500,32,False,,0.7998374879360199,data\Single Image Depth Prediction with Wavelet Decomposition.pdf,2,Single_Image_Depth_Prediction_with_Wavelet_Decomposition_p2_chunk_17,57,1,1,0.7271249890327454,0.7271249890327454,proposition::Single_Image_Depth_Prediction_with_Wavelet_Decomposition_p2_chunk_17::p2,,,"ternative angle on efﬁ- cient depth estimation is to focus on the training procedure. Several works use knowledge distillation to enable a small depth estimation network to learn some of the knowledge from a larger network e.g. [59, 44]. In contrast to the"
always_clear_depth_ablation_components,content-only,ablation study components distillation learning ordinal guidance distillation feature consistency constraint,proposition-to-chunk,1500,33,False,,0.7993018865585327,data\Global-Local.pdf,1,Global-Local_p1_chunk_24,54,1,1,0.7266380786895752,0.7266380786895752,proposition::Global-Local_p1_chunk_24::p3,,,"mputational burden. Compared to other decoders, our decoder achieves superior performance with much lower complexity. Furthermore, we train the network with an additional task speciﬁc data augmentation technique to boost the model ca- pability. Data augmen"
always_clear_depth_ablation_components,content-only,ablation study components distillation learning ordinal guidance distillation feature consistency constraint,proposition-to-chunk,1500,34,False,,0.7992965757846833,data\ACD.pdf,4,ACD_p4_chunk_9,55,1,1,0.7266332507133484,0.7266332507133484,proposition::ACD_p4_chunk_9::p1,ordinal_guidance_distillation,,ed training set. Ordinal Guidance Distillation. 1) Uncertain Region Def- inition: We use the output from Depth Anything V2 model as the supervisory signal because it ensures accurate depth prediction while maintaining acceptable inference speed. D T and DS
always_clear_depth_ablation_components,content-only,ablation study components distillation learning ordinal guidance distillation feature consistency constraint,proposition-to-chunk,1500,35,False,,0.7978702068328858,data\s.pdf,8,s_p8_chunk_26,49,1,1,0.7253365516662598,0.7253365516662598,proposition::s_p8_chunk_26::p0,,,ons. We introduce a consistency reweighting strategy and a structure prior con- straint to boost learning from synthetic to real domains. Ex- periments across diverse settings and datasets show that our model provides more accurate and robust depth than pr
always_clear_depth_ablation_components,content-only,ablation study components distillation learning ordinal guidance distillation feature consistency constraint,proposition-to-chunk,1500,36,False,,0.7959085643291474,data\ACD.pdf,2,ACD_p2_chunk_16,51,1,1,0.7235532402992249,0.7235532402992249,proposition::ACD_p2_chunk_16::p1,"distillation_learning,ordinal_guidance_distillation",,"e teacher model to provide comprehen- sive supervision and guidance to the student model. Besides the commonly used feature and result distillation learning, we pioneer the ordinal guidance distillation mechanism (OGD). In summary, the contributions are as"
always_clear_depth_ablation_components,content-only,ablation study components distillation learning ordinal guidance distillation feature consistency constraint,proposition-to-chunk,1500,37,False,,0.794720458984375,data\Global-Local.pdf,1,Global-Local_p1_chunk_25,50,1,1,0.72247314453125,0.72247314453125,proposition::Global-Local_p1_chunk_25::p2,,,"speciﬁc data augmentation technique to boost the model ca- pability. Data augmentation plays an important role in opti- mizing the network and can accelerate the model performance without additional computational costs. Nevertheless, data augmentation for"
always_clear_depth_ablation_components,content-only,ablation study components distillation learning ordinal guidance distillation feature consistency constraint,proposition-to-chunk,1500,38,False,,0.7946118831634521,data\ACD.pdf,5,ACD_p5_chunk_24,57,1,1,0.722374439239502,0.722374439239502,proposition::ACD_p5_chunk_24::p0,ordinal_guidance_distillation,,"for ordinal guidance distillation. Fur- ther details on the model training procedure and dataset trans- lation process are provided in the appendix. 4.3 Comparison with SoTAs In this section, we evaluate our model on the nuScenes and RobotCar datasets. Qua"
always_clear_depth_ablation_components,content-only,ablation study components distillation learning ordinal guidance distillation feature consistency constraint,proposition-to-chunk,1500,39,False,,0.7943654894828797,data\Robust Monocular Depth Estimation under Challenging Conditions.pdf,4,Robust_Monocular_Depth_Estimation_under_Challenging_Conditions_p4_chunk_18,54,1,1,0.722150444984436,0.722150444984436,proposition::Robust_Monocular_Depth_Estimation_under_Challenging_Conditions_p4_chunk_18::p1,,,"to learn robust features agnostic of the input condition. The Appendix shows how perform- ing this step only during training delivers similar results. Then, in the case of particularly noisy night samples (e.g., nuScenes [3]), we augment the inputs with he"
always_clear_depth_ablation_components,content-only,ablation study components distillation learning ordinal guidance distillation feature consistency constraint,proposition-to-chunk,1500,40,False,,0.792861819267273,data\ACD.pdf,1,ACD_p1_chunk_25,65,1,1,0.7207834720611572,0.7207834720611572,proposition::ACD_p1_chunk_25::p0,distillation_learning,,"nize the merits of distillation learning, contrastive learning, and data augmenta- tion strategies to create more generalized models that improve model performance across varied scenes [Wang et al., 2024b; Wang et al., 2024a; Saunders et al., 2023 ]. For e"
always_clear_depth_ablation_components,content-only,ablation study components distillation learning ordinal guidance distillation feature consistency constraint,proposition-to-chunk,1500,41,False,,0.7915812015533448,data\Robust Monocular Depth Estimation under Challenging Conditions.pdf,2,Robust_Monocular_Depth_Estimation_under_Challenging_Conditions_p2_chunk_19,55,1,1,0.7196192741394043,0.7196192741394043,proposition::Robust_Monocular_Depth_Estimation_under_Challenging_Conditions_p2_chunk_19::p1,,,d ones learn artifacts from the ground truth sensor (LiDAR is shown). • We apply our generic method to both fully- and self- supervised monocular settings. • We generate and share open-source images in adverse conditions corresponding to the sunny and clou
always_clear_depth_ablation_components,content-only,ablation study components distillation learning ordinal guidance distillation feature consistency constraint,proposition-to-chunk,1500,42,False,,0.7914124369621277,data\s.pdf,2,s_p2_chunk_2,57,1,1,0.7194658517837524,0.7194658517837524,proposition::s_p2_chunk_2::p3,,,"pply photometric loss directly to adverse conditions, alongside a generative adversarial network (GAN) to dis- criminate the style of predicted depth. While these ap- proaches have advanced the community, they still face chal- lenges in learning robustness"
always_clear_depth_ablation_components,content-only,ablation study components distillation learning ordinal guidance distillation feature consistency constraint,proposition-to-chunk,1500,43,False,,0.7907683253288269,data\DepthDark.pdf,2,DepthDark_p2_chunk_7,51,1,1,0.718880295753479,0.718880295753479,proposition::DepthDark_p2_chunk_7::p2,,,"in low-light scenes. As a result, these innova- tions effectively overcome the difficulties associated with collecting large-scale, high-quality paired nighttime depth data. We also propose an efficient parameter-efficient fine-tuning (PEFT) strategy to ad"
always_clear_depth_ablation_components,content-only,ablation study components distillation learning ordinal guidance distillation feature consistency constraint,proposition-to-chunk,1500,44,False,,0.7893577575683594,data\Depth_Anything.pdf,7,Depth_Anything_p7_chunk_24,36,1,1,0.7175979614257812,0.7175979614257812,proposition::Depth_Anything_p7_chunk_24::p0,,,"S trained encoder in downstream tasks. Our Depth Anything model has exhibited stronger zero-shot capability than MiDaS [5, 45]. Here, we further 10377"
always_clear_depth_ablation_components,content-only,ablation study components distillation learning ordinal guidance distillation feature consistency constraint,proposition-to-chunk,1500,45,False,,0.7892170548439026,data\ACD.pdf,2,ACD_p2_chunk_12,56,1,1,0.7174700498580933,0.7174700498580933,proposition::ACD_p2_chunk_12::p1,,,"able depth esti- mation models. To address these issues, we propose to optimize the data generation and domain adaptation learning, and construct the degradation-agnostic robust monocular depth estimation method (ACDepth). Speciﬁcally, we fully explore the"
always_clear_depth_ablation_components,content-only,ablation study components distillation learning ordinal guidance distillation feature consistency constraint,proposition-to-chunk,1500,46,False,,0.7889170944690704,data\Robust Monocular Depth Estimation under Challenging Conditions.pdf,4,Robust_Monocular_Depth_Estimation_under_Challenging_Conditions_p4_chunk_17,63,1,1,0.7171973586082458,0.7171973586082458,proposition::Robust_Monocular_Depth_Estimation_under_Challenging_Conditions_p4_chunk_17::p2,,,"% of the inputs, as a ran- dom mix of c) or ei from the pre-existing training data. Ad- ditionally, we normalize the inputs depending on the record- ing time (i.e., day/night) to learn robust features agnostic of the input condition. The Appendix shows how"
always_clear_depth_ablation_components,content-only,ablation study components distillation learning ordinal guidance distillation feature consistency constraint,proposition-to-chunk,1500,47,False,,0.7880572080612183,data\Monocular Depth Estimation.pdf,5,Monocular_Depth_Estimation_p5_chunk_29,67,1,1,0.7164156436920166,0.7164156436920166,proposition::Monocular_Depth_Estimation_p5_chunk_29::p2,,,"the data split of Eigen et al . [8]. Except in ablation experiments, for training which uses monocular sequences (i.e. monocular and monocular plus stereo) we follow Zhou et al .’s [76] pre-processing to remove static frames. This results in 39,810 monocu"
always_clear_depth_ablation_components,content-only,ablation study components distillation learning ordinal guidance distillation feature consistency constraint,proposition-to-chunk,1500,48,False,,0.7880520939826965,data\s.pdf,8,s_p8_chunk_16,53,1,1,0.7164109945297241,0.7164109945297241,proposition::s_p8_chunk_16::p3,,,"eliable regions. More visualization results can be seen in supplementary. 5. Ablations To verify the effectiveness of each stage and the designed modules, we conduct ablations on learning from the cost volume ( Lcv), real adaptation without designed strate"
always_clear_depth_ablation_components,content-only,ablation study components distillation learning ordinal guidance distillation feature consistency constraint,proposition-to-chunk,1500,49,False,,0.7874829888343811,data\Repurposing Diffusion-Based Image Generators for Monocular Depth Estimation.pdf,12,Repurposing_Diffusion-Based_Image_Generators_for_Monocular_Depth_Estimation_p12_chunk_15,84,1,1,0.7158936262130737,0.7158936262130737,proposition::Repurposing_Diffusion-Based_Image_Generators_for_Monocular_Depth_Estimation_p12_chunk_15::p3,,,"compared to feed-forward methods. Speed can be enhanced in future research, e.g. distillation for 2- or 4-step denoising schedules, and reducing prediction variance for smaller ensemble sizes. 1 2 5 10 # Ensemble size 2.0 4.0 6.0 8.0(sec/sample) 1 2 4 10 #"
always_clear_depth_ablation_components,content-only,ablation study components distillation learning ordinal guidance distillation feature consistency constraint,proposition-to-chunk,1500,50,False,,0.7871928632259368,data\SSRDepth.pdf,8,SSRDepth_p8_chunk_18,67,1,1,0.7156298756599426,0.7156298756599426,proposition::SSRDepth_p8_chunk_18::p1,,,"e Virtual KITTI 2 dataset to rank ﬁrst. In addition, we further introduce boundary-aware metrics: Boundary F1 (F1), Recall (R) score [43] and AbsRel on dilated boundary mask (B-AbsRel), as well as structural metrics: Structure Similarity Index Measure ("
always_clear_depth_sota_comparison_methods,content-only,comparison with state of the art baselines Monodepth2 PackNet SfM RNW md4all DMMDE DefeatNet ADIDS WSGD,sentence-to-chunk,500,1,True,1,1.008118861913681,data\Monocular Depth Estimation.pdf,13,Monocular_Depth_Estimation_p13_chunk_6,146,3,3,0.7771247029304504,2.309941589832306,sentence::Monocular_Depth_Estimation_p13_chunk_6::s2|sentence::Monocular_Depth_Estimation_p13_chunk_6::s6|sentence::Monocular_Depth_Estimation_p13_chunk_6::s4,,,Net18 w/o pt ✓ ✓ ✓ R18 0.132 1.044 5.142 0.210 0.845 0.948 0.977 Monodepth2ResNet18 ✓ ✓ ✓ R18 ✓ 0.115 0.903 4.863 0.193 0.877 0.959 0.981 Monodepth2ResNet 50 w/o pt ✓ ✓ ✓ R50 0.131 1.023 5.064 0.206 0.849 0.951 0.979 Monodepth2ResNet 50 ✓ ✓ ✓ R50 ✓ 0.110 0
always_clear_depth_sota_comparison_methods,content-only,comparison with state of the art baselines Monodepth2 PackNet SfM RNW md4all DMMDE DefeatNet ADIDS WSGD,sentence-to-chunk,500,2,True,2,0.9907347321510315,data\Monocular Depth Estimation.pdf,7,Monocular_Depth_Estimation_p7_chunk_1,129,3,3,0.7697665691375732,2.2096816301345825,sentence::Monocular_Depth_Estimation_p7_chunk_1::s6|sentence::Monocular_Depth_Estimation_p7_chunk_1::s0|sentence::Monocular_Depth_Estimation_p7_chunk_1::s4,monodepth2,,0.946 0.973 Baseline + min reproj. ✓ ✓ 0.122 1.081 5.116 0.199 0.866 0.957 0.980 Baseline + automasking ✓ 0.124 0.936 5.010 0.206 0.858 0.952 0.977 Baseline + full-res m.s. ✓ ✓ 0.124 1.170 5.249 0.203 0.865 0.953 0.978 Monodepth2 w/o min reprojection ✓ ✓ ✓
always_clear_depth_sota_comparison_methods,content-only,comparison with state of the art baselines Monodepth2 PackNet SfM RNW md4all DMMDE DefeatNet ADIDS WSGD,sentence-to-chunk,500,3,True,3,0.9684264659881592,data\Monocular Depth Estimation.pdf,13,Monocular_Depth_Estimation_p13_chunk_1,136,3,3,0.7479082345962524,2.2051823139190674,sentence::Monocular_Depth_Estimation_p13_chunk_1::s0|sentence::Monocular_Depth_Estimation_p13_chunk_1::s4|sentence::Monocular_Depth_Estimation_p13_chunk_1::s2,monodepth2,,0.973 Monodepth2 w/o min reprojection ✓ ✓ R18 ✓ 0.117 0.878 4.846 0.196 0.870 0.957 0.980 Monodepth2 w/o auto-masking ✓ ✓ R18 ✓ 0.120 1.097 5.074 0.197 0.872 0.956 0.979 Monodepth2 w/o full-res m.s. ✓ ✓ R18 ✓ 0.117 0.866 4.864 0.196 0.871 0.957 0.981 Mono
always_clear_depth_sota_comparison_methods,content-only,comparison with state of the art baselines Monodepth2 PackNet SfM RNW md4all DMMDE DefeatNet ADIDS WSGD,sentence-to-chunk,500,4,True,4,0.9248403906822205,data\Monocular Depth Estimation.pdf,15,Monocular_Depth_Estimation_p15_chunk_6,88,2,2,0.7720921039581299,1.5274828672409058,sentence::Monocular_Depth_Estimation_p15_chunk_6::s0|sentence::Monocular_Depth_Estimation_p15_chunk_6::s1,monodepth2,,Monodepth2 MS 15.07 4.16 11.64 15.27 Monodepth2(ResNet 50)MS 14.41 3.67 11.22 14.73 Table 9. KITTI depth prediction benchmark. Comparison of our monocular plus stereo approaches to fully supervised methods on the KITTI depth prediction benchmark [27]. D in
always_clear_depth_sota_comparison_methods,content-only,comparison with state of the art baselines Monodepth2 PackNet SfM RNW md4all DMMDE DefeatNet ADIDS WSGD,sentence-to-chunk,500,5,False,,0.9046493589878082,data\Lite-Mono.pdf,6,Lite-Mono_p6_chunk_1,161,2,2,0.7545779943466187,1.5007136464118958,sentence::Lite-Mono_p6_chunk_1::s4|sentence::Lite-Mono_p6_chunk_1::s2,monodepth2,,6 0.935 0.975 31.6M DDVO [36] 2018 M 0.151 1.257 5.583 0.228 0.810 0.936 0.974 28.1M Monodepth2-Res18 [15] 2019 M0.115 0.903 4.863 0.193 0.877 0.959 0.981 14.3M Monodepth2-Res50 [15] 2019 M0.110 0.831 4.642 0.187 0.883 0.962 0.982 32.5M SGDepth [21] 2020 M
always_clear_depth_sota_comparison_methods,content-only,comparison with state of the art baselines Monodepth2 PackNet SfM RNW md4all DMMDE DefeatNet ADIDS WSGD,sentence-to-chunk,500,6,False,,0.9045184791088104,data\Monocular Depth Estimation.pdf,13,Monocular_Depth_Estimation_p13_chunk_2,143,2,2,0.7545077800750732,1.5001069903373718,sentence::Monocular_Depth_Estimation_p13_chunk_2::s6|sentence::Monocular_Depth_Estimation_p13_chunk_2::s2,monodepth2,,epth2 w/o full-res m.s. ✓ ✓ R18 ✓ 0.117 0.866 4.864 0.196 0.871 0.957 0.981 Monodepth2 w/o SSIM ✓ ✓ ✓ R18 ✓ 0.118 0.853 4.824 0.198 0.868 0.956 0.980 Monodepth2 with [76]’s mask ✓ ✓ R18 ✓ 0.123 1.177 5.210 0.200 0.869 0.955 0.978 Monodepth2(full) ✓ ✓ ✓ R18
always_clear_depth_sota_comparison_methods,content-only,comparison with state of the art baselines Monodepth2 PackNet SfM RNW md4all DMMDE DefeatNet ADIDS WSGD,sentence-to-chunk,500,7,False,,0.8869008123874664,data\MonoDiffusion.pdf,5,MonoDiffusion_p5_chunk_7,167,2,2,0.7403866052627563,1.4651420712471008,sentence::MonoDiffusion_p5_chunk_7::s0|sentence::MonoDiffusion_p5_chunk_7::s2,monodepth2,,0.984 3.1M Monodepth2-Res18 [15] 2019 M† 0.132 1.044 5.142 0.210 0.845 0.948 0.977 14.3M Monodepth2-Res50 [15] 2019 M† 0.131 1.023 5.064 0.206 0.849 0.951 0.979 32.5M R-MSFM3 [53] 2021 M† 0.128 0.965 5.019 0.207 0.853 0.951 0.977 3.5M R-MSFM6 [53] 2021 M†
always_clear_depth_sota_comparison_methods,content-only,comparison with state of the art baselines Monodepth2 PackNet SfM RNW md4all DMMDE DefeatNet ADIDS WSGD,sentence-to-chunk,500,8,False,,0.8851323425769806,data\Monocular Depth Estimation.pdf,13,Monocular_Depth_Estimation_p13_chunk_4,138,2,2,0.7382786273956299,1.468537151813507,sentence::Monocular_Depth_Estimation_p13_chunk_4::s2|sentence::Monocular_Depth_Estimation_p13_chunk_4::s4,monodepth2,,27 0.938 0.971 Monodepth2 w/o pt or auto-masking ✓ ✓ R18 0.138 1.197 5.369 0.215 0.842 0.945 0.975 Monodepth2 w/o pt or min reproj ✓ ✓ R18 0.133 1.021 5.219 0.214 0.841 0.945 0.976 Monodepth2 w/o pt or full-res m.s. ✓ ✓ R18 0.131 1.030 5.206 0.210 0.846 0.
always_clear_depth_sota_comparison_methods,content-only,comparison with state of the art baselines Monodepth2 PackNet SfM RNW md4all DMMDE DefeatNet ADIDS WSGD,sentence-to-chunk,500,9,False,,0.8828627526760101,data\dav2.pdf,22,dav2_p22_chunk_6,61,2,2,0.7371256947517395,1.4573705792427063,sentence::dav2_p22_chunk_6::s3|sentence::dav2_p22_chunk_6::s2,,,alitative results on test benchmarks Please refer to Figure 18. Our model is consistently better than V1 [89] on standard benchmarks. C DA-2K Evaluation Benchmark C.1 Per-scenario accuracy We report the per-scenario accuracy on our DA-2K evaluation benchma
always_clear_depth_sota_comparison_methods,content-only,comparison with state of the art baselines Monodepth2 PackNet SfM RNW md4all DMMDE DefeatNet ADIDS WSGD,sentence-to-chunk,500,10,False,,0.8827396988868713,data\Single Image Depth Prediction with Wavelet Decomposition.pdf,8,Single_Image_Depth_Prediction_with_Wavelet_Decomposition_p8_chunk_0,132,2,2,0.7367715835571289,1.4596811532974243,sentence::Single_Image_Depth_Prediction_with_Wavelet_Decomposition_p8_chunk_0::s5|sentence::Single_Image_Depth_Prediction_with_Wavelet_Decomposition_p8_chunk_0::s1,monodepth2,,Cit. Method PP Data H ×W Abs Rel Sq Rel RMSE RMSE log δ<1.25 δ<1.252 δ<1.253 [18] Monodepth2 Resnet18  S 192×640 0.108 0.842 4.891 0.207 0.866 0.949 0.976 WaveletMonodepthResnet18  S 192×640 0.110 0.876 4.916 0.206 0.864 0.950 0.976 Monodepth2 Resnet50 
always_clear_depth_sota_comparison_methods,content-only,comparison with state of the art baselines Monodepth2 PackNet SfM RNW md4all DMMDE DefeatNet ADIDS WSGD,sentence-to-chunk,500,11,False,,0.8805522441864013,data\Monocular Depth Estimation.pdf,13,Monocular_Depth_Estimation_p13_chunk_7,113,2,2,0.7342938184738159,1.4625842571258545,sentence::Monocular_Depth_Estimation_p13_chunk_7::s1|sentence::Monocular_Depth_Estimation_p13_chunk_7::s3,monodepth2,,.131 1.023 5.064 0.206 0.849 0.951 0.979 Monodepth2ResNet 50 ✓ ✓ ✓ R50 ✓ 0.110 0.831 4.642 0.187 0.883 0.962 0.982 Table 6. Ablation. Results for different variants of our model (Monodepth2) with monocular training (except where speciﬁed) on KITTI 2015 [13
always_clear_depth_sota_comparison_methods,content-only,comparison with state of the art baselines Monodepth2 PackNet SfM RNW md4all DMMDE DefeatNet ADIDS WSGD,sentence-to-chunk,500,12,False,,0.8803157091140748,data\Jasmine.pdf,8,Jasmine_p8_chunk_20,61,1,1,0.8002870082855225,0.8002870082855225,sentence::Jasmine_p8_chunk_20::s0,monodepth2,,"number of comparison datasets and the unavailability of some models’ open-source code, we only compare with Monodepth2 (the most classic model), MonoViT (renowned for its robustness), MonoViFi (the latest model), and Weath- erDepth (trained with additional"
always_clear_depth_sota_comparison_methods,content-only,comparison with state of the art baselines Monodepth2 PackNet SfM RNW md4all DMMDE DefeatNet ADIDS WSGD,sentence-to-chunk,500,13,False,,0.8771021962165833,data\Monocular Depth Estimation.pdf,13,Monocular_Depth_Estimation_p13_chunk_5,142,2,2,0.7311620712280273,1.459401249885559,sentence::Monocular_Depth_Estimation_p13_chunk_5::s4|sentence::Monocular_Depth_Estimation_p13_chunk_5::s0,monodepth2,,.976 Monodepth2 w/o pt or full-res m.s. ✓ ✓ R18 0.131 1.030 5.206 0.210 0.846 0.948 0.978 Monodepth2w/o pt ✓ ✓ ✓ R18 0.132 1.044 5.142 0.210 0.845 0.948 0.977 (c) Monodepth2ResNet18 w/o pt ✓ ✓ ✓ R18 0.132 1.044 5.142 0.210 0.845 0.948 0.977 Monodepth2ResNe
always_clear_depth_sota_comparison_methods,content-only,comparison with state of the art baselines Monodepth2 PackNet SfM RNW md4all DMMDE DefeatNet ADIDS WSGD,sentence-to-chunk,500,14,False,,0.8754396796226501,data\Monocular Depth Estimation.pdf,13,Monocular_Depth_Estimation_p13_chunk_8,70,2,2,0.7298648357391357,1.455748438835144,sentence::Monocular_Depth_Estimation_p13_chunk_8::s0|sentence::Monocular_Depth_Estimation_p13_chunk_8::s3,monodepth2,,l (Monodepth2) with monocular training (except where speciﬁed) on KITTI 2015 [13]. Figure 9. Qualitative ablation study. We can see that our model with all components added result in the smallest amount of depth artifacts. ‘Baseline (M)’ is our model witho
always_clear_depth_sota_comparison_methods,content-only,comparison with state of the art baselines Monodepth2 PackNet SfM RNW md4all DMMDE DefeatNet ADIDS WSGD,sentence-to-chunk,500,15,False,,0.8734627664089203,data\Monocular Depth Estimation.pdf,16,Monocular_Depth_Estimation_p16_chunk_5,143,2,2,0.728127658367157,1.453351080417633,sentence::Monocular_Depth_Estimation_p16_chunk_5::s3|sentence::Monocular_Depth_Estimation_p16_chunk_5::s5,monodepth2,,w/o pretraining MS 0.127 1.031 5.266 0.221 0.836 0.943 0.974 Monodepth2 w/o pretraining + pp MS 0.125 1.000 5.205 0.218 0.837 0.944 0.974 Monodepth2 MS 0.106 0.818 4.750 0.196 0.874 0.957 0.979 Monodepth2 + pp MS 0.104 0.786 4.687 0.194 0.876 0.958 0.980
always_clear_depth_sota_comparison_methods,content-only,comparison with state of the art baselines Monodepth2 PackNet SfM RNW md4all DMMDE DefeatNet ADIDS WSGD,sentence-to-chunk,500,16,False,,0.8734360933303833,data\Monocular Depth Estimation.pdf,15,Monocular_Depth_Estimation_p15_chunk_5,160,1,1,0.7940328121185303,0.7940328121185303,sentence::Monocular_Depth_Estimation_p15_chunk_5::s5,monodepth2,,9] D 14.74 3.88 11.74 15.63 CSWS [32] D 14.85 3.48 11.84 16.38 DHGRL [74] D 15.47 4.04 12.52 15.72 Monodepth [15] S 22.02 20.58 17.79 21.84 Monodepth2 M 15.57 4.52 12.98 16.70 Monodepth2 MS 15.07 4.16 11.64 15.27 Monodepth2(ResNet 50)MS 14.41 3.67 11.22 14
always_clear_depth_sota_comparison_methods,content-only,comparison with state of the art baselines Monodepth2 PackNet SfM RNW md4all DMMDE DefeatNet ADIDS WSGD,sentence-to-chunk,500,17,False,,0.8730271756649017,data\MonoDiffusion.pdf,5,MonoDiffusion_p5_chunk_1,162,2,2,0.727729082107544,1.4529809355735779,sentence::MonoDiffusion_p5_chunk_1::s3|sentence::MonoDiffusion_p5_chunk_1::s5,monodepth2,,[49] 2018 M 0.149 1.060 5.567 0.226 0.796 0.935 0.975 31.6M DDVO [50] 2018 M 0.151 1.257 5.583 0.228 0.810 0.936 0.974 28.1M Monodepth2-Res18 [15] 2019 M 0.115 0.903 4.863 0.193 0.877 0.959 0.981 14.3M Monodepth2-Res50 [15] 2019 M 0.110 0.831 4.642 0.187
always_clear_depth_sota_comparison_methods,content-only,comparison with state of the art baselines Monodepth2 PackNet SfM RNW md4all DMMDE DefeatNet ADIDS WSGD,sentence-to-chunk,500,18,False,,0.8655172705650329,data\ACD.pdf,6,ACD_p6_chunk_0,130,1,1,0.7868338823318481,0.7868338823318481,sentence::ACD_p6_chunk_0::s1,md4all_dd,,",PDJH *7 PGDOO'' 2XUV ,PDJH *7 PGDOO'' 2XUV D QX6FHQHV E 2[IRUG5RERW&DU 0RQRGHSWK 0RQRGHSWK Figure 4: Qualitative results on nuScenes [Caesar et al., 2020 ] and RobotCar [Maddern et al., 2017 ]. We compare the ACDepth approach with md4all-DD"
always_clear_depth_sota_comparison_methods,content-only,comparison with state of the art baselines Monodepth2 PackNet SfM RNW md4all DMMDE DefeatNet ADIDS WSGD,sentence-to-chunk,500,19,False,,0.8517297148704529,data\Single Image Depth Prediction with Wavelet Decomposition.pdf,6,Single_Image_Depth_Prediction_with_Wavelet_Decomposition_p6_chunk_4,65,1,1,0.7742997407913208,0.7742997407913208,sentence::Single_Image_Depth_Prediction_with_Wavelet_Decomposition_p6_chunk_4::s1,,,"20 epochs. Unless otherwise speciﬁed, our ex- periments are done with Resnet50-based model trained with depth hints loss at 320 × 1024 resolution. For NYUv2, we implement a UNet-like baseline similar to DenseDepth [2], and detail its architecture in suppl"
always_clear_depth_sota_comparison_methods,content-only,comparison with state of the art baselines Monodepth2 PackNet SfM RNW md4all DMMDE DefeatNet ADIDS WSGD,sentence-to-chunk,500,20,False,,0.8511873602867126,data\Monocular Depth Estimation.pdf,17,Monocular_Depth_Estimation_p17_chunk_2,155,1,1,0.7738066911697388,0.7738066911697388,sentence::Monocular_Depth_Estimation_p17_chunk_2::s0,monodepth2,,4 0.979 Monodepth2⇒ Separate ResNet 2 ✓ 0.115 0.919 4.863 0.193 0.877 0.959 0.981 Separate ResNet 3 ✓ 0.115 0.902 4.847 0.193 0.877 0.960 0.981 PoseCNN [62] 2 0.147 1.164 5.445 0.221 0.818 0.940 0.974 PoseCNN [62] 3 0.147 1.117 5.403 0.222 0.815 0.940 0.97
always_clear_depth_sota_comparison_methods,content-only,comparison with state of the art baselines Monodepth2 PackNet SfM RNW md4all DMMDE DefeatNet ADIDS WSGD,sentence-to-chunk,500,21,False,,0.8511316299438476,data\Robust Monocular Depth Estimation under Challenging Conditions.pdf,8,Robust_Monocular_Depth_Estimation_under_Challenging_Conditions_p8_chunk_8,74,1,1,0.7737560272216797,0.7737560272216797,sentence::Robust_Monocular_Depth_Estimation_under_Challenging_Conditions_p8_chunk_8::s0,"monodepth2,md4all_dd,wsgd",,"n in the dark are evident. Monodepth2 had fewer issues input image WSGD md4all [ours] Figure 6. Comparison on RobotCar [23] samples between ours self-supervised and WSGD [37]. Ouputs of WSGD are from [37]. with brighter night samples, as shown in the Appen"
always_clear_depth_sota_comparison_methods,content-only,comparison with state of the art baselines Monodepth2 PackNet SfM RNW md4all DMMDE DefeatNet ADIDS WSGD,sentence-to-chunk,500,22,False,,0.8452259182929993,data\dav2.pdf,17,dav2_p17_chunk_9,104,1,1,0.7683871984481812,0.7683871984481812,sentence::dav2_p17_chunk_9::s6,,,test benchmarks . . . . . . . . . . . . . . . . . . . . . . . . . 22 C DA-2K Evaluation Benchmark 22 C.1 Per-scenario accuracy . . . . . . . . . . . . . . . . . . . . . . . . . . . . . . . . . 22 C.2 Comparison with the DIW dataset . . . . . . . . . . . .
always_clear_depth_sota_comparison_methods,content-only,comparison with state of the art baselines Monodepth2 PackNet SfM RNW md4all DMMDE DefeatNet ADIDS WSGD,sentence-to-chunk,500,23,False,,0.8446118354797363,data\Monocular Depth Estimation.pdf,14,Monocular_Depth_Estimation_p14_chunk_16,71,1,1,0.7678289413452148,0.7678289413452148,sentence::Monocular_Depth_Estimation_p14_chunk_16::s2,,,"h [47] comes a close sec- ond to our algorithm in the S category, they are run at high resolution (1024× 384 vs. our 640× 192), and in Table 1 we show that at higher resolutions our model’s performance also increases. D.2. Single-Scale Evaluation Our monoc"
always_clear_depth_sota_comparison_methods,content-only,comparison with state of the art baselines Monodepth2 PackNet SfM RNW md4all DMMDE DefeatNet ADIDS WSGD,sentence-to-chunk,500,24,False,,0.8403762638568878,data\Single Image Depth Prediction with Wavelet Decomposition.pdf,13,Single_Image_Depth_Prediction_with_Wavelet_Decomposition_p13_chunk_14,94,1,1,0.7639784216880798,0.7639784216880798,sentence::Single_Image_Depth_Prediction_with_Wavelet_Decomposition_p13_chunk_14::s1,,,"econv2LeakyReLU(0.2) iconv1 3 1 69 2 ↑iconv2, econv1LeakyReLU(0.2) outconv01 1 1 2 iconv1 Linear Table 7: Architecture of our DenseNet baseline decoder for experiments on the NYUv2 [58] dataset Note that as in DenseDepth [2] we produce a depth map at half"
always_clear_depth_sota_comparison_methods,content-only,comparison with state of the art baselines Monodepth2 PackNet SfM RNW md4all DMMDE DefeatNet ADIDS WSGD,sentence-to-chunk,500,25,False,,0.8384944140911103,data\ACD.pdf,6,ACD_p6_chunk_4,160,1,1,0.7622676491737366,0.7622676491737366,sentence::ACD_p6_chunk_4::s2,"packnet_sfm,rnw",,"., 2019 ] M∗ d 0.1374 6.692 85.00 0.2828 9.729 51.83 0.1727 7.743 77.57 PackNet-SfM [Guizilini et al., 2020 ] Mv d 0.1567 7.230 82.64 0.2617 11.063 56.64 0.1645 8.288 77.07 RNW [Wang et al., 2021 ] M∗ dn 0.2872 9.185 56.21 0.3333 10.098 43.72 0.2952 9.341"
always_clear_depth_sota_comparison_methods,content-only,comparison with state of the art baselines Monodepth2 PackNet SfM RNW md4all DMMDE DefeatNet ADIDS WSGD,sentence-to-chunk,500,26,False,,0.8378297805786132,data\Robust Monocular Depth Estimation under Challenging Conditions.pdf,8,Robust_Monocular_Depth_Estimation_under_Challenging_Conditions_p8_chunk_11,56,1,1,0.7616634368896484,0.7616634368896484,sentence::Robust_Monocular_Depth_Estimation_under_Challenging_Conditions_p8_chunk_11::s1,md4all_dd,,"in Table 2, our md4all de- livered better and sharper estimates in both conditions, cor- rectly estimating the people’s distance. Limitations md4all improves in all tested conditions, but DD may propagate errors from the baseline. Thus, a stronger baseline"
always_clear_depth_sota_comparison_methods,content-only,comparison with state of the art baselines Monodepth2 PackNet SfM RNW md4all DMMDE DefeatNet ADIDS WSGD,sentence-to-chunk,500,27,False,,0.8349551439285279,data\Monocular Depth Estimation.pdf,17,Monocular_Depth_Estimation_p17_chunk_3,148,1,1,0.7590501308441162,0.7590501308441162,sentence::Monocular_Depth_Estimation_p17_chunk_3::s6,monodepth2,,0.221 0.818 0.940 0.974 PoseCNN [62] 3 0.147 1.117 5.403 0.222 0.815 0.940 0.976 Shared encoder (arXiv v1) 2 0.149 1.153 5.567 0.229 0.807 0.934 0.972 Shared encoder (arXiv v1) 3 0.145 1.159 5.482 0.224 0.818 0.937 0.973 Monodepth2⇒ Separate ResNet 2 0.13
always_clear_depth_sota_comparison_methods,content-only,comparison with state of the art baselines Monodepth2 PackNet SfM RNW md4all DMMDE DefeatNet ADIDS WSGD,sentence-to-chunk,500,28,False,,0.832843029499054,data\Monocular Depth Estimation.pdf,17,Monocular_Depth_Estimation_p17_chunk_1,149,1,1,0.7571300268173218,0.7571300268173218,sentence::Monocular_Depth_Estimation_p17_chunk_1::s5,monodepth2,,148 1.211 5.595 0.219 0.815 0.942 0.976 Shared encoder (arXiv v1) 2 ✓ 0.125 0.986 5.070 0.201 0.857 0.954 0.979 Shared encoder (arXiv v1) 3 ✓ 0.123 1.031 5.052 0.199 0.863 0.954 0.979 Monodepth2⇒ Separate ResNet 2 ✓ 0.115 0.919 4.863 0.193 0.877 0.959 0.98
always_clear_depth_sota_comparison_methods,content-only,comparison with state of the art baselines Monodepth2 PackNet SfM RNW md4all DMMDE DefeatNet ADIDS WSGD,sentence-to-chunk,500,29,False,,0.8302007555961609,data\Single Image Depth Prediction with Wavelet Decomposition.pdf,8,Single_Image_Depth_Prediction_with_Wavelet_Decomposition_p8_chunk_3,145,1,1,0.7547279596328735,0.7547279596328735,sentence::Single_Image_Depth_Prediction_with_Wavelet_Decomposition_p8_chunk_3::s4,monodepth2,,876 0.957 0.980 Depth Hints Resnet50  SSGM 192×640 0.102 0.762 4.602 0.189 0.880 0.960 0.981 WaveletMonodepthResnet50  SSGM 192×640 0.105 0.813 4.625 0.191 0.879 0.959 0.981 [18] Monodepth2 Resnet18  MS 192×640 0.104 0.786 4.687 0.194 0.876 0.958 0.980
always_clear_depth_sota_comparison_methods,content-only,comparison with state of the art baselines Monodepth2 PackNet SfM RNW md4all DMMDE DefeatNet ADIDS WSGD,sentence-to-chunk,500,30,False,,0.8295639872550964,data\Monocular Depth Estimation.pdf,17,Monocular_Depth_Estimation_p17_chunk_4,126,1,1,0.7541490793228149,0.7541490793228149,sentence::Monocular_Depth_Estimation_p17_chunk_4::s1,monodepth2,,) 3 0.145 1.159 5.482 0.224 0.818 0.937 0.973 Monodepth2⇒ Separate ResNet 2 0.132 1.044 5.142 0.210 0.845 0.948 0.977 Separate ResNet 3 0.132 1.017 5.169 0.211 0.842 0.947 0.977 Table 12. Ablation of the effect of pose networks on depth prediction. Results
always_clear_depth_sota_comparison_methods,content-only,comparison with state of the art baselines Monodepth2 PackNet SfM RNW md4all DMMDE DefeatNet ADIDS WSGD,sentence-to-chunk,500,31,False,,0.8283717513084412,data\Single Image Depth Prediction with Wavelet Decomposition.pdf,8,Single_Image_Depth_Prediction_with_Wavelet_Decomposition_p8_chunk_4,141,1,1,0.7530652284622192,0.7530652284622192,sentence::Single_Image_Depth_Prediction_with_Wavelet_Decomposition_p8_chunk_4::s0,monodepth2,,[18] Monodepth2 Resnet18  MS 192×640 0.104 0.786 4.687 0.194 0.876 0.958 0.980 WaveletMonodepthResnet18  MS 192×640 0.109 0.814 4.808 0.198 0.868 0.955 0.980 [63] Depth Hints  MS +SSGM 192×640 0.105 0.769 4.627 0.189 0.875 0.959 0.982 WaveletMonodepthRe
always_clear_depth_sota_comparison_methods,content-only,comparison with state of the art baselines Monodepth2 PackNet SfM RNW md4all DMMDE DefeatNet ADIDS WSGD,sentence-to-chunk,500,32,False,,0.8267867803573609,data\dav2.pdf,8,dav2_p8_chunk_23,44,1,1,0.751624345779419,0.751624345779419,sentence::dav2_p8_chunk_23::s0,,,"benchmarks. Performance on our proposed benchmark DA-2K. As shown in Table 3, on our proposed bench- mark with diverse scenes, even our smallest model is significantly better than other heavy SD-based 8"
always_clear_depth_sota_comparison_methods,content-only,comparison with state of the art baselines Monodepth2 PackNet SfM RNW md4all DMMDE DefeatNet ADIDS WSGD,sentence-to-chunk,500,33,False,,0.8267518997192382,data\Global-Local.pdf,6,Global-Local_p6_chunk_8,55,1,1,0.7515926361083984,0.7515926361083984,sentence::Global-Local_p6_chunk_8::s0,,,"mputationally demanding decoders, we construct simple baselines and compare them with ours. Baseline-Dconv consists of consecutive deconvolution-batch normalization-ReLU blocks to obtain the desired depth map. In addition, Baseline-UNet is an improved stru"
always_clear_depth_sota_comparison_methods,content-only,comparison with state of the art baselines Monodepth2 PackNet SfM RNW md4all DMMDE DefeatNet ADIDS WSGD,sentence-to-chunk,500,34,False,,0.8251473248004914,data\Repurposing Diffusion-Based Image Generators for Monocular Depth Estimation.pdf,6,Repurposing_Diffusion-Based_Image_Generators_for_Monocular_Depth_Estimation_p6_chunk_2,138,1,1,0.7501339316368103,0.7501339316368103,sentence::Repurposing_Diffusion-Based_Image_Generators_for_Monocular_Depth_Estimation_p6_chunk_2::s0,,,hod # Training samples NYUv2 KITTI ETH3D ScanNet DIODE Avg. RankReal Synthetic AbsRel ↓ δ1↑ AbsRel↓ δ1↑ AbsRel↓ δ1↑ AbsRel↓ δ1↑ AbsRel↓ δ1↑ DiverseDepth [56] 320K — 11.7 87.5 19.0 70.4 22.8 69.4 10.9 88.2 37.6 63.1 7.6 MiDaS [35] 2M — 11.1 88.5 23.6 63.0 1
always_clear_depth_sota_comparison_methods,content-only,comparison with state of the art baselines Monodepth2 PackNet SfM RNW md4all DMMDE DefeatNet ADIDS WSGD,sentence-to-chunk,500,35,False,,0.8245677292346955,data\dav2.pdf,17,dav2_p17_chunk_10,112,1,1,0.7496070265769958,0.7496070265769958,sentence::dav2_p17_chunk_10::s0,,,. . . . . . . . . 22 C.2 Comparison with the DIW dataset . . . . . . . . . . . . . . . . . . . . . . . . . . . 22 C.3 Annotation details . . . . . . . . . . . . . . . . . . . . . . . . . . . . . . . . . . . 23 C.4 Visualization . . . . . . . . . . . . . .
always_clear_depth_sota_comparison_methods,content-only,comparison with state of the art baselines Monodepth2 PackNet SfM RNW md4all DMMDE DefeatNet ADIDS WSGD,sentence-to-chunk,500,36,False,,0.8240715324878692,data\Lite-Mono.pdf,6,Lite-Mono_p6_chunk_13,121,1,1,0.7491559386253357,0.7491559386253357,sentence::Lite-Mono_p6_chunk_13::s4,,,84 8.7M MonoViT-tiny [43] 2022 M 0.102 0.733 4.459 0.177 0.895 0.965 0.984 10.3M Lite-Mono-8M (Ours)2023 M 0.101 0.729 4.454 0.178 0.897 0.965 0.983 8.7M Table 2. Comparison of Lite-Mono with some recent representative methods on the KITTI benchmark using
always_clear_depth_sota_comparison_methods,content-only,comparison with state of the art baselines Monodepth2 PackNet SfM RNW md4all DMMDE DefeatNet ADIDS WSGD,sentence-to-chunk,500,37,False,,0.824039077758789,data\PrimeDepth- Efficient Monocular Depth  Estimation with a Stable Diffusion Preimage.pdf,4,PrimeDepth-_Efficient_Monocular_Depth_Estimation_with_a_Stable_Diffusion_Preimage_p4_chunk_20,67,1,1,0.7491264343261719,0.7491264343261719,sentence::PrimeDepth-_Efficient_Monocular_Depth_Estimation_with_a_Stable_Diffusion_Preimage_p4_chunk_20::s2,,,"s and perceptual loss, the baselines include SNR-aware [41] and CID-Net [42], both of which incorpo- rate perceptual loss. All baselines and their original loss functions are listed in Table 1: Table 1. Baselines and Their Loss Functions Method Loss Functi"
always_clear_depth_sota_comparison_methods,content-only,comparison with state of the art baselines Monodepth2 PackNet SfM RNW md4all DMMDE DefeatNet ADIDS WSGD,sentence-to-chunk,500,38,False,,0.8227113842964172,data\Single Image Depth Prediction with Wavelet Decomposition.pdf,8,Single_Image_Depth_Prediction_with_Wavelet_Decomposition_p8_chunk_5,143,1,1,0.7479194402694702,0.7479194402694702,sentence::Single_Image_Depth_Prediction_with_Wavelet_Decomposition_p8_chunk_5::s3,monodepth2,, MS +SSGM 192×640 0.105 0.769 4.627 0.189 0.875 0.959 0.982 WaveletMonodepthResnet18  MS +SSGM 192×640 0.110 0.840 4.741 0.195 0.868 0.956 0.981 [18] Monodepth2 Resnet18  S 320×1024 0.105 0.822 4.692 0.199 0.876 0.954 0.977 WaveletMonodepthResnet18  S
always_clear_depth_sota_comparison_methods,content-only,comparison with state of the art baselines Monodepth2 PackNet SfM RNW md4all DMMDE DefeatNet ADIDS WSGD,sentence-to-chunk,500,39,False,,0.8224471569061279,data\ACD.pdf,6,ACD_p6_chunk_1,67,1,1,0.7476792335510254,0.7476792335510254,sentence::ACD_p6_chunk_1::s1,"monodepth2,md4all_dd",,"obotCar [Maddern et al., 2017 ]. We compare the ACDepth approach with md4all-DD and MonoDepth2, all of which use the same backbone. To better illustrate the results, the real point cloud is projected onto the original image, and no ground truth (GT) is req"
always_clear_depth_sota_comparison_methods,content-only,comparison with state of the art baselines Monodepth2 PackNet SfM RNW md4all DMMDE DefeatNet ADIDS WSGD,sentence-to-chunk,500,40,False,,0.8219708919525146,data\Monocular Depth Estimation.pdf,7,Monocular_Depth_Estimation_p7_chunk_6,92,1,1,0.747246265411377,0.747246265411377,sentence::Monocular_Depth_Estimation_p7_chunk_6::s0,monodepth2,,"Monodepth2(full Eigen dataset) ✓ ✓ ✓ ✓ ✓ 0.116 0.918 4.872 0.193 0.874 0.959 0.981 Table 2. Ablation. Results for different variants of our model (Monodepth2) with monocular training on KITTI 2015 [13] using the Eigen split. (a) The baseline model, with n"
always_clear_depth_sota_comparison_methods,content-only,comparison with state of the art baselines Monodepth2 PackNet SfM RNW md4all DMMDE DefeatNet ADIDS WSGD,sentence-to-chunk,500,41,False,,0.8210599958896637,data\Robust Monocular Depth Estimation under Challenging Conditions.pdf,7,Robust_Monocular_Depth_Estimation_under_Challenging_Conditions_p7_chunk_9,65,1,1,0.7464181780815125,0.7464181780815125,sentence::Robust_Monocular_Depth_Estimation_under_Challenging_Conditions_p7_chunk_9::s1,"monodepth2,md4all_dd",,"wn in Table 1, with all methods performing better with rain than at night. Our self-supervised monocular md4all-DD signif- icantly improved over Monodepth2 and the baseline, per- forming close to the radar-based R4Dyn [8]. Fully-supervised Table 1 reports"
always_clear_depth_sota_comparison_methods,content-only,comparison with state of the art baselines Monodepth2 PackNet SfM RNW md4all DMMDE DefeatNet ADIDS WSGD,sentence-to-chunk,500,42,False,,0.8208850026130676,data\Lite-Mono.pdf,7,Lite-Mono_p7_chunk_17,82,1,1,0.7462590932846069,0.7462590932846069,sentence::Lite-Mono_p7_chunk_17::s2,monodepth2,,o input Monodepth2 R-MSFM6 Lite-Mono (Ours) Figure 5. Qualitative results on the Make3D dataset.Lite-Mono is compared to Monodepth2 [15] and R-MSFM [46]. Lite-Mono can perceive different sizes of objects. NVIDIA TITAN Xp and a Jetson Xavier and are compare
always_clear_depth_sota_comparison_methods,content-only,comparison with state of the art baselines Monodepth2 PackNet SfM RNW md4all DMMDE DefeatNet ADIDS WSGD,sentence-to-chunk,500,43,False,,0.8188151121139526,data\Single Image Depth Prediction with Wavelet Decomposition.pdf,13,Single_Image_Depth_Prediction_with_Wavelet_Decomposition_p13_chunk_18,95,1,1,0.7443773746490479,0.7443773746490479,sentence::Single_Image_Depth_Prediction_with_Wavelet_Decomposition_p13_chunk_18::s1,,,"predictions iconv2 3 1 138 4 ↑iconv2, econv2LeakyReLU(0.2) wave2 3 1 3 4 iconv2 Linear IDWT1 - - 1 2 IDWT2, wave2 - Table 8: Our decoder network architecture for experiments on the NYUv2 [58] datasetNote that since like in DenseDepth [2] we produce a dept"
always_clear_depth_sota_comparison_methods,content-only,comparison with state of the art baselines Monodepth2 PackNet SfM RNW md4all DMMDE DefeatNet ADIDS WSGD,sentence-to-chunk,500,44,False,,0.8185672760009766,data\Jasmine.pdf,8,Jasmine_p8_chunk_6,156,1,1,0.7441520690917969,0.7441520690917969,sentence::Jasmine_p8_chunk_6::s2,monodepth2,,smine* - Mono KH(68K+0) 0.102 0.540 3.728 0.162 0.907 0.973 0.987 Monodepth2[15]ICCV2019 Mono K(40K+0) 0.115 0.882 4.701 0.190 0.879 0.961 0.982HR-Depth[31] AAAI2021 Mono K(40K+0) 0.106 0.755 4.472 0.181 0.892 0.966 0.984R-MSFM6[72]ICCV2021 Mono K(40K+0) 0
always_clear_depth_sota_comparison_methods,content-only,comparison with state of the art baselines Monodepth2 PackNet SfM RNW md4all DMMDE DefeatNet ADIDS WSGD,sentence-to-chunk,500,45,False,,0.818422508239746,data\PrimeDepth- Efficient Monocular Depth  Estimation with a Stable Diffusion Preimage.pdf,11,PrimeDepth-_Efficient_Monocular_Depth_Estimation_with_a_Stable_Diffusion_Preimage_p11_chunk_9,58,1,1,0.7440204620361328,0.7440204620361328,sentence::PrimeDepth-_Efficient_Monocular_Depth_Estimation_with_a_Stable_Diffusion_Preimage_p11_chunk_9::s2,,,baseline and the GT-mean loss variant were both trained using the settings for for LOL datasets outlined in [41]. The Charbonnier loss and perceptual loss used in the baseline were extended to GT-mean loss in the variant. CID-Net. Both the baseline and th
always_clear_depth_sota_comparison_methods,content-only,comparison with state of the art baselines Monodepth2 PackNet SfM RNW md4all DMMDE DefeatNet ADIDS WSGD,sentence-to-chunk,500,46,False,,0.8177199125289917,data\Monocular Depth Estimation.pdf,1,Monocular_Depth_Estimation_p1_chunk_12,71,1,1,0.7433817386627197,0.7433817386627197,sentence::Monocular_Depth_Estimation_p1_chunk_12::s1,monodepth2,,"ng large and varied training datasets with accurateground truth depth for supervised learning [55, 9] is itself a formidable challenge. As an alternative, several recent self-supervised Input Monodepth2 (M) Monodepth2 (S) Monodepth2 (MS) Zhou et al. [76]"
always_clear_depth_sota_comparison_methods,content-only,comparison with state of the art baselines Monodepth2 PackNet SfM RNW md4all DMMDE DefeatNet ADIDS WSGD,sentence-to-chunk,500,47,False,,0.8176795244216919,data\Single Image Depth Prediction with Wavelet Decomposition.pdf,8,Single_Image_Depth_Prediction_with_Wavelet_Decomposition_p8_chunk_13,116,1,1,0.7433450222015381,0.7433450222015381,sentence::Single_Image_Depth_Prediction_with_Wavelet_Decomposition_p8_chunk_13::s3,,,8451 0.9681 0.9917 1.8070 7.1073 WaveletMonodepth (η = 0.04) 480 × 640 0.1259 0.5517 0.0543 0.8450 0.9681 0.9917 1.8790 7.0746 Table 4: Quantitative results on NYUv2 [58] We compare our DenseDepth [2]-inspired baseline to our implementation with wavelets a
always_clear_depth_sota_comparison_methods,content-only,comparison with state of the art baselines Monodepth2 PackNet SfM RNW md4all DMMDE DefeatNet ADIDS WSGD,sentence-to-chunk,500,48,False,,0.8170465588569641,data\MonoDiffusion.pdf,5,MonoDiffusion_p5_chunk_9,165,1,1,0.7427695989608765,0.7427695989608765,sentence::MonoDiffusion_p5_chunk_9::s2,monodepth2,,.859 0.953 0.980 3.1M MonoDiffusion (ours) 2023 M† 0.119 0.843 4.868 0.196 0.858 0.955 0.981 3.1M Monodepth2-Res18 [15] 2019 M* 0.115 0.882 4.701 0.190 0.879 0.961 0.982 14.3M R-MSFM3 [53] 2021 M* 0.112 0.773 4.581 0.189 0.879 0.960 0.982 3.5M R-MSFM6 [53]
always_clear_depth_sota_comparison_methods,content-only,comparison with state of the art baselines Monodepth2 PackNet SfM RNW md4all DMMDE DefeatNet ADIDS WSGD,sentence-to-chunk,500,49,False,,0.8165469527244568,data\Robust Monocular Depth Estimation under Challenging Conditions.pdf,6,Robust_Monocular_Depth_Estimation_under_Challenging_Conditions_p6_chunk_21,77,1,1,0.742315411567688,0.742315411567688,sentence::Robust_Monocular_Depth_Estimation_under_Challenging_Conditions_p6_chunk_21::s3,"monodepth2,md4all_dd",,"d T c directly on its training set. We share publicly all generated hc i images. Prior works and baselines We compared ours with a variety of works [8, 11, 12, 38, 37, 22, 33, 1]. We applied ours on the self-supervised Monodepth2-based baseline of Section"
always_clear_depth_sota_comparison_methods,content-only,comparison with state of the art baselines Monodepth2 PackNet SfM RNW md4all DMMDE DefeatNet ADIDS WSGD,sentence-to-chunk,500,50,False,,0.8161978840827941,data\Robust Monocular Depth Estimation under Challenging Conditions.pdf,6,Robust_Monocular_Depth_Estimation_under_Challenging_Conditions_p6_chunk_1,156,1,1,0.7419980764389038,0.7419980764389038,sentence::Robust_Monocular_Depth_Estimation_under_Challenging_Conditions_p6_chunk_1::s3,"monodepth2,packnet_sfm,md4all_dd",,32.940 10.54 0.4114 9.442 60.58 Monodepth2 [11] M ∗ d 0.1374 6.692 85.00 0.2828 .......9.729 51.83 0.1727 7.743 77.57 PackNet-SfM [12] Mv d 0.1567 7.230 82.64 0.2617 11.063 56.64 0.1645 8.288 77.07 R4Dyn w/o r in [8] Mv r d 0.1296 6.536 ......85.76 0.2731
always_clear_depth_sota_comparison_methods,content-only,comparison with state of the art baselines Monodepth2 PackNet SfM RNW md4all DMMDE DefeatNet ADIDS WSGD,sentence-to-chunk,1000,1,True,1,1.008118861913681,data\Monocular Depth Estimation.pdf,13,Monocular_Depth_Estimation_p13_chunk_6,146,3,3,0.7771247029304504,2.309941589832306,sentence::Monocular_Depth_Estimation_p13_chunk_6::s2|sentence::Monocular_Depth_Estimation_p13_chunk_6::s6|sentence::Monocular_Depth_Estimation_p13_chunk_6::s4,,,Net18 w/o pt ✓ ✓ ✓ R18 0.132 1.044 5.142 0.210 0.845 0.948 0.977 Monodepth2ResNet18 ✓ ✓ ✓ R18 ✓ 0.115 0.903 4.863 0.193 0.877 0.959 0.981 Monodepth2ResNet 50 w/o pt ✓ ✓ ✓ R50 0.131 1.023 5.064 0.206 0.849 0.951 0.979 Monodepth2ResNet 50 ✓ ✓ ✓ R50 ✓ 0.110 0
always_clear_depth_sota_comparison_methods,content-only,comparison with state of the art baselines Monodepth2 PackNet SfM RNW md4all DMMDE DefeatNet ADIDS WSGD,sentence-to-chunk,1000,2,True,2,0.9907347321510315,data\Monocular Depth Estimation.pdf,7,Monocular_Depth_Estimation_p7_chunk_1,129,3,3,0.7697665691375732,2.2096816301345825,sentence::Monocular_Depth_Estimation_p7_chunk_1::s6|sentence::Monocular_Depth_Estimation_p7_chunk_1::s0|sentence::Monocular_Depth_Estimation_p7_chunk_1::s4,monodepth2,,0.946 0.973 Baseline + min reproj. ✓ ✓ 0.122 1.081 5.116 0.199 0.866 0.957 0.980 Baseline + automasking ✓ 0.124 0.936 5.010 0.206 0.858 0.952 0.977 Baseline + full-res m.s. ✓ ✓ 0.124 1.170 5.249 0.203 0.865 0.953 0.978 Monodepth2 w/o min reprojection ✓ ✓ ✓
always_clear_depth_sota_comparison_methods,content-only,comparison with state of the art baselines Monodepth2 PackNet SfM RNW md4all DMMDE DefeatNet ADIDS WSGD,sentence-to-chunk,1000,3,True,3,0.9684264659881592,data\Monocular Depth Estimation.pdf,13,Monocular_Depth_Estimation_p13_chunk_1,136,3,3,0.7479082345962524,2.2051823139190674,sentence::Monocular_Depth_Estimation_p13_chunk_1::s0|sentence::Monocular_Depth_Estimation_p13_chunk_1::s4|sentence::Monocular_Depth_Estimation_p13_chunk_1::s2,monodepth2,,0.973 Monodepth2 w/o min reprojection ✓ ✓ R18 ✓ 0.117 0.878 4.846 0.196 0.870 0.957 0.980 Monodepth2 w/o auto-masking ✓ ✓ R18 ✓ 0.120 1.097 5.074 0.197 0.872 0.956 0.979 Monodepth2 w/o full-res m.s. ✓ ✓ R18 ✓ 0.117 0.866 4.864 0.196 0.871 0.957 0.981 Mono
always_clear_depth_sota_comparison_methods,content-only,comparison with state of the art baselines Monodepth2 PackNet SfM RNW md4all DMMDE DefeatNet ADIDS WSGD,sentence-to-chunk,1000,4,True,4,0.9248403906822205,data\Monocular Depth Estimation.pdf,15,Monocular_Depth_Estimation_p15_chunk_6,88,2,2,0.7720921039581299,1.5274828672409058,sentence::Monocular_Depth_Estimation_p15_chunk_6::s0|sentence::Monocular_Depth_Estimation_p15_chunk_6::s1,monodepth2,,Monodepth2 MS 15.07 4.16 11.64 15.27 Monodepth2(ResNet 50)MS 14.41 3.67 11.22 14.73 Table 9. KITTI depth prediction benchmark. Comparison of our monocular plus stereo approaches to fully supervised methods on the KITTI depth prediction benchmark [27]. D in
always_clear_depth_sota_comparison_methods,content-only,comparison with state of the art baselines Monodepth2 PackNet SfM RNW md4all DMMDE DefeatNet ADIDS WSGD,sentence-to-chunk,1000,5,True,5,0.9046493589878082,data\Lite-Mono.pdf,6,Lite-Mono_p6_chunk_1,161,2,2,0.7545779943466187,1.5007136464118958,sentence::Lite-Mono_p6_chunk_1::s4|sentence::Lite-Mono_p6_chunk_1::s2,monodepth2,,6 0.935 0.975 31.6M DDVO [36] 2018 M 0.151 1.257 5.583 0.228 0.810 0.936 0.974 28.1M Monodepth2-Res18 [15] 2019 M0.115 0.903 4.863 0.193 0.877 0.959 0.981 14.3M Monodepth2-Res50 [15] 2019 M0.110 0.831 4.642 0.187 0.883 0.962 0.982 32.5M SGDepth [21] 2020 M
always_clear_depth_sota_comparison_methods,content-only,comparison with state of the art baselines Monodepth2 PackNet SfM RNW md4all DMMDE DefeatNet ADIDS WSGD,sentence-to-chunk,1000,6,True,6,0.9045184791088104,data\Monocular Depth Estimation.pdf,13,Monocular_Depth_Estimation_p13_chunk_2,143,2,2,0.7545077800750732,1.5001069903373718,sentence::Monocular_Depth_Estimation_p13_chunk_2::s6|sentence::Monocular_Depth_Estimation_p13_chunk_2::s2,monodepth2,,epth2 w/o full-res m.s. ✓ ✓ R18 ✓ 0.117 0.866 4.864 0.196 0.871 0.957 0.981 Monodepth2 w/o SSIM ✓ ✓ ✓ R18 ✓ 0.118 0.853 4.824 0.198 0.868 0.956 0.980 Monodepth2 with [76]’s mask ✓ ✓ R18 ✓ 0.123 1.177 5.210 0.200 0.869 0.955 0.978 Monodepth2(full) ✓ ✓ ✓ R18
always_clear_depth_sota_comparison_methods,content-only,comparison with state of the art baselines Monodepth2 PackNet SfM RNW md4all DMMDE DefeatNet ADIDS WSGD,sentence-to-chunk,1000,7,True,7,0.8869008123874664,data\MonoDiffusion.pdf,5,MonoDiffusion_p5_chunk_7,167,2,2,0.7403866052627563,1.4651420712471008,sentence::MonoDiffusion_p5_chunk_7::s0|sentence::MonoDiffusion_p5_chunk_7::s2,monodepth2,,0.984 3.1M Monodepth2-Res18 [15] 2019 M† 0.132 1.044 5.142 0.210 0.845 0.948 0.977 14.3M Monodepth2-Res50 [15] 2019 M† 0.131 1.023 5.064 0.206 0.849 0.951 0.979 32.5M R-MSFM3 [53] 2021 M† 0.128 0.965 5.019 0.207 0.853 0.951 0.977 3.5M R-MSFM6 [53] 2021 M†
always_clear_depth_sota_comparison_methods,content-only,comparison with state of the art baselines Monodepth2 PackNet SfM RNW md4all DMMDE DefeatNet ADIDS WSGD,sentence-to-chunk,1000,8,False,,0.8851323425769806,data\Monocular Depth Estimation.pdf,13,Monocular_Depth_Estimation_p13_chunk_4,138,2,2,0.7382786273956299,1.468537151813507,sentence::Monocular_Depth_Estimation_p13_chunk_4::s2|sentence::Monocular_Depth_Estimation_p13_chunk_4::s4,monodepth2,,27 0.938 0.971 Monodepth2 w/o pt or auto-masking ✓ ✓ R18 0.138 1.197 5.369 0.215 0.842 0.945 0.975 Monodepth2 w/o pt or min reproj ✓ ✓ R18 0.133 1.021 5.219 0.214 0.841 0.945 0.976 Monodepth2 w/o pt or full-res m.s. ✓ ✓ R18 0.131 1.030 5.206 0.210 0.846 0.
always_clear_depth_sota_comparison_methods,content-only,comparison with state of the art baselines Monodepth2 PackNet SfM RNW md4all DMMDE DefeatNet ADIDS WSGD,sentence-to-chunk,1000,9,False,,0.8828627526760101,data\dav2.pdf,22,dav2_p22_chunk_6,61,2,2,0.7371256947517395,1.4573705792427063,sentence::dav2_p22_chunk_6::s3|sentence::dav2_p22_chunk_6::s2,,,alitative results on test benchmarks Please refer to Figure 18. Our model is consistently better than V1 [89] on standard benchmarks. C DA-2K Evaluation Benchmark C.1 Per-scenario accuracy We report the per-scenario accuracy on our DA-2K evaluation benchma
always_clear_depth_sota_comparison_methods,content-only,comparison with state of the art baselines Monodepth2 PackNet SfM RNW md4all DMMDE DefeatNet ADIDS WSGD,sentence-to-chunk,1000,10,False,,0.8827396988868713,data\Single Image Depth Prediction with Wavelet Decomposition.pdf,8,Single_Image_Depth_Prediction_with_Wavelet_Decomposition_p8_chunk_0,132,2,2,0.7367715835571289,1.4596811532974243,sentence::Single_Image_Depth_Prediction_with_Wavelet_Decomposition_p8_chunk_0::s5|sentence::Single_Image_Depth_Prediction_with_Wavelet_Decomposition_p8_chunk_0::s1,monodepth2,,Cit. Method PP Data H ×W Abs Rel Sq Rel RMSE RMSE log δ<1.25 δ<1.252 δ<1.253 [18] Monodepth2 Resnet18  S 192×640 0.108 0.842 4.891 0.207 0.866 0.949 0.976 WaveletMonodepthResnet18  S 192×640 0.110 0.876 4.916 0.206 0.864 0.950 0.976 Monodepth2 Resnet50 
always_clear_depth_sota_comparison_methods,content-only,comparison with state of the art baselines Monodepth2 PackNet SfM RNW md4all DMMDE DefeatNet ADIDS WSGD,sentence-to-chunk,1000,11,False,,0.8805522441864013,data\Monocular Depth Estimation.pdf,13,Monocular_Depth_Estimation_p13_chunk_7,113,2,2,0.7342938184738159,1.4625842571258545,sentence::Monocular_Depth_Estimation_p13_chunk_7::s1|sentence::Monocular_Depth_Estimation_p13_chunk_7::s3,monodepth2,,.131 1.023 5.064 0.206 0.849 0.951 0.979 Monodepth2ResNet 50 ✓ ✓ ✓ R50 ✓ 0.110 0.831 4.642 0.187 0.883 0.962 0.982 Table 6. Ablation. Results for different variants of our model (Monodepth2) with monocular training (except where speciﬁed) on KITTI 2015 [13
always_clear_depth_sota_comparison_methods,content-only,comparison with state of the art baselines Monodepth2 PackNet SfM RNW md4all DMMDE DefeatNet ADIDS WSGD,sentence-to-chunk,1000,12,False,,0.8803157091140748,data\Jasmine.pdf,8,Jasmine_p8_chunk_20,61,1,1,0.8002870082855225,0.8002870082855225,sentence::Jasmine_p8_chunk_20::s0,monodepth2,,"number of comparison datasets and the unavailability of some models’ open-source code, we only compare with Monodepth2 (the most classic model), MonoViT (renowned for its robustness), MonoViFi (the latest model), and Weath- erDepth (trained with additional"
always_clear_depth_sota_comparison_methods,content-only,comparison with state of the art baselines Monodepth2 PackNet SfM RNW md4all DMMDE DefeatNet ADIDS WSGD,sentence-to-chunk,1000,13,False,,0.8771021962165833,data\Monocular Depth Estimation.pdf,13,Monocular_Depth_Estimation_p13_chunk_5,142,2,2,0.7311620712280273,1.459401249885559,sentence::Monocular_Depth_Estimation_p13_chunk_5::s4|sentence::Monocular_Depth_Estimation_p13_chunk_5::s0,monodepth2,,.976 Monodepth2 w/o pt or full-res m.s. ✓ ✓ R18 0.131 1.030 5.206 0.210 0.846 0.948 0.978 Monodepth2w/o pt ✓ ✓ ✓ R18 0.132 1.044 5.142 0.210 0.845 0.948 0.977 (c) Monodepth2ResNet18 w/o pt ✓ ✓ ✓ R18 0.132 1.044 5.142 0.210 0.845 0.948 0.977 Monodepth2ResNe
always_clear_depth_sota_comparison_methods,content-only,comparison with state of the art baselines Monodepth2 PackNet SfM RNW md4all DMMDE DefeatNet ADIDS WSGD,sentence-to-chunk,1000,14,False,,0.8754396796226501,data\Monocular Depth Estimation.pdf,13,Monocular_Depth_Estimation_p13_chunk_8,70,2,2,0.7298648357391357,1.455748438835144,sentence::Monocular_Depth_Estimation_p13_chunk_8::s0|sentence::Monocular_Depth_Estimation_p13_chunk_8::s3,monodepth2,,l (Monodepth2) with monocular training (except where speciﬁed) on KITTI 2015 [13]. Figure 9. Qualitative ablation study. We can see that our model with all components added result in the smallest amount of depth artifacts. ‘Baseline (M)’ is our model witho
always_clear_depth_sota_comparison_methods,content-only,comparison with state of the art baselines Monodepth2 PackNet SfM RNW md4all DMMDE DefeatNet ADIDS WSGD,sentence-to-chunk,1000,15,False,,0.8734627664089203,data\Monocular Depth Estimation.pdf,16,Monocular_Depth_Estimation_p16_chunk_5,143,2,2,0.728127658367157,1.453351080417633,sentence::Monocular_Depth_Estimation_p16_chunk_5::s3|sentence::Monocular_Depth_Estimation_p16_chunk_5::s5,monodepth2,,w/o pretraining MS 0.127 1.031 5.266 0.221 0.836 0.943 0.974 Monodepth2 w/o pretraining + pp MS 0.125 1.000 5.205 0.218 0.837 0.944 0.974 Monodepth2 MS 0.106 0.818 4.750 0.196 0.874 0.957 0.979 Monodepth2 + pp MS 0.104 0.786 4.687 0.194 0.876 0.958 0.980
always_clear_depth_sota_comparison_methods,content-only,comparison with state of the art baselines Monodepth2 PackNet SfM RNW md4all DMMDE DefeatNet ADIDS WSGD,sentence-to-chunk,1000,16,False,,0.8734360933303833,data\Monocular Depth Estimation.pdf,15,Monocular_Depth_Estimation_p15_chunk_5,160,1,1,0.7940328121185303,0.7940328121185303,sentence::Monocular_Depth_Estimation_p15_chunk_5::s5,monodepth2,,9] D 14.74 3.88 11.74 15.63 CSWS [32] D 14.85 3.48 11.84 16.38 DHGRL [74] D 15.47 4.04 12.52 15.72 Monodepth [15] S 22.02 20.58 17.79 21.84 Monodepth2 M 15.57 4.52 12.98 16.70 Monodepth2 MS 15.07 4.16 11.64 15.27 Monodepth2(ResNet 50)MS 14.41 3.67 11.22 14
always_clear_depth_sota_comparison_methods,content-only,comparison with state of the art baselines Monodepth2 PackNet SfM RNW md4all DMMDE DefeatNet ADIDS WSGD,sentence-to-chunk,1000,17,False,,0.8730271756649017,data\MonoDiffusion.pdf,5,MonoDiffusion_p5_chunk_1,162,2,2,0.727729082107544,1.4529809355735779,sentence::MonoDiffusion_p5_chunk_1::s3|sentence::MonoDiffusion_p5_chunk_1::s5,monodepth2,,[49] 2018 M 0.149 1.060 5.567 0.226 0.796 0.935 0.975 31.6M DDVO [50] 2018 M 0.151 1.257 5.583 0.228 0.810 0.936 0.974 28.1M Monodepth2-Res18 [15] 2019 M 0.115 0.903 4.863 0.193 0.877 0.959 0.981 14.3M Monodepth2-Res50 [15] 2019 M 0.110 0.831 4.642 0.187
always_clear_depth_sota_comparison_methods,content-only,comparison with state of the art baselines Monodepth2 PackNet SfM RNW md4all DMMDE DefeatNet ADIDS WSGD,sentence-to-chunk,1000,18,False,,0.8655172705650329,data\ACD.pdf,6,ACD_p6_chunk_0,130,1,1,0.7868338823318481,0.7868338823318481,sentence::ACD_p6_chunk_0::s1,md4all_dd,,",PDJH *7 PGDOO'' 2XUV ,PDJH *7 PGDOO'' 2XUV D QX6FHQHV E 2[IRUG5RERW&DU 0RQRGHSWK 0RQRGHSWK Figure 4: Qualitative results on nuScenes [Caesar et al., 2020 ] and RobotCar [Maddern et al., 2017 ]. We compare the ACDepth approach with md4all-DD"
always_clear_depth_sota_comparison_methods,content-only,comparison with state of the art baselines Monodepth2 PackNet SfM RNW md4all DMMDE DefeatNet ADIDS WSGD,sentence-to-chunk,1000,19,False,,0.8517297148704529,data\Single Image Depth Prediction with Wavelet Decomposition.pdf,6,Single_Image_Depth_Prediction_with_Wavelet_Decomposition_p6_chunk_4,65,1,1,0.7742997407913208,0.7742997407913208,sentence::Single_Image_Depth_Prediction_with_Wavelet_Decomposition_p6_chunk_4::s1,,,"20 epochs. Unless otherwise speciﬁed, our ex- periments are done with Resnet50-based model trained with depth hints loss at 320 × 1024 resolution. For NYUv2, we implement a UNet-like baseline similar to DenseDepth [2], and detail its architecture in suppl"
always_clear_depth_sota_comparison_methods,content-only,comparison with state of the art baselines Monodepth2 PackNet SfM RNW md4all DMMDE DefeatNet ADIDS WSGD,sentence-to-chunk,1000,20,False,,0.8511873602867126,data\Monocular Depth Estimation.pdf,17,Monocular_Depth_Estimation_p17_chunk_2,155,1,1,0.7738066911697388,0.7738066911697388,sentence::Monocular_Depth_Estimation_p17_chunk_2::s0,monodepth2,,4 0.979 Monodepth2⇒ Separate ResNet 2 ✓ 0.115 0.919 4.863 0.193 0.877 0.959 0.981 Separate ResNet 3 ✓ 0.115 0.902 4.847 0.193 0.877 0.960 0.981 PoseCNN [62] 2 0.147 1.164 5.445 0.221 0.818 0.940 0.974 PoseCNN [62] 3 0.147 1.117 5.403 0.222 0.815 0.940 0.97
always_clear_depth_sota_comparison_methods,content-only,comparison with state of the art baselines Monodepth2 PackNet SfM RNW md4all DMMDE DefeatNet ADIDS WSGD,sentence-to-chunk,1000,21,False,,0.8511316299438476,data\Robust Monocular Depth Estimation under Challenging Conditions.pdf,8,Robust_Monocular_Depth_Estimation_under_Challenging_Conditions_p8_chunk_8,74,1,1,0.7737560272216797,0.7737560272216797,sentence::Robust_Monocular_Depth_Estimation_under_Challenging_Conditions_p8_chunk_8::s0,"monodepth2,md4all_dd,wsgd",,"n in the dark are evident. Monodepth2 had fewer issues input image WSGD md4all [ours] Figure 6. Comparison on RobotCar [23] samples between ours self-supervised and WSGD [37]. Ouputs of WSGD are from [37]. with brighter night samples, as shown in the Appen"
always_clear_depth_sota_comparison_methods,content-only,comparison with state of the art baselines Monodepth2 PackNet SfM RNW md4all DMMDE DefeatNet ADIDS WSGD,sentence-to-chunk,1000,22,False,,0.8452259182929993,data\dav2.pdf,17,dav2_p17_chunk_9,104,1,1,0.7683871984481812,0.7683871984481812,sentence::dav2_p17_chunk_9::s6,,,test benchmarks . . . . . . . . . . . . . . . . . . . . . . . . . 22 C DA-2K Evaluation Benchmark 22 C.1 Per-scenario accuracy . . . . . . . . . . . . . . . . . . . . . . . . . . . . . . . . . 22 C.2 Comparison with the DIW dataset . . . . . . . . . . . .
always_clear_depth_sota_comparison_methods,content-only,comparison with state of the art baselines Monodepth2 PackNet SfM RNW md4all DMMDE DefeatNet ADIDS WSGD,sentence-to-chunk,1000,23,False,,0.8446118354797363,data\Monocular Depth Estimation.pdf,14,Monocular_Depth_Estimation_p14_chunk_16,71,1,1,0.7678289413452148,0.7678289413452148,sentence::Monocular_Depth_Estimation_p14_chunk_16::s2,,,"h [47] comes a close sec- ond to our algorithm in the S category, they are run at high resolution (1024× 384 vs. our 640× 192), and in Table 1 we show that at higher resolutions our model’s performance also increases. D.2. Single-Scale Evaluation Our monoc"
always_clear_depth_sota_comparison_methods,content-only,comparison with state of the art baselines Monodepth2 PackNet SfM RNW md4all DMMDE DefeatNet ADIDS WSGD,sentence-to-chunk,1000,24,False,,0.8403762638568878,data\Single Image Depth Prediction with Wavelet Decomposition.pdf,13,Single_Image_Depth_Prediction_with_Wavelet_Decomposition_p13_chunk_14,94,1,1,0.7639784216880798,0.7639784216880798,sentence::Single_Image_Depth_Prediction_with_Wavelet_Decomposition_p13_chunk_14::s1,,,"econv2LeakyReLU(0.2) iconv1 3 1 69 2 ↑iconv2, econv1LeakyReLU(0.2) outconv01 1 1 2 iconv1 Linear Table 7: Architecture of our DenseNet baseline decoder for experiments on the NYUv2 [58] dataset Note that as in DenseDepth [2] we produce a depth map at half"
always_clear_depth_sota_comparison_methods,content-only,comparison with state of the art baselines Monodepth2 PackNet SfM RNW md4all DMMDE DefeatNet ADIDS WSGD,sentence-to-chunk,1000,25,False,,0.8384944140911103,data\ACD.pdf,6,ACD_p6_chunk_4,160,1,1,0.7622676491737366,0.7622676491737366,sentence::ACD_p6_chunk_4::s2,"packnet_sfm,rnw",,"., 2019 ] M∗ d 0.1374 6.692 85.00 0.2828 9.729 51.83 0.1727 7.743 77.57 PackNet-SfM [Guizilini et al., 2020 ] Mv d 0.1567 7.230 82.64 0.2617 11.063 56.64 0.1645 8.288 77.07 RNW [Wang et al., 2021 ] M∗ dn 0.2872 9.185 56.21 0.3333 10.098 43.72 0.2952 9.341"
always_clear_depth_sota_comparison_methods,content-only,comparison with state of the art baselines Monodepth2 PackNet SfM RNW md4all DMMDE DefeatNet ADIDS WSGD,sentence-to-chunk,1000,26,False,,0.8378297805786132,data\Robust Monocular Depth Estimation under Challenging Conditions.pdf,8,Robust_Monocular_Depth_Estimation_under_Challenging_Conditions_p8_chunk_11,56,1,1,0.7616634368896484,0.7616634368896484,sentence::Robust_Monocular_Depth_Estimation_under_Challenging_Conditions_p8_chunk_11::s1,md4all_dd,,"in Table 2, our md4all de- livered better and sharper estimates in both conditions, cor- rectly estimating the people’s distance. Limitations md4all improves in all tested conditions, but DD may propagate errors from the baseline. Thus, a stronger baseline"
always_clear_depth_sota_comparison_methods,content-only,comparison with state of the art baselines Monodepth2 PackNet SfM RNW md4all DMMDE DefeatNet ADIDS WSGD,sentence-to-chunk,1000,27,False,,0.8349551439285279,data\Monocular Depth Estimation.pdf,17,Monocular_Depth_Estimation_p17_chunk_3,148,1,1,0.7590501308441162,0.7590501308441162,sentence::Monocular_Depth_Estimation_p17_chunk_3::s6,monodepth2,,0.221 0.818 0.940 0.974 PoseCNN [62] 3 0.147 1.117 5.403 0.222 0.815 0.940 0.976 Shared encoder (arXiv v1) 2 0.149 1.153 5.567 0.229 0.807 0.934 0.972 Shared encoder (arXiv v1) 3 0.145 1.159 5.482 0.224 0.818 0.937 0.973 Monodepth2⇒ Separate ResNet 2 0.13
always_clear_depth_sota_comparison_methods,content-only,comparison with state of the art baselines Monodepth2 PackNet SfM RNW md4all DMMDE DefeatNet ADIDS WSGD,sentence-to-chunk,1000,28,False,,0.832843029499054,data\Monocular Depth Estimation.pdf,17,Monocular_Depth_Estimation_p17_chunk_1,149,1,1,0.7571300268173218,0.7571300268173218,sentence::Monocular_Depth_Estimation_p17_chunk_1::s5,monodepth2,,148 1.211 5.595 0.219 0.815 0.942 0.976 Shared encoder (arXiv v1) 2 ✓ 0.125 0.986 5.070 0.201 0.857 0.954 0.979 Shared encoder (arXiv v1) 3 ✓ 0.123 1.031 5.052 0.199 0.863 0.954 0.979 Monodepth2⇒ Separate ResNet 2 ✓ 0.115 0.919 4.863 0.193 0.877 0.959 0.98
always_clear_depth_sota_comparison_methods,content-only,comparison with state of the art baselines Monodepth2 PackNet SfM RNW md4all DMMDE DefeatNet ADIDS WSGD,sentence-to-chunk,1000,29,False,,0.8302007555961609,data\Single Image Depth Prediction with Wavelet Decomposition.pdf,8,Single_Image_Depth_Prediction_with_Wavelet_Decomposition_p8_chunk_3,145,1,1,0.7547279596328735,0.7547279596328735,sentence::Single_Image_Depth_Prediction_with_Wavelet_Decomposition_p8_chunk_3::s4,monodepth2,,876 0.957 0.980 Depth Hints Resnet50  SSGM 192×640 0.102 0.762 4.602 0.189 0.880 0.960 0.981 WaveletMonodepthResnet50  SSGM 192×640 0.105 0.813 4.625 0.191 0.879 0.959 0.981 [18] Monodepth2 Resnet18  MS 192×640 0.104 0.786 4.687 0.194 0.876 0.958 0.980
always_clear_depth_sota_comparison_methods,content-only,comparison with state of the art baselines Monodepth2 PackNet SfM RNW md4all DMMDE DefeatNet ADIDS WSGD,sentence-to-chunk,1000,30,False,,0.8295639872550964,data\Monocular Depth Estimation.pdf,17,Monocular_Depth_Estimation_p17_chunk_4,126,1,1,0.7541490793228149,0.7541490793228149,sentence::Monocular_Depth_Estimation_p17_chunk_4::s1,monodepth2,,) 3 0.145 1.159 5.482 0.224 0.818 0.937 0.973 Monodepth2⇒ Separate ResNet 2 0.132 1.044 5.142 0.210 0.845 0.948 0.977 Separate ResNet 3 0.132 1.017 5.169 0.211 0.842 0.947 0.977 Table 12. Ablation of the effect of pose networks on depth prediction. Results
always_clear_depth_sota_comparison_methods,content-only,comparison with state of the art baselines Monodepth2 PackNet SfM RNW md4all DMMDE DefeatNet ADIDS WSGD,sentence-to-chunk,1000,31,False,,0.8283717513084412,data\Single Image Depth Prediction with Wavelet Decomposition.pdf,8,Single_Image_Depth_Prediction_with_Wavelet_Decomposition_p8_chunk_4,141,1,1,0.7530652284622192,0.7530652284622192,sentence::Single_Image_Depth_Prediction_with_Wavelet_Decomposition_p8_chunk_4::s0,monodepth2,,[18] Monodepth2 Resnet18  MS 192×640 0.104 0.786 4.687 0.194 0.876 0.958 0.980 WaveletMonodepthResnet18  MS 192×640 0.109 0.814 4.808 0.198 0.868 0.955 0.980 [63] Depth Hints  MS +SSGM 192×640 0.105 0.769 4.627 0.189 0.875 0.959 0.982 WaveletMonodepthRe
always_clear_depth_sota_comparison_methods,content-only,comparison with state of the art baselines Monodepth2 PackNet SfM RNW md4all DMMDE DefeatNet ADIDS WSGD,sentence-to-chunk,1000,32,False,,0.8267867803573609,data\dav2.pdf,8,dav2_p8_chunk_23,44,1,1,0.751624345779419,0.751624345779419,sentence::dav2_p8_chunk_23::s0,,,"benchmarks. Performance on our proposed benchmark DA-2K. As shown in Table 3, on our proposed bench- mark with diverse scenes, even our smallest model is significantly better than other heavy SD-based 8"
always_clear_depth_sota_comparison_methods,content-only,comparison with state of the art baselines Monodepth2 PackNet SfM RNW md4all DMMDE DefeatNet ADIDS WSGD,sentence-to-chunk,1000,33,False,,0.8267518997192382,data\Global-Local.pdf,6,Global-Local_p6_chunk_8,55,1,1,0.7515926361083984,0.7515926361083984,sentence::Global-Local_p6_chunk_8::s0,,,"mputationally demanding decoders, we construct simple baselines and compare them with ours. Baseline-Dconv consists of consecutive deconvolution-batch normalization-ReLU blocks to obtain the desired depth map. In addition, Baseline-UNet is an improved stru"
always_clear_depth_sota_comparison_methods,content-only,comparison with state of the art baselines Monodepth2 PackNet SfM RNW md4all DMMDE DefeatNet ADIDS WSGD,sentence-to-chunk,1000,34,False,,0.8251473248004914,data\Repurposing Diffusion-Based Image Generators for Monocular Depth Estimation.pdf,6,Repurposing_Diffusion-Based_Image_Generators_for_Monocular_Depth_Estimation_p6_chunk_2,138,1,1,0.7501339316368103,0.7501339316368103,sentence::Repurposing_Diffusion-Based_Image_Generators_for_Monocular_Depth_Estimation_p6_chunk_2::s0,,,hod # Training samples NYUv2 KITTI ETH3D ScanNet DIODE Avg. RankReal Synthetic AbsRel ↓ δ1↑ AbsRel↓ δ1↑ AbsRel↓ δ1↑ AbsRel↓ δ1↑ AbsRel↓ δ1↑ DiverseDepth [56] 320K — 11.7 87.5 19.0 70.4 22.8 69.4 10.9 88.2 37.6 63.1 7.6 MiDaS [35] 2M — 11.1 88.5 23.6 63.0 1
always_clear_depth_sota_comparison_methods,content-only,comparison with state of the art baselines Monodepth2 PackNet SfM RNW md4all DMMDE DefeatNet ADIDS WSGD,sentence-to-chunk,1000,35,False,,0.8245677292346955,data\dav2.pdf,17,dav2_p17_chunk_10,112,1,1,0.7496070265769958,0.7496070265769958,sentence::dav2_p17_chunk_10::s0,,,. . . . . . . . . 22 C.2 Comparison with the DIW dataset . . . . . . . . . . . . . . . . . . . . . . . . . . . 22 C.3 Annotation details . . . . . . . . . . . . . . . . . . . . . . . . . . . . . . . . . . . 23 C.4 Visualization . . . . . . . . . . . . . .
always_clear_depth_sota_comparison_methods,content-only,comparison with state of the art baselines Monodepth2 PackNet SfM RNW md4all DMMDE DefeatNet ADIDS WSGD,sentence-to-chunk,1000,36,False,,0.8240715324878692,data\Lite-Mono.pdf,6,Lite-Mono_p6_chunk_13,121,1,1,0.7491559386253357,0.7491559386253357,sentence::Lite-Mono_p6_chunk_13::s4,,,84 8.7M MonoViT-tiny [43] 2022 M 0.102 0.733 4.459 0.177 0.895 0.965 0.984 10.3M Lite-Mono-8M (Ours)2023 M 0.101 0.729 4.454 0.178 0.897 0.965 0.983 8.7M Table 2. Comparison of Lite-Mono with some recent representative methods on the KITTI benchmark using
always_clear_depth_sota_comparison_methods,content-only,comparison with state of the art baselines Monodepth2 PackNet SfM RNW md4all DMMDE DefeatNet ADIDS WSGD,sentence-to-chunk,1000,37,False,,0.824039077758789,data\PrimeDepth- Efficient Monocular Depth  Estimation with a Stable Diffusion Preimage.pdf,4,PrimeDepth-_Efficient_Monocular_Depth_Estimation_with_a_Stable_Diffusion_Preimage_p4_chunk_20,67,1,1,0.7491264343261719,0.7491264343261719,sentence::PrimeDepth-_Efficient_Monocular_Depth_Estimation_with_a_Stable_Diffusion_Preimage_p4_chunk_20::s2,,,"s and perceptual loss, the baselines include SNR-aware [41] and CID-Net [42], both of which incorpo- rate perceptual loss. All baselines and their original loss functions are listed in Table 1: Table 1. Baselines and Their Loss Functions Method Loss Functi"
always_clear_depth_sota_comparison_methods,content-only,comparison with state of the art baselines Monodepth2 PackNet SfM RNW md4all DMMDE DefeatNet ADIDS WSGD,sentence-to-chunk,1000,38,False,,0.8227113842964172,data\Single Image Depth Prediction with Wavelet Decomposition.pdf,8,Single_Image_Depth_Prediction_with_Wavelet_Decomposition_p8_chunk_5,143,1,1,0.7479194402694702,0.7479194402694702,sentence::Single_Image_Depth_Prediction_with_Wavelet_Decomposition_p8_chunk_5::s3,monodepth2,, MS +SSGM 192×640 0.105 0.769 4.627 0.189 0.875 0.959 0.982 WaveletMonodepthResnet18  MS +SSGM 192×640 0.110 0.840 4.741 0.195 0.868 0.956 0.981 [18] Monodepth2 Resnet18  S 320×1024 0.105 0.822 4.692 0.199 0.876 0.954 0.977 WaveletMonodepthResnet18  S
always_clear_depth_sota_comparison_methods,content-only,comparison with state of the art baselines Monodepth2 PackNet SfM RNW md4all DMMDE DefeatNet ADIDS WSGD,sentence-to-chunk,1000,39,False,,0.8224471569061279,data\ACD.pdf,6,ACD_p6_chunk_1,67,1,1,0.7476792335510254,0.7476792335510254,sentence::ACD_p6_chunk_1::s1,"monodepth2,md4all_dd",,"obotCar [Maddern et al., 2017 ]. We compare the ACDepth approach with md4all-DD and MonoDepth2, all of which use the same backbone. To better illustrate the results, the real point cloud is projected onto the original image, and no ground truth (GT) is req"
always_clear_depth_sota_comparison_methods,content-only,comparison with state of the art baselines Monodepth2 PackNet SfM RNW md4all DMMDE DefeatNet ADIDS WSGD,sentence-to-chunk,1000,40,False,,0.8219708919525146,data\Monocular Depth Estimation.pdf,7,Monocular_Depth_Estimation_p7_chunk_6,92,1,1,0.747246265411377,0.747246265411377,sentence::Monocular_Depth_Estimation_p7_chunk_6::s0,monodepth2,,"Monodepth2(full Eigen dataset) ✓ ✓ ✓ ✓ ✓ 0.116 0.918 4.872 0.193 0.874 0.959 0.981 Table 2. Ablation. Results for different variants of our model (Monodepth2) with monocular training on KITTI 2015 [13] using the Eigen split. (a) The baseline model, with n"
always_clear_depth_sota_comparison_methods,content-only,comparison with state of the art baselines Monodepth2 PackNet SfM RNW md4all DMMDE DefeatNet ADIDS WSGD,sentence-to-chunk,1000,41,False,,0.8210599958896637,data\Robust Monocular Depth Estimation under Challenging Conditions.pdf,7,Robust_Monocular_Depth_Estimation_under_Challenging_Conditions_p7_chunk_9,65,1,1,0.7464181780815125,0.7464181780815125,sentence::Robust_Monocular_Depth_Estimation_under_Challenging_Conditions_p7_chunk_9::s1,"monodepth2,md4all_dd",,"wn in Table 1, with all methods performing better with rain than at night. Our self-supervised monocular md4all-DD signif- icantly improved over Monodepth2 and the baseline, per- forming close to the radar-based R4Dyn [8]. Fully-supervised Table 1 reports"
always_clear_depth_sota_comparison_methods,content-only,comparison with state of the art baselines Monodepth2 PackNet SfM RNW md4all DMMDE DefeatNet ADIDS WSGD,sentence-to-chunk,1000,42,False,,0.8208850026130676,data\Lite-Mono.pdf,7,Lite-Mono_p7_chunk_17,82,1,1,0.7462590932846069,0.7462590932846069,sentence::Lite-Mono_p7_chunk_17::s2,monodepth2,,o input Monodepth2 R-MSFM6 Lite-Mono (Ours) Figure 5. Qualitative results on the Make3D dataset.Lite-Mono is compared to Monodepth2 [15] and R-MSFM [46]. Lite-Mono can perceive different sizes of objects. NVIDIA TITAN Xp and a Jetson Xavier and are compare
always_clear_depth_sota_comparison_methods,content-only,comparison with state of the art baselines Monodepth2 PackNet SfM RNW md4all DMMDE DefeatNet ADIDS WSGD,sentence-to-chunk,1000,43,False,,0.8188151121139526,data\Single Image Depth Prediction with Wavelet Decomposition.pdf,13,Single_Image_Depth_Prediction_with_Wavelet_Decomposition_p13_chunk_18,95,1,1,0.7443773746490479,0.7443773746490479,sentence::Single_Image_Depth_Prediction_with_Wavelet_Decomposition_p13_chunk_18::s1,,,"predictions iconv2 3 1 138 4 ↑iconv2, econv2LeakyReLU(0.2) wave2 3 1 3 4 iconv2 Linear IDWT1 - - 1 2 IDWT2, wave2 - Table 8: Our decoder network architecture for experiments on the NYUv2 [58] datasetNote that since like in DenseDepth [2] we produce a dept"
always_clear_depth_sota_comparison_methods,content-only,comparison with state of the art baselines Monodepth2 PackNet SfM RNW md4all DMMDE DefeatNet ADIDS WSGD,sentence-to-chunk,1000,44,False,,0.8185672760009766,data\Jasmine.pdf,8,Jasmine_p8_chunk_6,156,1,1,0.7441520690917969,0.7441520690917969,sentence::Jasmine_p8_chunk_6::s2,monodepth2,,smine* - Mono KH(68K+0) 0.102 0.540 3.728 0.162 0.907 0.973 0.987 Monodepth2[15]ICCV2019 Mono K(40K+0) 0.115 0.882 4.701 0.190 0.879 0.961 0.982HR-Depth[31] AAAI2021 Mono K(40K+0) 0.106 0.755 4.472 0.181 0.892 0.966 0.984R-MSFM6[72]ICCV2021 Mono K(40K+0) 0
always_clear_depth_sota_comparison_methods,content-only,comparison with state of the art baselines Monodepth2 PackNet SfM RNW md4all DMMDE DefeatNet ADIDS WSGD,sentence-to-chunk,1000,45,False,,0.818422508239746,data\PrimeDepth- Efficient Monocular Depth  Estimation with a Stable Diffusion Preimage.pdf,11,PrimeDepth-_Efficient_Monocular_Depth_Estimation_with_a_Stable_Diffusion_Preimage_p11_chunk_9,58,1,1,0.7440204620361328,0.7440204620361328,sentence::PrimeDepth-_Efficient_Monocular_Depth_Estimation_with_a_Stable_Diffusion_Preimage_p11_chunk_9::s2,,,baseline and the GT-mean loss variant were both trained using the settings for for LOL datasets outlined in [41]. The Charbonnier loss and perceptual loss used in the baseline were extended to GT-mean loss in the variant. CID-Net. Both the baseline and th
always_clear_depth_sota_comparison_methods,content-only,comparison with state of the art baselines Monodepth2 PackNet SfM RNW md4all DMMDE DefeatNet ADIDS WSGD,sentence-to-chunk,1000,46,False,,0.8177199125289917,data\Monocular Depth Estimation.pdf,1,Monocular_Depth_Estimation_p1_chunk_12,71,1,1,0.7433817386627197,0.7433817386627197,sentence::Monocular_Depth_Estimation_p1_chunk_12::s1,monodepth2,,"ng large and varied training datasets with accurateground truth depth for supervised learning [55, 9] is itself a formidable challenge. As an alternative, several recent self-supervised Input Monodepth2 (M) Monodepth2 (S) Monodepth2 (MS) Zhou et al. [76]"
always_clear_depth_sota_comparison_methods,content-only,comparison with state of the art baselines Monodepth2 PackNet SfM RNW md4all DMMDE DefeatNet ADIDS WSGD,sentence-to-chunk,1000,47,False,,0.8176795244216919,data\Single Image Depth Prediction with Wavelet Decomposition.pdf,8,Single_Image_Depth_Prediction_with_Wavelet_Decomposition_p8_chunk_13,116,1,1,0.7433450222015381,0.7433450222015381,sentence::Single_Image_Depth_Prediction_with_Wavelet_Decomposition_p8_chunk_13::s3,,,8451 0.9681 0.9917 1.8070 7.1073 WaveletMonodepth (η = 0.04) 480 × 640 0.1259 0.5517 0.0543 0.8450 0.9681 0.9917 1.8790 7.0746 Table 4: Quantitative results on NYUv2 [58] We compare our DenseDepth [2]-inspired baseline to our implementation with wavelets a
always_clear_depth_sota_comparison_methods,content-only,comparison with state of the art baselines Monodepth2 PackNet SfM RNW md4all DMMDE DefeatNet ADIDS WSGD,sentence-to-chunk,1000,48,False,,0.8170465588569641,data\MonoDiffusion.pdf,5,MonoDiffusion_p5_chunk_9,165,1,1,0.7427695989608765,0.7427695989608765,sentence::MonoDiffusion_p5_chunk_9::s2,monodepth2,,.859 0.953 0.980 3.1M MonoDiffusion (ours) 2023 M† 0.119 0.843 4.868 0.196 0.858 0.955 0.981 3.1M Monodepth2-Res18 [15] 2019 M* 0.115 0.882 4.701 0.190 0.879 0.961 0.982 14.3M R-MSFM3 [53] 2021 M* 0.112 0.773 4.581 0.189 0.879 0.960 0.982 3.5M R-MSFM6 [53]
always_clear_depth_sota_comparison_methods,content-only,comparison with state of the art baselines Monodepth2 PackNet SfM RNW md4all DMMDE DefeatNet ADIDS WSGD,sentence-to-chunk,1000,49,False,,0.8165469527244568,data\Robust Monocular Depth Estimation under Challenging Conditions.pdf,6,Robust_Monocular_Depth_Estimation_under_Challenging_Conditions_p6_chunk_21,77,1,1,0.742315411567688,0.742315411567688,sentence::Robust_Monocular_Depth_Estimation_under_Challenging_Conditions_p6_chunk_21::s3,"monodepth2,md4all_dd",,"d T c directly on its training set. We share publicly all generated hc i images. Prior works and baselines We compared ours with a variety of works [8, 11, 12, 38, 37, 22, 33, 1]. We applied ours on the self-supervised Monodepth2-based baseline of Section"
always_clear_depth_sota_comparison_methods,content-only,comparison with state of the art baselines Monodepth2 PackNet SfM RNW md4all DMMDE DefeatNet ADIDS WSGD,sentence-to-chunk,1000,50,False,,0.8161978840827941,data\Robust Monocular Depth Estimation under Challenging Conditions.pdf,6,Robust_Monocular_Depth_Estimation_under_Challenging_Conditions_p6_chunk_1,156,1,1,0.7419980764389038,0.7419980764389038,sentence::Robust_Monocular_Depth_Estimation_under_Challenging_Conditions_p6_chunk_1::s3,"monodepth2,packnet_sfm,md4all_dd",,32.940 10.54 0.4114 9.442 60.58 Monodepth2 [11] M ∗ d 0.1374 6.692 85.00 0.2828 .......9.729 51.83 0.1727 7.743 77.57 PackNet-SfM [12] Mv d 0.1567 7.230 82.64 0.2617 11.063 56.64 0.1645 8.288 77.07 R4Dyn w/o r in [8] Mv r d 0.1296 6.536 ......85.76 0.2731
always_clear_depth_sota_comparison_methods,content-only,comparison with state of the art baselines Monodepth2 PackNet SfM RNW md4all DMMDE DefeatNet ADIDS WSGD,sentence-to-chunk,1500,1,True,1,1.008118861913681,data\Monocular Depth Estimation.pdf,13,Monocular_Depth_Estimation_p13_chunk_6,146,3,3,0.7771247029304504,2.309941589832306,sentence::Monocular_Depth_Estimation_p13_chunk_6::s2|sentence::Monocular_Depth_Estimation_p13_chunk_6::s6|sentence::Monocular_Depth_Estimation_p13_chunk_6::s4,,,Net18 w/o pt ✓ ✓ ✓ R18 0.132 1.044 5.142 0.210 0.845 0.948 0.977 Monodepth2ResNet18 ✓ ✓ ✓ R18 ✓ 0.115 0.903 4.863 0.193 0.877 0.959 0.981 Monodepth2ResNet 50 w/o pt ✓ ✓ ✓ R50 0.131 1.023 5.064 0.206 0.849 0.951 0.979 Monodepth2ResNet 50 ✓ ✓ ✓ R50 ✓ 0.110 0
always_clear_depth_sota_comparison_methods,content-only,comparison with state of the art baselines Monodepth2 PackNet SfM RNW md4all DMMDE DefeatNet ADIDS WSGD,sentence-to-chunk,1500,2,True,2,0.9907347321510315,data\Monocular Depth Estimation.pdf,7,Monocular_Depth_Estimation_p7_chunk_1,129,3,3,0.7697665691375732,2.2096816301345825,sentence::Monocular_Depth_Estimation_p7_chunk_1::s6|sentence::Monocular_Depth_Estimation_p7_chunk_1::s0|sentence::Monocular_Depth_Estimation_p7_chunk_1::s4,monodepth2,,0.946 0.973 Baseline + min reproj. ✓ ✓ 0.122 1.081 5.116 0.199 0.866 0.957 0.980 Baseline + automasking ✓ 0.124 0.936 5.010 0.206 0.858 0.952 0.977 Baseline + full-res m.s. ✓ ✓ 0.124 1.170 5.249 0.203 0.865 0.953 0.978 Monodepth2 w/o min reprojection ✓ ✓ ✓
always_clear_depth_sota_comparison_methods,content-only,comparison with state of the art baselines Monodepth2 PackNet SfM RNW md4all DMMDE DefeatNet ADIDS WSGD,sentence-to-chunk,1500,3,True,3,0.9684264659881592,data\Monocular Depth Estimation.pdf,13,Monocular_Depth_Estimation_p13_chunk_1,136,3,3,0.7479082345962524,2.2051823139190674,sentence::Monocular_Depth_Estimation_p13_chunk_1::s0|sentence::Monocular_Depth_Estimation_p13_chunk_1::s4|sentence::Monocular_Depth_Estimation_p13_chunk_1::s2,monodepth2,,0.973 Monodepth2 w/o min reprojection ✓ ✓ R18 ✓ 0.117 0.878 4.846 0.196 0.870 0.957 0.980 Monodepth2 w/o auto-masking ✓ ✓ R18 ✓ 0.120 1.097 5.074 0.197 0.872 0.956 0.979 Monodepth2 w/o full-res m.s. ✓ ✓ R18 ✓ 0.117 0.866 4.864 0.196 0.871 0.957 0.981 Mono
always_clear_depth_sota_comparison_methods,content-only,comparison with state of the art baselines Monodepth2 PackNet SfM RNW md4all DMMDE DefeatNet ADIDS WSGD,sentence-to-chunk,1500,4,True,4,0.9248403906822205,data\Monocular Depth Estimation.pdf,15,Monocular_Depth_Estimation_p15_chunk_6,88,2,2,0.7720921039581299,1.5274828672409058,sentence::Monocular_Depth_Estimation_p15_chunk_6::s0|sentence::Monocular_Depth_Estimation_p15_chunk_6::s1,monodepth2,,Monodepth2 MS 15.07 4.16 11.64 15.27 Monodepth2(ResNet 50)MS 14.41 3.67 11.22 14.73 Table 9. KITTI depth prediction benchmark. Comparison of our monocular plus stereo approaches to fully supervised methods on the KITTI depth prediction benchmark [27]. D in
always_clear_depth_sota_comparison_methods,content-only,comparison with state of the art baselines Monodepth2 PackNet SfM RNW md4all DMMDE DefeatNet ADIDS WSGD,sentence-to-chunk,1500,5,True,5,0.9046493589878082,data\Lite-Mono.pdf,6,Lite-Mono_p6_chunk_1,161,2,2,0.7545779943466187,1.5007136464118958,sentence::Lite-Mono_p6_chunk_1::s4|sentence::Lite-Mono_p6_chunk_1::s2,monodepth2,,6 0.935 0.975 31.6M DDVO [36] 2018 M 0.151 1.257 5.583 0.228 0.810 0.936 0.974 28.1M Monodepth2-Res18 [15] 2019 M0.115 0.903 4.863 0.193 0.877 0.959 0.981 14.3M Monodepth2-Res50 [15] 2019 M0.110 0.831 4.642 0.187 0.883 0.962 0.982 32.5M SGDepth [21] 2020 M
always_clear_depth_sota_comparison_methods,content-only,comparison with state of the art baselines Monodepth2 PackNet SfM RNW md4all DMMDE DefeatNet ADIDS WSGD,sentence-to-chunk,1500,6,True,6,0.9045184791088104,data\Monocular Depth Estimation.pdf,13,Monocular_Depth_Estimation_p13_chunk_2,143,2,2,0.7545077800750732,1.5001069903373718,sentence::Monocular_Depth_Estimation_p13_chunk_2::s6|sentence::Monocular_Depth_Estimation_p13_chunk_2::s2,monodepth2,,epth2 w/o full-res m.s. ✓ ✓ R18 ✓ 0.117 0.866 4.864 0.196 0.871 0.957 0.981 Monodepth2 w/o SSIM ✓ ✓ ✓ R18 ✓ 0.118 0.853 4.824 0.198 0.868 0.956 0.980 Monodepth2 with [76]’s mask ✓ ✓ R18 ✓ 0.123 1.177 5.210 0.200 0.869 0.955 0.978 Monodepth2(full) ✓ ✓ ✓ R18
always_clear_depth_sota_comparison_methods,content-only,comparison with state of the art baselines Monodepth2 PackNet SfM RNW md4all DMMDE DefeatNet ADIDS WSGD,sentence-to-chunk,1500,7,True,7,0.8869008123874664,data\MonoDiffusion.pdf,5,MonoDiffusion_p5_chunk_7,167,2,2,0.7403866052627563,1.4651420712471008,sentence::MonoDiffusion_p5_chunk_7::s0|sentence::MonoDiffusion_p5_chunk_7::s2,monodepth2,,0.984 3.1M Monodepth2-Res18 [15] 2019 M† 0.132 1.044 5.142 0.210 0.845 0.948 0.977 14.3M Monodepth2-Res50 [15] 2019 M† 0.131 1.023 5.064 0.206 0.849 0.951 0.979 32.5M R-MSFM3 [53] 2021 M† 0.128 0.965 5.019 0.207 0.853 0.951 0.977 3.5M R-MSFM6 [53] 2021 M†
always_clear_depth_sota_comparison_methods,content-only,comparison with state of the art baselines Monodepth2 PackNet SfM RNW md4all DMMDE DefeatNet ADIDS WSGD,sentence-to-chunk,1500,8,True,8,0.8851323425769806,data\Monocular Depth Estimation.pdf,13,Monocular_Depth_Estimation_p13_chunk_4,138,2,2,0.7382786273956299,1.468537151813507,sentence::Monocular_Depth_Estimation_p13_chunk_4::s2|sentence::Monocular_Depth_Estimation_p13_chunk_4::s4,monodepth2,,27 0.938 0.971 Monodepth2 w/o pt or auto-masking ✓ ✓ R18 0.138 1.197 5.369 0.215 0.842 0.945 0.975 Monodepth2 w/o pt or min reproj ✓ ✓ R18 0.133 1.021 5.219 0.214 0.841 0.945 0.976 Monodepth2 w/o pt or full-res m.s. ✓ ✓ R18 0.131 1.030 5.206 0.210 0.846 0.
always_clear_depth_sota_comparison_methods,content-only,comparison with state of the art baselines Monodepth2 PackNet SfM RNW md4all DMMDE DefeatNet ADIDS WSGD,sentence-to-chunk,1500,9,True,9,0.8828627526760101,data\dav2.pdf,22,dav2_p22_chunk_6,61,2,2,0.7371256947517395,1.4573705792427063,sentence::dav2_p22_chunk_6::s3|sentence::dav2_p22_chunk_6::s2,,,alitative results on test benchmarks Please refer to Figure 18. Our model is consistently better than V1 [89] on standard benchmarks. C DA-2K Evaluation Benchmark C.1 Per-scenario accuracy We report the per-scenario accuracy on our DA-2K evaluation benchma
always_clear_depth_sota_comparison_methods,content-only,comparison with state of the art baselines Monodepth2 PackNet SfM RNW md4all DMMDE DefeatNet ADIDS WSGD,sentence-to-chunk,1500,10,True,10,0.8827396988868713,data\Single Image Depth Prediction with Wavelet Decomposition.pdf,8,Single_Image_Depth_Prediction_with_Wavelet_Decomposition_p8_chunk_0,132,2,2,0.7367715835571289,1.4596811532974243,sentence::Single_Image_Depth_Prediction_with_Wavelet_Decomposition_p8_chunk_0::s5|sentence::Single_Image_Depth_Prediction_with_Wavelet_Decomposition_p8_chunk_0::s1,monodepth2,,Cit. Method PP Data H ×W Abs Rel Sq Rel RMSE RMSE log δ<1.25 δ<1.252 δ<1.253 [18] Monodepth2 Resnet18  S 192×640 0.108 0.842 4.891 0.207 0.866 0.949 0.976 WaveletMonodepthResnet18  S 192×640 0.110 0.876 4.916 0.206 0.864 0.950 0.976 Monodepth2 Resnet50 
always_clear_depth_sota_comparison_methods,content-only,comparison with state of the art baselines Monodepth2 PackNet SfM RNW md4all DMMDE DefeatNet ADIDS WSGD,sentence-to-chunk,1500,11,True,11,0.8805522441864013,data\Monocular Depth Estimation.pdf,13,Monocular_Depth_Estimation_p13_chunk_7,113,2,2,0.7342938184738159,1.4625842571258545,sentence::Monocular_Depth_Estimation_p13_chunk_7::s1|sentence::Monocular_Depth_Estimation_p13_chunk_7::s3,monodepth2,,.131 1.023 5.064 0.206 0.849 0.951 0.979 Monodepth2ResNet 50 ✓ ✓ ✓ R50 ✓ 0.110 0.831 4.642 0.187 0.883 0.962 0.982 Table 6. Ablation. Results for different variants of our model (Monodepth2) with monocular training (except where speciﬁed) on KITTI 2015 [13
always_clear_depth_sota_comparison_methods,content-only,comparison with state of the art baselines Monodepth2 PackNet SfM RNW md4all DMMDE DefeatNet ADIDS WSGD,sentence-to-chunk,1500,12,True,12,0.8803157091140748,data\Jasmine.pdf,8,Jasmine_p8_chunk_20,61,1,1,0.8002870082855225,0.8002870082855225,sentence::Jasmine_p8_chunk_20::s0,monodepth2,,"number of comparison datasets and the unavailability of some models’ open-source code, we only compare with Monodepth2 (the most classic model), MonoViT (renowned for its robustness), MonoViFi (the latest model), and Weath- erDepth (trained with additional"
always_clear_depth_sota_comparison_methods,content-only,comparison with state of the art baselines Monodepth2 PackNet SfM RNW md4all DMMDE DefeatNet ADIDS WSGD,sentence-to-chunk,1500,13,False,,0.8771021962165833,data\Monocular Depth Estimation.pdf,13,Monocular_Depth_Estimation_p13_chunk_5,142,2,2,0.7311620712280273,1.459401249885559,sentence::Monocular_Depth_Estimation_p13_chunk_5::s4|sentence::Monocular_Depth_Estimation_p13_chunk_5::s0,monodepth2,,.976 Monodepth2 w/o pt or full-res m.s. ✓ ✓ R18 0.131 1.030 5.206 0.210 0.846 0.948 0.978 Monodepth2w/o pt ✓ ✓ ✓ R18 0.132 1.044 5.142 0.210 0.845 0.948 0.977 (c) Monodepth2ResNet18 w/o pt ✓ ✓ ✓ R18 0.132 1.044 5.142 0.210 0.845 0.948 0.977 Monodepth2ResNe
always_clear_depth_sota_comparison_methods,content-only,comparison with state of the art baselines Monodepth2 PackNet SfM RNW md4all DMMDE DefeatNet ADIDS WSGD,sentence-to-chunk,1500,14,False,,0.8754396796226501,data\Monocular Depth Estimation.pdf,13,Monocular_Depth_Estimation_p13_chunk_8,70,2,2,0.7298648357391357,1.455748438835144,sentence::Monocular_Depth_Estimation_p13_chunk_8::s0|sentence::Monocular_Depth_Estimation_p13_chunk_8::s3,monodepth2,,l (Monodepth2) with monocular training (except where speciﬁed) on KITTI 2015 [13]. Figure 9. Qualitative ablation study. We can see that our model with all components added result in the smallest amount of depth artifacts. ‘Baseline (M)’ is our model witho
always_clear_depth_sota_comparison_methods,content-only,comparison with state of the art baselines Monodepth2 PackNet SfM RNW md4all DMMDE DefeatNet ADIDS WSGD,sentence-to-chunk,1500,15,False,,0.8734627664089203,data\Monocular Depth Estimation.pdf,16,Monocular_Depth_Estimation_p16_chunk_5,143,2,2,0.728127658367157,1.453351080417633,sentence::Monocular_Depth_Estimation_p16_chunk_5::s3|sentence::Monocular_Depth_Estimation_p16_chunk_5::s5,monodepth2,,w/o pretraining MS 0.127 1.031 5.266 0.221 0.836 0.943 0.974 Monodepth2 w/o pretraining + pp MS 0.125 1.000 5.205 0.218 0.837 0.944 0.974 Monodepth2 MS 0.106 0.818 4.750 0.196 0.874 0.957 0.979 Monodepth2 + pp MS 0.104 0.786 4.687 0.194 0.876 0.958 0.980
always_clear_depth_sota_comparison_methods,content-only,comparison with state of the art baselines Monodepth2 PackNet SfM RNW md4all DMMDE DefeatNet ADIDS WSGD,sentence-to-chunk,1500,16,False,,0.8734360933303833,data\Monocular Depth Estimation.pdf,15,Monocular_Depth_Estimation_p15_chunk_5,160,1,1,0.7940328121185303,0.7940328121185303,sentence::Monocular_Depth_Estimation_p15_chunk_5::s5,monodepth2,,9] D 14.74 3.88 11.74 15.63 CSWS [32] D 14.85 3.48 11.84 16.38 DHGRL [74] D 15.47 4.04 12.52 15.72 Monodepth [15] S 22.02 20.58 17.79 21.84 Monodepth2 M 15.57 4.52 12.98 16.70 Monodepth2 MS 15.07 4.16 11.64 15.27 Monodepth2(ResNet 50)MS 14.41 3.67 11.22 14
always_clear_depth_sota_comparison_methods,content-only,comparison with state of the art baselines Monodepth2 PackNet SfM RNW md4all DMMDE DefeatNet ADIDS WSGD,sentence-to-chunk,1500,17,False,,0.8730271756649017,data\MonoDiffusion.pdf,5,MonoDiffusion_p5_chunk_1,162,2,2,0.727729082107544,1.4529809355735779,sentence::MonoDiffusion_p5_chunk_1::s3|sentence::MonoDiffusion_p5_chunk_1::s5,monodepth2,,[49] 2018 M 0.149 1.060 5.567 0.226 0.796 0.935 0.975 31.6M DDVO [50] 2018 M 0.151 1.257 5.583 0.228 0.810 0.936 0.974 28.1M Monodepth2-Res18 [15] 2019 M 0.115 0.903 4.863 0.193 0.877 0.959 0.981 14.3M Monodepth2-Res50 [15] 2019 M 0.110 0.831 4.642 0.187
always_clear_depth_sota_comparison_methods,content-only,comparison with state of the art baselines Monodepth2 PackNet SfM RNW md4all DMMDE DefeatNet ADIDS WSGD,sentence-to-chunk,1500,18,False,,0.8655172705650329,data\ACD.pdf,6,ACD_p6_chunk_0,130,1,1,0.7868338823318481,0.7868338823318481,sentence::ACD_p6_chunk_0::s1,md4all_dd,,",PDJH *7 PGDOO'' 2XUV ,PDJH *7 PGDOO'' 2XUV D QX6FHQHV E 2[IRUG5RERW&DU 0RQRGHSWK 0RQRGHSWK Figure 4: Qualitative results on nuScenes [Caesar et al., 2020 ] and RobotCar [Maddern et al., 2017 ]. We compare the ACDepth approach with md4all-DD"
always_clear_depth_sota_comparison_methods,content-only,comparison with state of the art baselines Monodepth2 PackNet SfM RNW md4all DMMDE DefeatNet ADIDS WSGD,sentence-to-chunk,1500,19,False,,0.8517297148704529,data\Single Image Depth Prediction with Wavelet Decomposition.pdf,6,Single_Image_Depth_Prediction_with_Wavelet_Decomposition_p6_chunk_4,65,1,1,0.7742997407913208,0.7742997407913208,sentence::Single_Image_Depth_Prediction_with_Wavelet_Decomposition_p6_chunk_4::s1,,,"20 epochs. Unless otherwise speciﬁed, our ex- periments are done with Resnet50-based model trained with depth hints loss at 320 × 1024 resolution. For NYUv2, we implement a UNet-like baseline similar to DenseDepth [2], and detail its architecture in suppl"
always_clear_depth_sota_comparison_methods,content-only,comparison with state of the art baselines Monodepth2 PackNet SfM RNW md4all DMMDE DefeatNet ADIDS WSGD,sentence-to-chunk,1500,20,False,,0.8511873602867126,data\Monocular Depth Estimation.pdf,17,Monocular_Depth_Estimation_p17_chunk_2,155,1,1,0.7738066911697388,0.7738066911697388,sentence::Monocular_Depth_Estimation_p17_chunk_2::s0,monodepth2,,4 0.979 Monodepth2⇒ Separate ResNet 2 ✓ 0.115 0.919 4.863 0.193 0.877 0.959 0.981 Separate ResNet 3 ✓ 0.115 0.902 4.847 0.193 0.877 0.960 0.981 PoseCNN [62] 2 0.147 1.164 5.445 0.221 0.818 0.940 0.974 PoseCNN [62] 3 0.147 1.117 5.403 0.222 0.815 0.940 0.97
always_clear_depth_sota_comparison_methods,content-only,comparison with state of the art baselines Monodepth2 PackNet SfM RNW md4all DMMDE DefeatNet ADIDS WSGD,sentence-to-chunk,1500,21,False,,0.8511316299438476,data\Robust Monocular Depth Estimation under Challenging Conditions.pdf,8,Robust_Monocular_Depth_Estimation_under_Challenging_Conditions_p8_chunk_8,74,1,1,0.7737560272216797,0.7737560272216797,sentence::Robust_Monocular_Depth_Estimation_under_Challenging_Conditions_p8_chunk_8::s0,"monodepth2,md4all_dd,wsgd",,"n in the dark are evident. Monodepth2 had fewer issues input image WSGD md4all [ours] Figure 6. Comparison on RobotCar [23] samples between ours self-supervised and WSGD [37]. Ouputs of WSGD are from [37]. with brighter night samples, as shown in the Appen"
always_clear_depth_sota_comparison_methods,content-only,comparison with state of the art baselines Monodepth2 PackNet SfM RNW md4all DMMDE DefeatNet ADIDS WSGD,sentence-to-chunk,1500,22,False,,0.8452259182929993,data\dav2.pdf,17,dav2_p17_chunk_9,104,1,1,0.7683871984481812,0.7683871984481812,sentence::dav2_p17_chunk_9::s6,,,test benchmarks . . . . . . . . . . . . . . . . . . . . . . . . . 22 C DA-2K Evaluation Benchmark 22 C.1 Per-scenario accuracy . . . . . . . . . . . . . . . . . . . . . . . . . . . . . . . . . 22 C.2 Comparison with the DIW dataset . . . . . . . . . . . .
always_clear_depth_sota_comparison_methods,content-only,comparison with state of the art baselines Monodepth2 PackNet SfM RNW md4all DMMDE DefeatNet ADIDS WSGD,sentence-to-chunk,1500,23,False,,0.8446118354797363,data\Monocular Depth Estimation.pdf,14,Monocular_Depth_Estimation_p14_chunk_16,71,1,1,0.7678289413452148,0.7678289413452148,sentence::Monocular_Depth_Estimation_p14_chunk_16::s2,,,"h [47] comes a close sec- ond to our algorithm in the S category, they are run at high resolution (1024× 384 vs. our 640× 192), and in Table 1 we show that at higher resolutions our model’s performance also increases. D.2. Single-Scale Evaluation Our monoc"
always_clear_depth_sota_comparison_methods,content-only,comparison with state of the art baselines Monodepth2 PackNet SfM RNW md4all DMMDE DefeatNet ADIDS WSGD,sentence-to-chunk,1500,24,False,,0.8403762638568878,data\Single Image Depth Prediction with Wavelet Decomposition.pdf,13,Single_Image_Depth_Prediction_with_Wavelet_Decomposition_p13_chunk_14,94,1,1,0.7639784216880798,0.7639784216880798,sentence::Single_Image_Depth_Prediction_with_Wavelet_Decomposition_p13_chunk_14::s1,,,"econv2LeakyReLU(0.2) iconv1 3 1 69 2 ↑iconv2, econv1LeakyReLU(0.2) outconv01 1 1 2 iconv1 Linear Table 7: Architecture of our DenseNet baseline decoder for experiments on the NYUv2 [58] dataset Note that as in DenseDepth [2] we produce a depth map at half"
always_clear_depth_sota_comparison_methods,content-only,comparison with state of the art baselines Monodepth2 PackNet SfM RNW md4all DMMDE DefeatNet ADIDS WSGD,sentence-to-chunk,1500,25,False,,0.8384944140911103,data\ACD.pdf,6,ACD_p6_chunk_4,160,1,1,0.7622676491737366,0.7622676491737366,sentence::ACD_p6_chunk_4::s2,"packnet_sfm,rnw",,"., 2019 ] M∗ d 0.1374 6.692 85.00 0.2828 9.729 51.83 0.1727 7.743 77.57 PackNet-SfM [Guizilini et al., 2020 ] Mv d 0.1567 7.230 82.64 0.2617 11.063 56.64 0.1645 8.288 77.07 RNW [Wang et al., 2021 ] M∗ dn 0.2872 9.185 56.21 0.3333 10.098 43.72 0.2952 9.341"
always_clear_depth_sota_comparison_methods,content-only,comparison with state of the art baselines Monodepth2 PackNet SfM RNW md4all DMMDE DefeatNet ADIDS WSGD,sentence-to-chunk,1500,26,False,,0.8378297805786132,data\Robust Monocular Depth Estimation under Challenging Conditions.pdf,8,Robust_Monocular_Depth_Estimation_under_Challenging_Conditions_p8_chunk_11,56,1,1,0.7616634368896484,0.7616634368896484,sentence::Robust_Monocular_Depth_Estimation_under_Challenging_Conditions_p8_chunk_11::s1,md4all_dd,,"in Table 2, our md4all de- livered better and sharper estimates in both conditions, cor- rectly estimating the people’s distance. Limitations md4all improves in all tested conditions, but DD may propagate errors from the baseline. Thus, a stronger baseline"
always_clear_depth_sota_comparison_methods,content-only,comparison with state of the art baselines Monodepth2 PackNet SfM RNW md4all DMMDE DefeatNet ADIDS WSGD,sentence-to-chunk,1500,27,False,,0.8349551439285279,data\Monocular Depth Estimation.pdf,17,Monocular_Depth_Estimation_p17_chunk_3,148,1,1,0.7590501308441162,0.7590501308441162,sentence::Monocular_Depth_Estimation_p17_chunk_3::s6,monodepth2,,0.221 0.818 0.940 0.974 PoseCNN [62] 3 0.147 1.117 5.403 0.222 0.815 0.940 0.976 Shared encoder (arXiv v1) 2 0.149 1.153 5.567 0.229 0.807 0.934 0.972 Shared encoder (arXiv v1) 3 0.145 1.159 5.482 0.224 0.818 0.937 0.973 Monodepth2⇒ Separate ResNet 2 0.13
always_clear_depth_sota_comparison_methods,content-only,comparison with state of the art baselines Monodepth2 PackNet SfM RNW md4all DMMDE DefeatNet ADIDS WSGD,sentence-to-chunk,1500,28,False,,0.832843029499054,data\Monocular Depth Estimation.pdf,17,Monocular_Depth_Estimation_p17_chunk_1,149,1,1,0.7571300268173218,0.7571300268173218,sentence::Monocular_Depth_Estimation_p17_chunk_1::s5,monodepth2,,148 1.211 5.595 0.219 0.815 0.942 0.976 Shared encoder (arXiv v1) 2 ✓ 0.125 0.986 5.070 0.201 0.857 0.954 0.979 Shared encoder (arXiv v1) 3 ✓ 0.123 1.031 5.052 0.199 0.863 0.954 0.979 Monodepth2⇒ Separate ResNet 2 ✓ 0.115 0.919 4.863 0.193 0.877 0.959 0.98
always_clear_depth_sota_comparison_methods,content-only,comparison with state of the art baselines Monodepth2 PackNet SfM RNW md4all DMMDE DefeatNet ADIDS WSGD,sentence-to-chunk,1500,29,False,,0.8302007555961609,data\Single Image Depth Prediction with Wavelet Decomposition.pdf,8,Single_Image_Depth_Prediction_with_Wavelet_Decomposition_p8_chunk_3,145,1,1,0.7547279596328735,0.7547279596328735,sentence::Single_Image_Depth_Prediction_with_Wavelet_Decomposition_p8_chunk_3::s4,monodepth2,,876 0.957 0.980 Depth Hints Resnet50  SSGM 192×640 0.102 0.762 4.602 0.189 0.880 0.960 0.981 WaveletMonodepthResnet50  SSGM 192×640 0.105 0.813 4.625 0.191 0.879 0.959 0.981 [18] Monodepth2 Resnet18  MS 192×640 0.104 0.786 4.687 0.194 0.876 0.958 0.980
always_clear_depth_sota_comparison_methods,content-only,comparison with state of the art baselines Monodepth2 PackNet SfM RNW md4all DMMDE DefeatNet ADIDS WSGD,sentence-to-chunk,1500,30,False,,0.8295639872550964,data\Monocular Depth Estimation.pdf,17,Monocular_Depth_Estimation_p17_chunk_4,126,1,1,0.7541490793228149,0.7541490793228149,sentence::Monocular_Depth_Estimation_p17_chunk_4::s1,monodepth2,,) 3 0.145 1.159 5.482 0.224 0.818 0.937 0.973 Monodepth2⇒ Separate ResNet 2 0.132 1.044 5.142 0.210 0.845 0.948 0.977 Separate ResNet 3 0.132 1.017 5.169 0.211 0.842 0.947 0.977 Table 12. Ablation of the effect of pose networks on depth prediction. Results
always_clear_depth_sota_comparison_methods,content-only,comparison with state of the art baselines Monodepth2 PackNet SfM RNW md4all DMMDE DefeatNet ADIDS WSGD,sentence-to-chunk,1500,31,False,,0.8283717513084412,data\Single Image Depth Prediction with Wavelet Decomposition.pdf,8,Single_Image_Depth_Prediction_with_Wavelet_Decomposition_p8_chunk_4,141,1,1,0.7530652284622192,0.7530652284622192,sentence::Single_Image_Depth_Prediction_with_Wavelet_Decomposition_p8_chunk_4::s0,monodepth2,,[18] Monodepth2 Resnet18  MS 192×640 0.104 0.786 4.687 0.194 0.876 0.958 0.980 WaveletMonodepthResnet18  MS 192×640 0.109 0.814 4.808 0.198 0.868 0.955 0.980 [63] Depth Hints  MS +SSGM 192×640 0.105 0.769 4.627 0.189 0.875 0.959 0.982 WaveletMonodepthRe
always_clear_depth_sota_comparison_methods,content-only,comparison with state of the art baselines Monodepth2 PackNet SfM RNW md4all DMMDE DefeatNet ADIDS WSGD,sentence-to-chunk,1500,32,False,,0.8267867803573609,data\dav2.pdf,8,dav2_p8_chunk_23,44,1,1,0.751624345779419,0.751624345779419,sentence::dav2_p8_chunk_23::s0,,,"benchmarks. Performance on our proposed benchmark DA-2K. As shown in Table 3, on our proposed bench- mark with diverse scenes, even our smallest model is significantly better than other heavy SD-based 8"
always_clear_depth_sota_comparison_methods,content-only,comparison with state of the art baselines Monodepth2 PackNet SfM RNW md4all DMMDE DefeatNet ADIDS WSGD,sentence-to-chunk,1500,33,False,,0.8267518997192382,data\Global-Local.pdf,6,Global-Local_p6_chunk_8,55,1,1,0.7515926361083984,0.7515926361083984,sentence::Global-Local_p6_chunk_8::s0,,,"mputationally demanding decoders, we construct simple baselines and compare them with ours. Baseline-Dconv consists of consecutive deconvolution-batch normalization-ReLU blocks to obtain the desired depth map. In addition, Baseline-UNet is an improved stru"
always_clear_depth_sota_comparison_methods,content-only,comparison with state of the art baselines Monodepth2 PackNet SfM RNW md4all DMMDE DefeatNet ADIDS WSGD,sentence-to-chunk,1500,34,False,,0.8251473248004914,data\Repurposing Diffusion-Based Image Generators for Monocular Depth Estimation.pdf,6,Repurposing_Diffusion-Based_Image_Generators_for_Monocular_Depth_Estimation_p6_chunk_2,138,1,1,0.7501339316368103,0.7501339316368103,sentence::Repurposing_Diffusion-Based_Image_Generators_for_Monocular_Depth_Estimation_p6_chunk_2::s0,,,hod # Training samples NYUv2 KITTI ETH3D ScanNet DIODE Avg. RankReal Synthetic AbsRel ↓ δ1↑ AbsRel↓ δ1↑ AbsRel↓ δ1↑ AbsRel↓ δ1↑ AbsRel↓ δ1↑ DiverseDepth [56] 320K — 11.7 87.5 19.0 70.4 22.8 69.4 10.9 88.2 37.6 63.1 7.6 MiDaS [35] 2M — 11.1 88.5 23.6 63.0 1
always_clear_depth_sota_comparison_methods,content-only,comparison with state of the art baselines Monodepth2 PackNet SfM RNW md4all DMMDE DefeatNet ADIDS WSGD,sentence-to-chunk,1500,35,False,,0.8245677292346955,data\dav2.pdf,17,dav2_p17_chunk_10,112,1,1,0.7496070265769958,0.7496070265769958,sentence::dav2_p17_chunk_10::s0,,,. . . . . . . . . 22 C.2 Comparison with the DIW dataset . . . . . . . . . . . . . . . . . . . . . . . . . . . 22 C.3 Annotation details . . . . . . . . . . . . . . . . . . . . . . . . . . . . . . . . . . . 23 C.4 Visualization . . . . . . . . . . . . . .
always_clear_depth_sota_comparison_methods,content-only,comparison with state of the art baselines Monodepth2 PackNet SfM RNW md4all DMMDE DefeatNet ADIDS WSGD,sentence-to-chunk,1500,36,False,,0.8240715324878692,data\Lite-Mono.pdf,6,Lite-Mono_p6_chunk_13,121,1,1,0.7491559386253357,0.7491559386253357,sentence::Lite-Mono_p6_chunk_13::s4,,,84 8.7M MonoViT-tiny [43] 2022 M 0.102 0.733 4.459 0.177 0.895 0.965 0.984 10.3M Lite-Mono-8M (Ours)2023 M 0.101 0.729 4.454 0.178 0.897 0.965 0.983 8.7M Table 2. Comparison of Lite-Mono with some recent representative methods on the KITTI benchmark using
always_clear_depth_sota_comparison_methods,content-only,comparison with state of the art baselines Monodepth2 PackNet SfM RNW md4all DMMDE DefeatNet ADIDS WSGD,sentence-to-chunk,1500,37,False,,0.824039077758789,data\PrimeDepth- Efficient Monocular Depth  Estimation with a Stable Diffusion Preimage.pdf,4,PrimeDepth-_Efficient_Monocular_Depth_Estimation_with_a_Stable_Diffusion_Preimage_p4_chunk_20,67,1,1,0.7491264343261719,0.7491264343261719,sentence::PrimeDepth-_Efficient_Monocular_Depth_Estimation_with_a_Stable_Diffusion_Preimage_p4_chunk_20::s2,,,"s and perceptual loss, the baselines include SNR-aware [41] and CID-Net [42], both of which incorpo- rate perceptual loss. All baselines and their original loss functions are listed in Table 1: Table 1. Baselines and Their Loss Functions Method Loss Functi"
always_clear_depth_sota_comparison_methods,content-only,comparison with state of the art baselines Monodepth2 PackNet SfM RNW md4all DMMDE DefeatNet ADIDS WSGD,sentence-to-chunk,1500,38,False,,0.8227113842964172,data\Single Image Depth Prediction with Wavelet Decomposition.pdf,8,Single_Image_Depth_Prediction_with_Wavelet_Decomposition_p8_chunk_5,143,1,1,0.7479194402694702,0.7479194402694702,sentence::Single_Image_Depth_Prediction_with_Wavelet_Decomposition_p8_chunk_5::s3,monodepth2,, MS +SSGM 192×640 0.105 0.769 4.627 0.189 0.875 0.959 0.982 WaveletMonodepthResnet18  MS +SSGM 192×640 0.110 0.840 4.741 0.195 0.868 0.956 0.981 [18] Monodepth2 Resnet18  S 320×1024 0.105 0.822 4.692 0.199 0.876 0.954 0.977 WaveletMonodepthResnet18  S
always_clear_depth_sota_comparison_methods,content-only,comparison with state of the art baselines Monodepth2 PackNet SfM RNW md4all DMMDE DefeatNet ADIDS WSGD,sentence-to-chunk,1500,39,False,,0.8224471569061279,data\ACD.pdf,6,ACD_p6_chunk_1,67,1,1,0.7476792335510254,0.7476792335510254,sentence::ACD_p6_chunk_1::s1,"monodepth2,md4all_dd",,"obotCar [Maddern et al., 2017 ]. We compare the ACDepth approach with md4all-DD and MonoDepth2, all of which use the same backbone. To better illustrate the results, the real point cloud is projected onto the original image, and no ground truth (GT) is req"
always_clear_depth_sota_comparison_methods,content-only,comparison with state of the art baselines Monodepth2 PackNet SfM RNW md4all DMMDE DefeatNet ADIDS WSGD,sentence-to-chunk,1500,40,False,,0.8219708919525146,data\Monocular Depth Estimation.pdf,7,Monocular_Depth_Estimation_p7_chunk_6,92,1,1,0.747246265411377,0.747246265411377,sentence::Monocular_Depth_Estimation_p7_chunk_6::s0,monodepth2,,"Monodepth2(full Eigen dataset) ✓ ✓ ✓ ✓ ✓ 0.116 0.918 4.872 0.193 0.874 0.959 0.981 Table 2. Ablation. Results for different variants of our model (Monodepth2) with monocular training on KITTI 2015 [13] using the Eigen split. (a) The baseline model, with n"
always_clear_depth_sota_comparison_methods,content-only,comparison with state of the art baselines Monodepth2 PackNet SfM RNW md4all DMMDE DefeatNet ADIDS WSGD,sentence-to-chunk,1500,41,False,,0.8210599958896637,data\Robust Monocular Depth Estimation under Challenging Conditions.pdf,7,Robust_Monocular_Depth_Estimation_under_Challenging_Conditions_p7_chunk_9,65,1,1,0.7464181780815125,0.7464181780815125,sentence::Robust_Monocular_Depth_Estimation_under_Challenging_Conditions_p7_chunk_9::s1,"monodepth2,md4all_dd",,"wn in Table 1, with all methods performing better with rain than at night. Our self-supervised monocular md4all-DD signif- icantly improved over Monodepth2 and the baseline, per- forming close to the radar-based R4Dyn [8]. Fully-supervised Table 1 reports"
always_clear_depth_sota_comparison_methods,content-only,comparison with state of the art baselines Monodepth2 PackNet SfM RNW md4all DMMDE DefeatNet ADIDS WSGD,sentence-to-chunk,1500,42,False,,0.8208850026130676,data\Lite-Mono.pdf,7,Lite-Mono_p7_chunk_17,82,1,1,0.7462590932846069,0.7462590932846069,sentence::Lite-Mono_p7_chunk_17::s2,monodepth2,,o input Monodepth2 R-MSFM6 Lite-Mono (Ours) Figure 5. Qualitative results on the Make3D dataset.Lite-Mono is compared to Monodepth2 [15] and R-MSFM [46]. Lite-Mono can perceive different sizes of objects. NVIDIA TITAN Xp and a Jetson Xavier and are compare
always_clear_depth_sota_comparison_methods,content-only,comparison with state of the art baselines Monodepth2 PackNet SfM RNW md4all DMMDE DefeatNet ADIDS WSGD,sentence-to-chunk,1500,43,False,,0.8188151121139526,data\Single Image Depth Prediction with Wavelet Decomposition.pdf,13,Single_Image_Depth_Prediction_with_Wavelet_Decomposition_p13_chunk_18,95,1,1,0.7443773746490479,0.7443773746490479,sentence::Single_Image_Depth_Prediction_with_Wavelet_Decomposition_p13_chunk_18::s1,,,"predictions iconv2 3 1 138 4 ↑iconv2, econv2LeakyReLU(0.2) wave2 3 1 3 4 iconv2 Linear IDWT1 - - 1 2 IDWT2, wave2 - Table 8: Our decoder network architecture for experiments on the NYUv2 [58] datasetNote that since like in DenseDepth [2] we produce a dept"
always_clear_depth_sota_comparison_methods,content-only,comparison with state of the art baselines Monodepth2 PackNet SfM RNW md4all DMMDE DefeatNet ADIDS WSGD,sentence-to-chunk,1500,44,False,,0.8185672760009766,data\Jasmine.pdf,8,Jasmine_p8_chunk_6,156,1,1,0.7441520690917969,0.7441520690917969,sentence::Jasmine_p8_chunk_6::s2,monodepth2,,smine* - Mono KH(68K+0) 0.102 0.540 3.728 0.162 0.907 0.973 0.987 Monodepth2[15]ICCV2019 Mono K(40K+0) 0.115 0.882 4.701 0.190 0.879 0.961 0.982HR-Depth[31] AAAI2021 Mono K(40K+0) 0.106 0.755 4.472 0.181 0.892 0.966 0.984R-MSFM6[72]ICCV2021 Mono K(40K+0) 0
always_clear_depth_sota_comparison_methods,content-only,comparison with state of the art baselines Monodepth2 PackNet SfM RNW md4all DMMDE DefeatNet ADIDS WSGD,sentence-to-chunk,1500,45,False,,0.818422508239746,data\PrimeDepth- Efficient Monocular Depth  Estimation with a Stable Diffusion Preimage.pdf,11,PrimeDepth-_Efficient_Monocular_Depth_Estimation_with_a_Stable_Diffusion_Preimage_p11_chunk_9,58,1,1,0.7440204620361328,0.7440204620361328,sentence::PrimeDepth-_Efficient_Monocular_Depth_Estimation_with_a_Stable_Diffusion_Preimage_p11_chunk_9::s2,,,baseline and the GT-mean loss variant were both trained using the settings for for LOL datasets outlined in [41]. The Charbonnier loss and perceptual loss used in the baseline were extended to GT-mean loss in the variant. CID-Net. Both the baseline and th
always_clear_depth_sota_comparison_methods,content-only,comparison with state of the art baselines Monodepth2 PackNet SfM RNW md4all DMMDE DefeatNet ADIDS WSGD,sentence-to-chunk,1500,46,False,,0.8177199125289917,data\Monocular Depth Estimation.pdf,1,Monocular_Depth_Estimation_p1_chunk_12,71,1,1,0.7433817386627197,0.7433817386627197,sentence::Monocular_Depth_Estimation_p1_chunk_12::s1,monodepth2,,"ng large and varied training datasets with accurateground truth depth for supervised learning [55, 9] is itself a formidable challenge. As an alternative, several recent self-supervised Input Monodepth2 (M) Monodepth2 (S) Monodepth2 (MS) Zhou et al. [76]"
always_clear_depth_sota_comparison_methods,content-only,comparison with state of the art baselines Monodepth2 PackNet SfM RNW md4all DMMDE DefeatNet ADIDS WSGD,sentence-to-chunk,1500,47,False,,0.8176795244216919,data\Single Image Depth Prediction with Wavelet Decomposition.pdf,8,Single_Image_Depth_Prediction_with_Wavelet_Decomposition_p8_chunk_13,116,1,1,0.7433450222015381,0.7433450222015381,sentence::Single_Image_Depth_Prediction_with_Wavelet_Decomposition_p8_chunk_13::s3,,,8451 0.9681 0.9917 1.8070 7.1073 WaveletMonodepth (η = 0.04) 480 × 640 0.1259 0.5517 0.0543 0.8450 0.9681 0.9917 1.8790 7.0746 Table 4: Quantitative results on NYUv2 [58] We compare our DenseDepth [2]-inspired baseline to our implementation with wavelets a
always_clear_depth_sota_comparison_methods,content-only,comparison with state of the art baselines Monodepth2 PackNet SfM RNW md4all DMMDE DefeatNet ADIDS WSGD,sentence-to-chunk,1500,48,False,,0.8170465588569641,data\MonoDiffusion.pdf,5,MonoDiffusion_p5_chunk_9,165,1,1,0.7427695989608765,0.7427695989608765,sentence::MonoDiffusion_p5_chunk_9::s2,monodepth2,,.859 0.953 0.980 3.1M MonoDiffusion (ours) 2023 M† 0.119 0.843 4.868 0.196 0.858 0.955 0.981 3.1M Monodepth2-Res18 [15] 2019 M* 0.115 0.882 4.701 0.190 0.879 0.961 0.982 14.3M R-MSFM3 [53] 2021 M* 0.112 0.773 4.581 0.189 0.879 0.960 0.982 3.5M R-MSFM6 [53]
always_clear_depth_sota_comparison_methods,content-only,comparison with state of the art baselines Monodepth2 PackNet SfM RNW md4all DMMDE DefeatNet ADIDS WSGD,sentence-to-chunk,1500,49,False,,0.8165469527244568,data\Robust Monocular Depth Estimation under Challenging Conditions.pdf,6,Robust_Monocular_Depth_Estimation_under_Challenging_Conditions_p6_chunk_21,77,1,1,0.742315411567688,0.742315411567688,sentence::Robust_Monocular_Depth_Estimation_under_Challenging_Conditions_p6_chunk_21::s3,"monodepth2,md4all_dd",,"d T c directly on its training set. We share publicly all generated hc i images. Prior works and baselines We compared ours with a variety of works [8, 11, 12, 38, 37, 22, 33, 1]. We applied ours on the self-supervised Monodepth2-based baseline of Section"
always_clear_depth_sota_comparison_methods,content-only,comparison with state of the art baselines Monodepth2 PackNet SfM RNW md4all DMMDE DefeatNet ADIDS WSGD,sentence-to-chunk,1500,50,False,,0.8161978840827941,data\Robust Monocular Depth Estimation under Challenging Conditions.pdf,6,Robust_Monocular_Depth_Estimation_under_Challenging_Conditions_p6_chunk_1,156,1,1,0.7419980764389038,0.7419980764389038,sentence::Robust_Monocular_Depth_Estimation_under_Challenging_Conditions_p6_chunk_1::s3,"monodepth2,packnet_sfm,md4all_dd",,32.940 10.54 0.4114 9.442 60.58 Monodepth2 [11] M ∗ d 0.1374 6.692 85.00 0.2828 .......9.729 51.83 0.1727 7.743 77.57 PackNet-SfM [12] Mv d 0.1567 7.230 82.64 0.2617 11.063 56.64 0.1645 8.288 77.07 R4Dyn w/o r in [8] Mv r d 0.1296 6.536 ......85.76 0.2731
always_clear_depth_sota_comparison_methods,content-only,comparison with state of the art baselines Monodepth2 PackNet SfM RNW md4all DMMDE DefeatNet ADIDS WSGD,proposition-to-chunk,500,1,True,1,0.9819618165493011,data\Single Image Depth Prediction with Wavelet Decomposition.pdf,8,Single_Image_Depth_Prediction_with_Wavelet_Decomposition_p8_chunk_1,148,3,3,0.7593146562576294,2.2264716029167175,proposition::Single_Image_Depth_Prediction_with_Wavelet_Decomposition_p8_chunk_1::p5|proposition::Single_Image_Depth_Prediction_with_Wavelet_Decomposition_p8_chunk_1::p6|proposition::Single_Image_Depth_Prediction_with_Wavelet_Decomposition_p8_chunk_1::p4,monodepth2,,et18  S 192×640 0.110 0.876 4.916 0.206 0.864 0.950 0.976 Monodepth2 Resnet50  S 192×640 0.108 0.802 4.577 0.185 0.886 0.963 0.983 WaveletMonodepthResnet50  S 192×640 0.106 0.824 4.824 0.205 0.870 0.949 0.975 [63] Depth Hints  SSGM 192×640 0.106 0.780
always_clear_depth_sota_comparison_methods,content-only,comparison with state of the art baselines Monodepth2 PackNet SfM RNW md4all DMMDE DefeatNet ADIDS WSGD,proposition-to-chunk,500,2,True,2,0.9719230115413666,data\Monocular Depth Estimation.pdf,7,Monocular_Depth_Estimation_p7_chunk_6,92,3,3,0.7531121969223022,2.1881081461906433,proposition::Monocular_Depth_Estimation_p7_chunk_6::p3|proposition::Monocular_Depth_Estimation_p7_chunk_6::p0|proposition::Monocular_Depth_Estimation_p7_chunk_6::p1,monodepth2,,"Monodepth2(full Eigen dataset) ✓ ✓ ✓ ✓ ✓ 0.116 0.918 4.872 0.193 0.874 0.959 0.981 Table 2. Ablation. Results for different variants of our model (Monodepth2) with monocular training on KITTI 2015 [13] using the Eigen split. (a) The baseline model, with n"
always_clear_depth_sota_comparison_methods,content-only,comparison with state of the art baselines Monodepth2 PackNet SfM RNW md4all DMMDE DefeatNet ADIDS WSGD,proposition-to-chunk,500,3,True,3,0.9639122784137726,data\Single Image Depth Prediction with Wavelet Decomposition.pdf,8,Single_Image_Depth_Prediction_with_Wavelet_Decomposition_p8_chunk_5,143,3,3,0.7448194622993469,2.1909281611442566,proposition::Single_Image_Depth_Prediction_with_Wavelet_Decomposition_p8_chunk_5::p7|proposition::Single_Image_Depth_Prediction_with_Wavelet_Decomposition_p8_chunk_5::p6|proposition::Single_Image_Depth_Prediction_with_Wavelet_Decomposition_p8_chunk_5::p5,monodepth2,, MS +SSGM 192×640 0.105 0.769 4.627 0.189 0.875 0.959 0.982 WaveletMonodepthResnet18  MS +SSGM 192×640 0.110 0.840 4.741 0.195 0.868 0.956 0.981 [18] Monodepth2 Resnet18  S 320×1024 0.105 0.822 4.692 0.199 0.876 0.954 0.977 WaveletMonodepthResnet18  S
always_clear_depth_sota_comparison_methods,content-only,comparison with state of the art baselines Monodepth2 PackNet SfM RNW md4all DMMDE DefeatNet ADIDS WSGD,proposition-to-chunk,500,4,False,,0.9569539427757263,data\Monocular Depth Estimation.pdf,13,Monocular_Depth_Estimation_p13_chunk_5,142,3,3,0.73943030834198,2.1752363443374634,proposition::Monocular_Depth_Estimation_p13_chunk_5::p3|proposition::Monocular_Depth_Estimation_p13_chunk_5::p1|proposition::Monocular_Depth_Estimation_p13_chunk_5::p4,monodepth2,,.976 Monodepth2 w/o pt or full-res m.s. ✓ ✓ R18 0.131 1.030 5.206 0.210 0.846 0.948 0.978 Monodepth2w/o pt ✓ ✓ ✓ R18 0.132 1.044 5.142 0.210 0.845 0.948 0.977 (c) Monodepth2ResNet18 w/o pt ✓ ✓ ✓ R18 0.132 1.044 5.142 0.210 0.845 0.948 0.977 Monodepth2ResNe
always_clear_depth_sota_comparison_methods,content-only,comparison with state of the art baselines Monodepth2 PackNet SfM RNW md4all DMMDE DefeatNet ADIDS WSGD,proposition-to-chunk,500,5,True,4,0.9548675656318665,data\ACD.pdf,6,ACD_p6_chunk_1,67,2,2,0.800573468208313,1.5429409742355347,proposition::ACD_p6_chunk_1::p1|proposition::ACD_p6_chunk_1::p2,"monodepth2,md4all_dd",,"obotCar [Maddern et al., 2017 ]. We compare the ACDepth approach with md4all-DD and MonoDepth2, all of which use the same backbone. To better illustrate the results, the real point cloud is projected onto the original image, and no ground truth (GT) is req"
always_clear_depth_sota_comparison_methods,content-only,comparison with state of the art baselines Monodepth2 PackNet SfM RNW md4all DMMDE DefeatNet ADIDS WSGD,proposition-to-chunk,500,6,False,,0.9489355564117432,data\Lite-Mono.pdf,7,Lite-Mono_p7_chunk_6,85,2,2,0.7973244190216064,1.5161113739013672,proposition::Lite-Mono_p7_chunk_6::p4|proposition::Lite-Mono_p7_chunk_6::p2,monodepth2,,"(3.1M). Speciﬁcally, Lite-Mono greatly exceeds Monodepth2 [15] with a ResNet18 [17] backbone, but the model size is only about one-ﬁfth of this model. It also outperforms the ResNet50 version of Monodepth2, which is the largest model (32.5M) in this table"
always_clear_depth_sota_comparison_methods,content-only,comparison with state of the art baselines Monodepth2 PackNet SfM RNW md4all DMMDE DefeatNet ADIDS WSGD,proposition-to-chunk,500,7,False,,0.9273475468158722,data\Monocular Depth Estimation.pdf,15,Monocular_Depth_Estimation_p15_chunk_6,88,2,2,0.7732633948326111,1.540841519832611,proposition::Monocular_Depth_Estimation_p15_chunk_6::p1|proposition::Monocular_Depth_Estimation_p15_chunk_6::p0,monodepth2,,Monodepth2 MS 15.07 4.16 11.64 15.27 Monodepth2(ResNet 50)MS 14.41 3.67 11.22 14.73 Table 9. KITTI depth prediction benchmark. Comparison of our monocular plus stereo approaches to fully supervised methods on the KITTI depth prediction benchmark [27]. D in
always_clear_depth_sota_comparison_methods,content-only,comparison with state of the art baselines Monodepth2 PackNet SfM RNW md4all DMMDE DefeatNet ADIDS WSGD,proposition-to-chunk,500,8,False,,0.9032096207141876,data\Single Image Depth Prediction with Wavelet Decomposition.pdf,8,Single_Image_Depth_Prediction_with_Wavelet_Decomposition_p8_chunk_0,132,2,2,0.7536919116973877,1.4951770901679993,proposition::Single_Image_Depth_Prediction_with_Wavelet_Decomposition_p8_chunk_0::p2|proposition::Single_Image_Depth_Prediction_with_Wavelet_Decomposition_p8_chunk_0::p10,monodepth2,,Cit. Method PP Data H ×W Abs Rel Sq Rel RMSE RMSE log δ<1.25 δ<1.252 δ<1.253 [18] Monodepth2 Resnet18  S 192×640 0.108 0.842 4.891 0.207 0.866 0.949 0.976 WaveletMonodepthResnet18  S 192×640 0.110 0.876 4.916 0.206 0.864 0.950 0.976 Monodepth2 Resnet50 
always_clear_depth_sota_comparison_methods,content-only,comparison with state of the art baselines Monodepth2 PackNet SfM RNW md4all DMMDE DefeatNet ADIDS WSGD,proposition-to-chunk,500,9,False,,0.8900354623794555,data\Single Image Depth Prediction with Wavelet Decomposition.pdf,14,Single_Image_Depth_Prediction_with_Wavelet_Decomposition_p14_chunk_8,143,2,2,0.7444336414337158,1.4560182094573975,proposition::Single_Image_Depth_Prediction_with_Wavelet_Decomposition_p14_chunk_8::p4|proposition::Single_Image_Depth_Prediction_with_Wavelet_Decomposition_p14_chunk_8::p3,monodepth2,,MS +SSGM 192 × 640 0.086 0.497 3.699 0.131 0.914 0.983 0.996 [18] Monodepth2 Resnet18  S 320 × 1024 0.082 0.497 3.637 0.132 0.924 0.982 0.994 WaveletMonodepth Resnet18  S 320 × 1024 0.080 0.443 3.544 0.130 0.919 0.983 0.995 WaveletMonodepth Resnet50  S
always_clear_depth_sota_comparison_methods,content-only,comparison with state of the art baselines Monodepth2 PackNet SfM RNW md4all DMMDE DefeatNet ADIDS WSGD,proposition-to-chunk,500,10,False,,0.8745192885398865,data\Lite-Mono.pdf,6,Lite-Mono_p6_chunk_16,92,2,2,0.7289683818817139,1.455509066581726,proposition::Lite-Mono_p6_chunk_16::p5|proposition::Lite-Mono_p6_chunk_16::p2,monodepth2,,"esolution 1024× 320, ”M†”: without pre-training on ImageNet [7]. Input Monodepth2 R-MSFM3 R-MSFM6 Lite-Mono -small Lite-Mono input Monodepth2 R-MSFM6 Lite-Mono (Ours) Figure 4. Qualitative results on KITTI. Here are some depth maps generated by Monodepth2"
always_clear_depth_sota_comparison_methods,content-only,comparison with state of the art baselines Monodepth2 PackNet SfM RNW md4all DMMDE DefeatNet ADIDS WSGD,proposition-to-chunk,500,11,False,,0.8704857945442199,data\Monocular Depth Estimation.pdf,7,Monocular_Depth_Estimation_p7_chunk_2,140,2,2,0.7257378697395325,1.447479248046875,proposition::Monocular_Depth_Estimation_p7_chunk_2::p3|proposition::Monocular_Depth_Estimation_p7_chunk_2::p1,monodepth2,,0.124 1.170 5.249 0.203 0.865 0.953 0.978 Monodepth2 w/o min reprojection ✓ ✓ ✓ 0.117 0.878 4.846 0.196 0.870 0.957 0.980 Monodepth2 w/o auto-masking ✓ ✓ ✓ 0.120 1.097 5.074 0.197 0.872 0.956 0.979 Monodepth2 w/o full-res m.s. ✓ ✓ ✓ 0.117 0.866 4.864 0.19
always_clear_depth_sota_comparison_methods,content-only,comparison with state of the art baselines Monodepth2 PackNet SfM RNW md4all DMMDE DefeatNet ADIDS WSGD,proposition-to-chunk,500,12,False,,0.8678357541561127,data\Lite-Mono.pdf,7,Lite-Mono_p7_chunk_17,82,2,2,0.7236045598983765,1.442311942577362,proposition::Lite-Mono_p7_chunk_17::p1|proposition::Lite-Mono_p7_chunk_17::p2,monodepth2,,o input Monodepth2 R-MSFM6 Lite-Mono (Ours) Figure 5. Qualitative results on the Make3D dataset.Lite-Mono is compared to Monodepth2 [15] and R-MSFM [46]. Lite-Mono can perceive different sizes of objects. NVIDIA TITAN Xp and a Jetson Xavier and are compare
always_clear_depth_sota_comparison_methods,content-only,comparison with state of the art baselines Monodepth2 PackNet SfM RNW md4all DMMDE DefeatNet ADIDS WSGD,proposition-to-chunk,500,13,False,,0.8498815655708313,data\Single Image Depth Prediction with Wavelet Decomposition.pdf,8,Single_Image_Depth_Prediction_with_Wavelet_Decomposition_p8_chunk_4,141,1,1,0.7726196050643921,0.7726196050643921,proposition::Single_Image_Depth_Prediction_with_Wavelet_Decomposition_p8_chunk_4::p0,monodepth2,,[18] Monodepth2 Resnet18  MS 192×640 0.104 0.786 4.687 0.194 0.876 0.958 0.980 WaveletMonodepthResnet18  MS 192×640 0.109 0.814 4.808 0.198 0.868 0.955 0.980 [63] Depth Hints  MS +SSGM 192×640 0.105 0.769 4.627 0.189 0.875 0.959 0.982 WaveletMonodepthRe
always_clear_depth_sota_comparison_methods,content-only,comparison with state of the art baselines Monodepth2 PackNet SfM RNW md4all DMMDE DefeatNet ADIDS WSGD,proposition-to-chunk,500,14,False,,0.8376832425594329,data\Monocular Depth Estimation.pdf,17,Monocular_Depth_Estimation_p17_chunk_2,155,1,1,0.7615302205085754,0.7615302205085754,proposition::Monocular_Depth_Estimation_p17_chunk_2::p0,monodepth2,,4 0.979 Monodepth2⇒ Separate ResNet 2 ✓ 0.115 0.919 4.863 0.193 0.877 0.959 0.981 Separate ResNet 3 ✓ 0.115 0.902 4.847 0.193 0.877 0.960 0.981 PoseCNN [62] 2 0.147 1.164 5.445 0.221 0.818 0.940 0.974 PoseCNN [62] 3 0.147 1.117 5.403 0.222 0.815 0.940 0.97
always_clear_depth_sota_comparison_methods,content-only,comparison with state of the art baselines Monodepth2 PackNet SfM RNW md4all DMMDE DefeatNet ADIDS WSGD,proposition-to-chunk,500,15,False,,0.8368000149726867,data\Single Image Depth Prediction with Wavelet Decomposition.pdf,13,Single_Image_Depth_Prediction_with_Wavelet_Decomposition_p13_chunk_14,94,1,1,0.7607272863388062,0.7607272863388062,proposition::Single_Image_Depth_Prediction_with_Wavelet_Decomposition_p13_chunk_14::p0,,,"econv2LeakyReLU(0.2) iconv1 3 1 69 2 ↑iconv2, econv1LeakyReLU(0.2) outconv01 1 1 2 iconv1 Linear Table 7: Architecture of our DenseNet baseline decoder for experiments on the NYUv2 [58] dataset Note that as in DenseDepth [2] we produce a depth map at half"
always_clear_depth_sota_comparison_methods,content-only,comparison with state of the art baselines Monodepth2 PackNet SfM RNW md4all DMMDE DefeatNet ADIDS WSGD,proposition-to-chunk,500,16,False,,0.8328600764274597,data\Single Image Depth Prediction with Wavelet Decomposition.pdf,14,Single_Image_Depth_Prediction_with_Wavelet_Decomposition_p14_chunk_3,141,1,1,0.7571455240249634,0.7571455240249634,proposition::Single_Image_Depth_Prediction_with_Wavelet_Decomposition_p14_chunk_3::p1,monodepth2,,MSE RMSE log δ<1.25 δ<1.252 δ<1.253 [18] Monodepth2 Resnet18  S 192 × 640 0.079 0.512 3.721 0.131 0.924 0.982 0.994 WaveletMonodepth Resnet18  S 192 × 640 0.084 0.523 3.807 0.137 0.914 0.980 0.994 WaveletMonodepth Resnet50  S 192 × 640 0.081 0.477 3.658
always_clear_depth_sota_comparison_methods,content-only,comparison with state of the art baselines Monodepth2 PackNet SfM RNW md4all DMMDE DefeatNet ADIDS WSGD,proposition-to-chunk,500,17,False,,0.830467015504837,data\Single Image Depth Prediction with Wavelet Decomposition.pdf,8,Single_Image_Depth_Prediction_with_Wavelet_Decomposition_p8_chunk_14,58,1,1,0.7549700140953064,0.7549700140953064,proposition::Single_Image_Depth_Prediction_with_Wavelet_Decomposition_p8_chunk_14::p1,,,"mpare our DenseDepth [2]-inspired baseline to our implementation with wavelets and with sparsity. All results are evaluated in the Eigen center crop, without post-processing. As in DenseDepth, our network outputs a 240× 320 depth map which is then upsample"
always_clear_depth_sota_comparison_methods,content-only,comparison with state of the art baselines Monodepth2 PackNet SfM RNW md4all DMMDE DefeatNet ADIDS WSGD,proposition-to-chunk,500,18,False,,0.8282002329826355,data\dav2.pdf,22,dav2_p22_chunk_11,67,1,1,0.7529093027114868,0.7529093027114868,proposition::dav2_p22_chunk_11::p2,,,"scenario accuracy (%) of Depth Anything V2 on our proposed benchmark DA-2K. C.2 Comparison with the DIW dataset Although DIW [11] and our DA-2K use the same annotation format (both sparse pixel pairs, we are inspired by DIW), our proposed DA-2K dataset is"
always_clear_depth_sota_comparison_methods,content-only,comparison with state of the art baselines Monodepth2 PackNet SfM RNW md4all DMMDE DefeatNet ADIDS WSGD,proposition-to-chunk,500,19,False,,0.8276490926742553,data\Lite-Mono.pdf,7,Lite-Mono_p7_chunk_18,71,1,1,0.7524082660675049,0.7524082660675049,proposition::Lite-Mono_p7_chunk_18::p2,monodepth2,,"different sizes of objects. NVIDIA TITAN Xp and a Jetson Xavier and are compared with Monodepth2 [15], R-MSFM [46], and MonoViT- tiny [43]. Table 4 shows that the proposed design has a good balance between model size and speed. Notice that Lite- Mono-tiny"
always_clear_depth_sota_comparison_methods,content-only,comparison with state of the art baselines Monodepth2 PackNet SfM RNW md4all DMMDE DefeatNet ADIDS WSGD,proposition-to-chunk,500,20,False,,0.8275213718414307,data\dav2.pdf,7,dav2_p7_chunk_5,58,1,1,0.7522921562194824,0.7522921562194824,proposition::dav2_p7_chunk_5::p2,,,"label. (b) Detail of our scenario coverage. 6 A New Evaluation Benchmark: DA-2K 6.1 Limitations in Existing Benchmarks In Section 2, we demonstrated that commonly used real training sets have noisy depth labels. Here, we further argue that widely adopted"
always_clear_depth_sota_comparison_methods,content-only,comparison with state of the art baselines Monodepth2 PackNet SfM RNW md4all DMMDE DefeatNet ADIDS WSGD,proposition-to-chunk,500,21,False,,0.826934564113617,data\Monocular Depth Estimation.pdf,14,Monocular_Depth_Estimation_p14_chunk_4,151,1,1,0.7517586946487427,0.7517586946487427,proposition::Monocular_Depth_Estimation_p14_chunk_4::p0,monodepth2,,.991 SuperDepth [47] + pp S 0.090 0.542 3.967 0.144 0.901 0.976 0.993 Monodepth2w/o pretrainingS 0.110 0.849 4.580 0.173 0.875 0.962 0.986 Monodepth2 S 0.085 0.537 3.868 0.139 0.912 0.979 0.993 Zhan FullNYU [73] D*MS 0.130 1.520 5.184 0.205 0.859 0.955 0.9
always_clear_depth_sota_comparison_methods,content-only,comparison with state of the art baselines Monodepth2 PackNet SfM RNW md4all DMMDE DefeatNet ADIDS WSGD,proposition-to-chunk,500,22,False,,0.8264304995536804,data\Lite-Mono.pdf,7,Lite-Mono_p7_chunk_19,73,1,1,0.7513004541397095,0.7513004541397095,proposition::Lite-Mono_p7_chunk_19::p1,monodepth2,,ign has a good balance between model size and speed. Notice that Lite- Mono-tiny outperforms Monodepth2 both in speed and ac- curacy (Table 2). Although R-MSFM [46] is a lightweight model it is slow. The latest MonoViT-tiny [43] runs the slowest due to its
always_clear_depth_sota_comparison_methods,content-only,comparison with state of the art baselines Monodepth2 PackNet SfM RNW md4all DMMDE DefeatNet ADIDS WSGD,proposition-to-chunk,500,23,False,,0.8258484780788422,data\Robust Monocular Depth Estimation under Challenging Conditions.pdf,6,Robust_Monocular_Depth_Estimation_under_Challenging_Conditions_p6_chunk_26,56,1,1,0.7507713437080383,0.7507713437080383,proposition::Robust_Monocular_Depth_Estimation_under_Challenging_Conditions_p6_chunk_26::p3,"monodepth2,md4all_dd",,"n standard settings, possibly due to its large model and the relatively small dataset. Pack- Net’s velocity supervision also helped over Monodepth2 (md2) with our baseline. Thanks to the extra radar signal, R4Dyn [8] delivered significant improvements, alt"
always_clear_depth_sota_comparison_methods,content-only,comparison with state of the art baselines Monodepth2 PackNet SfM RNW md4all DMMDE DefeatNet ADIDS WSGD,proposition-to-chunk,500,24,True,5,0.8254171252250672,data\Jasmine.pdf,21,Jasmine_p21_chunk_21,38,1,1,0.750379204750061,0.750379204750061,proposition::Jasmine_p21_chunk_21::p1,monodepth2,,h ratio under two supervision schemes. We further present 1Discussed in MonoDepth2 repository: https://github.com/nianticlabs/monodepth2/issues/274 21
always_clear_depth_sota_comparison_methods,content-only,comparison with state of the art baselines Monodepth2 PackNet SfM RNW md4all DMMDE DefeatNet ADIDS WSGD,proposition-to-chunk,500,25,False,,0.8229004085063935,data\Robust Monocular Depth Estimation under Challenging Conditions.pdf,6,Robust_Monocular_Depth_Estimation_under_Challenging_Conditions_p6_chunk_21,77,1,1,0.7480912804603577,0.7480912804603577,proposition::Robust_Monocular_Depth_Estimation_under_Challenging_Conditions_p6_chunk_21::p7,"monodepth2,md4all_dd",,"d T c directly on its training set. We share publicly all generated hc i images. Prior works and baselines We compared ours with a variety of works [8, 11, 12, 38, 37, 22, 33, 1]. We applied ours on the self-supervised Monodepth2-based baseline of Section"
always_clear_depth_sota_comparison_methods,content-only,comparison with state of the art baselines Monodepth2 PackNet SfM RNW md4all DMMDE DefeatNet ADIDS WSGD,proposition-to-chunk,500,26,False,,0.8210120677947998,data\Monocular Depth Estimation.pdf,7,Monocular_Depth_Estimation_p7_chunk_23,60,1,1,0.7463746070861816,0.7463746070861816,proposition::Monocular_Depth_Estimation_p7_chunk_23::p2,,,"igher quality ground truth depths provided by [59]. Like [1], we use these instead of the reprojected LIDAR scans to compare our method against several existing baseline algorithms, still showing superior performance. Make3D In Table 3 we report performanc"
always_clear_depth_sota_comparison_methods,content-only,comparison with state of the art baselines Monodepth2 PackNet SfM RNW md4all DMMDE DefeatNet ADIDS WSGD,proposition-to-chunk,500,27,False,,0.8193196356296539,data\Global-Local.pdf,4,Global-Local_p4_chunk_26,26,1,1,0.7448360323905945,0.7448360323905945,proposition::Global-Local_p4_chunk_26::p0,,,"rt models (Adabins, DPT) with lesser pa- rameters. This suggests that the combination of the trans-"
always_clear_depth_sota_comparison_methods,content-only,comparison with state of the art baselines Monodepth2 PackNet SfM RNW md4all DMMDE DefeatNet ADIDS WSGD,proposition-to-chunk,500,28,False,,0.8192049622535705,data\Single Image Depth Prediction with Wavelet Decomposition.pdf,16,Single_Image_Depth_Prediction_with_Wavelet_Decomposition_p16_chunk_9,156,1,1,0.7447317838668823,0.7447317838668823,proposition::Single_Image_Depth_Prediction_with_Wavelet_Decomposition_p16_chunk_9::p0,,,se baseline MobileNetv2 - 480×640 0.1772 0.6638 0.0731 0.7419 0.9341 0.9835 1.8911 7.7960 Ours MobileNetv2 - 480×640 0.1727 0.6776 0.0732 0.7380 0.9362 0.9844 1.9732 7.9004 Ours MobileNetv2  480×640 0.1734 0.6700 0.0731 0.7391 0.9347 0.9844 2.3036 8.0538
always_clear_depth_sota_comparison_methods,content-only,comparison with state of the art baselines Monodepth2 PackNet SfM RNW md4all DMMDE DefeatNet ADIDS WSGD,proposition-to-chunk,500,29,False,,0.8187513828277588,data\Monocular Depth Estimation.pdf,17,Monocular_Depth_Estimation_p17_chunk_3,148,1,1,0.7443194389343262,0.7443194389343262,proposition::Monocular_Depth_Estimation_p17_chunk_3::p0,monodepth2,,0.221 0.818 0.940 0.974 PoseCNN [62] 3 0.147 1.117 5.403 0.222 0.815 0.940 0.976 Shared encoder (arXiv v1) 2 0.149 1.153 5.567 0.229 0.807 0.934 0.972 Shared encoder (arXiv v1) 3 0.145 1.159 5.482 0.224 0.818 0.937 0.973 Monodepth2⇒ Separate ResNet 2 0.13
always_clear_depth_sota_comparison_methods,content-only,comparison with state of the art baselines Monodepth2 PackNet SfM RNW md4all DMMDE DefeatNet ADIDS WSGD,proposition-to-chunk,500,30,False,,0.8184562742710113,data\s.pdf,6,s_p6_chunk_10,166,1,1,0.7440511584281921,0.7440511584281921,proposition::s_p6_chunk_10::p0,"rnw,adids,wsgd",,0.3340 4.589 8.606 58.60 ADIDS [18] [27] 1 0.2390 2.089 6.743 61.40 0.2870 2.569 7.985 49.00 RNW [30] [27] 1 0.2970 2.608 7.996 43.10 0.1850 1.710 6.549 73.30 WSGD [27] [27] 1 0.1760 1.603 6.036 75.00 0.1740 1.637 6.302 75.40 robust-depth [22] [self] 1 0.
always_clear_depth_sota_comparison_methods,content-only,comparison with state of the art baselines Monodepth2 PackNet SfM RNW md4all DMMDE DefeatNet ADIDS WSGD,proposition-to-chunk,500,31,False,,0.8179984986782074,data\Single Image Depth Prediction with Wavelet Decomposition.pdf,13,Single_Image_Depth_Prediction_with_Wavelet_Decomposition_p13_chunk_3,115,1,1,0.7436349987983704,0.7436349987983704,proposition::Single_Image_Depth_Prediction_with_Wavelet_Decomposition_p13_chunk_3::p0,,,"onv2 3 1 32 4 iconv2 ELU IDWT1 - - 1 8 IDWT2, wave2 - Level 0 coefﬁcients predictions iconv1 3 1 32 2 ↑upconv2, econv1ELU wave1 3 1 3 2 iconv1 Sigmoid IDWT0 - - - 1 IDWT1, wave1 - Table 5: Our decoder network architecture for experiments on the KITTI [15]"
always_clear_depth_sota_comparison_methods,content-only,comparison with state of the art baselines Monodepth2 PackNet SfM RNW md4all DMMDE DefeatNet ADIDS WSGD,proposition-to-chunk,500,32,False,,0.8179143786430358,data\Monocular Depth Estimation.pdf,15,Monocular_Depth_Estimation_p15_chunk_5,160,1,1,0.7435585260391235,0.7435585260391235,proposition::Monocular_Depth_Estimation_p15_chunk_5::p0,monodepth2,,9] D 14.74 3.88 11.74 15.63 CSWS [32] D 14.85 3.48 11.84 16.38 DHGRL [74] D 15.47 4.04 12.52 15.72 Monodepth [15] S 22.02 20.58 17.79 21.84 Monodepth2 M 15.57 4.52 12.98 16.70 Monodepth2 MS 15.07 4.16 11.64 15.27 Monodepth2(ResNet 50)MS 14.41 3.67 11.22 14
always_clear_depth_sota_comparison_methods,content-only,comparison with state of the art baselines Monodepth2 PackNet SfM RNW md4all DMMDE DefeatNet ADIDS WSGD,proposition-to-chunk,500,33,False,,0.8166101574897766,data\Global-Local.pdf,11,Global-Local_p11_chunk_0,66,1,1,0.7423728704452515,0.7423728704452515,proposition::Global-Local_p11_chunk_0::p2,,,"8 Appendix: Detailed structure of baseline decoder We illustrate the detailed structure of Baseline-DConv and Baseline-UNet in Figure 5. We use transposed convolution with K = 3 ,S = 2 ,P = 1 parameters to upscale the given feature into 2x size. For Baseli"
always_clear_depth_sota_comparison_methods,content-only,comparison with state of the art baselines Monodepth2 PackNet SfM RNW md4all DMMDE DefeatNet ADIDS WSGD,proposition-to-chunk,500,34,False,,0.8165796041488648,data\SSRDepth.pdf,7,SSRDepth_p7_chunk_1,147,1,1,0.7423450946807861,0.7423450946807861,proposition::SSRDepth_p7_chunk_1::p0,,,ue Backbone 𝛿1 ↑ 𝛿2 ↑ 𝛿3 ↑ RMSE↓ AbsRel↓ log10↓ BTS [12] arXiv 2019 DenseNet-161 0.871 0.977 0.995 0.407 0.113 0.049 AdaBins [9] CVPR 2019 EﬃcientNet-B5 0.903 0.984 0.997 0.364 0.103 0.044 LocalBins [18] ECCV 2022 ResNet-101
always_clear_depth_sota_comparison_methods,content-only,comparison with state of the art baselines Monodepth2 PackNet SfM RNW md4all DMMDE DefeatNet ADIDS WSGD,proposition-to-chunk,500,35,False,,0.814787644147873,data\Monocular Depth Estimation.pdf,15,Monocular_Depth_Estimation_p15_chunk_2,116,1,1,0.7407160401344299,0.7407160401344299,proposition::Monocular_Depth_Estimation_p15_chunk_2::p0,monodepth2,,805 0.945 0.982 DDVO [62] 0.108 0.147 1.014 5.183 0.204 0.808 0.946 0.983 Monodepth2 0.093 0.109 0.623 4.136 0.154 0.873 0.977 0.994 Table 8. Single scale monocular evaluation. Comparison to exist- ing monocular supervised methods on KITTI 2015 [13] using
always_clear_depth_sota_comparison_methods,content-only,comparison with state of the art baselines Monodepth2 PackNet SfM RNW md4all DMMDE DefeatNet ADIDS WSGD,proposition-to-chunk,500,36,False,,0.8138288855552673,data\Lite-Mono.pdf,7,Lite-Mono_p7_chunk_7,73,1,1,0.7398444414138794,0.7398444414138794,proposition::Lite-Mono_p7_chunk_7::p0,monodepth2,,"ResNet50 version of Monodepth2, which is the largest model (32.5M) in this table. Besides, Lite-Mono surpasses the recent well-designed small model R-MSFM [46]. Com- pared with the new MonoFormer [3] with a ResNet50 back- bone the proposed Lite-Mono outper"
always_clear_depth_sota_comparison_methods,content-only,comparison with state of the art baselines Monodepth2 PackNet SfM RNW md4all DMMDE DefeatNet ADIDS WSGD,proposition-to-chunk,500,37,False,,0.8137481093406678,data\dav2.pdf,20,dav2_p20_chunk_0,74,1,1,0.7397710084915161,0.7397710084915161,proposition::dav2_p20_chunk_0::p1,,,"B.6 Comparison among various pre-trained encoders We compare several currently most powerful pre-trained encoders in our MDE task, including BEiT [4], SAM [33], SynCLR [75], DINOv2 [50], and DINOv2 with registers [16]. As shown in Table 13, at the ViT-larg"
always_clear_depth_sota_comparison_methods,content-only,comparison with state of the art baselines Monodepth2 PackNet SfM RNW md4all DMMDE DefeatNet ADIDS WSGD,proposition-to-chunk,500,38,False,,0.8121449112892151,data\Monocular Depth Estimation.pdf,13,Monocular_Depth_Estimation_p13_chunk_0,116,1,1,0.7383135557174683,0.7383135557174683,proposition::Monocular_Depth_Estimation_p13_chunk_0::p5,monodepth2,,Auto- masking Min. reproj. Full-res multi-scale Encoder Pretrained Abs Rel Sq Rel RMSE RMSE log δ <1.25 δ <1.252 δ <1.253 (a) Baseline R18 ✓ 0.140 1.610 5.512 0.223 0.852 0.946 0.973 Monodepth2 w/o min reprojection ✓ ✓ R18 ✓ 0.117 0.878 4.846 0.196 0.870 0
always_clear_depth_sota_comparison_methods,content-only,comparison with state of the art baselines Monodepth2 PackNet SfM RNW md4all DMMDE DefeatNet ADIDS WSGD,proposition-to-chunk,500,39,False,,0.8119588375091553,data\Robust Monocular Depth Estimation under Challenging Conditions.pdf,7,Robust_Monocular_Depth_Estimation_under_Challenging_Conditions_p7_chunk_6,68,1,1,0.7381443977355957,0.7381443977355957,proposition::Robust_Monocular_Depth_Estimation_under_Challenging_Conditions_p7_chunk_6::p2,"md4all_dd,wsgd",,"s, tested here. Our md4all outperforms them all across the board, with substantially better estimates at night than theirs dur- ing the day: the previous best WSGD [37]’s day absRel error is 45% higher than ours at night. This is thanks to the simplicity o"
always_clear_depth_sota_comparison_methods,content-only,comparison with state of the art baselines Monodepth2 PackNet SfM RNW md4all DMMDE DefeatNet ADIDS WSGD,proposition-to-chunk,500,40,False,,0.8102561116218567,data\Global-Local.pdf,5,Global-Local_p5_chunk_4,135,1,1,0.7365964651107788,0.7365964651107788,proposition::Global-Local_p5_chunk_4::p0,,,the generalization performance. Method Params (M)δ1 ↑ δ2 ↑ δ3 ↑ AbsRel↓ RMSE↓ Baseline - Dconv 4.03 0.898 0.986 0.997 0.110 0.359 Baseline - UNet 4.95 0.901 0.987 0.997 0.109 0.363 Ours (w/o SFF) 0.38 0.905 0.986 0.997 0.104 0.357 Ours 0.66 0.908 0.987 0.9
always_clear_depth_sota_comparison_methods,content-only,comparison with state of the art baselines Monodepth2 PackNet SfM RNW md4all DMMDE DefeatNet ADIDS WSGD,proposition-to-chunk,500,41,False,,0.8098599672317505,data\ACD.pdf,5,ACD_p5_chunk_29,62,1,1,0.7362363338470459,0.7362363338470459,proposition::ACD_p5_chunk_29::p3,"md4all_dd,dmmde",,"estimation method md4all-DD. DMMDE [Tosi et al., 2025 ] uses different depth models as prior information to guide im- age translation, and achieves improvements over md4all-DD. However, due to the scale-and-shift-invariant loss, the scaling relation of de"
always_clear_depth_sota_comparison_methods,content-only,comparison with state of the art baselines Monodepth2 PackNet SfM RNW md4all DMMDE DefeatNet ADIDS WSGD,proposition-to-chunk,500,42,False,,0.8084852635860443,data\ACD.pdf,5,ACD_p5_chunk_26,79,1,1,0.7349866032600403,0.7349866032600403,proposition::ACD_p5_chunk_26::p1,"monodepth2,packnet_sfm,rnw,md4all_dd",,"e compare our method with existing depth estimation models, includ- ing the typical MDE technologies (Monodepth2 [Godard et al., 2019 ], PackNet-SfM [Guizilini et al., 2020 ]) and ro- bust depth estimation approaches (RNW [Wang et al., 2021], md4all [Gaspe"
always_clear_depth_sota_comparison_methods,content-only,comparison with state of the art baselines Monodepth2 PackNet SfM RNW md4all DMMDE DefeatNet ADIDS WSGD,proposition-to-chunk,500,43,False,,0.8076788127422333,data\Single Image Depth Prediction with Wavelet Decomposition.pdf,6,Single_Image_Depth_Prediction_with_Wavelet_Decomposition_p6_chunk_14,73,1,1,0.734253466129303,0.734253466129303,proposition::Single_Image_Depth_Prediction_with_Wavelet_Decomposition_p6_chunk_14::p1,,,"Relative score loss (%) Abs rel log10 RMSE 1 < 1.25 Figure 5: Analysis of performance loss vs density on NYUv2 . Using our wavelet representation, we can drop up to 95% of the wavelet coefﬁcients while suffering a maximum relative perfor- mance loss of les"
always_clear_depth_sota_comparison_methods,content-only,comparison with state of the art baselines Monodepth2 PackNet SfM RNW md4all DMMDE DefeatNet ADIDS WSGD,proposition-to-chunk,500,44,False,,0.8059676289558411,data\Single Image Depth Prediction with Wavelet Decomposition.pdf,6,Single_Image_Depth_Prediction_with_Wavelet_Decomposition_p6_chunk_5,61,1,1,0.7326978445053101,0.7326978445053101,proposition::Single_Image_Depth_Prediction_with_Wavelet_Decomposition_p6_chunk_5::p1,,,"et-like baseline similar to DenseDepth [2], and detail its architecture in supplemen- tary material. Similar to our KITTI experiments, we discard the last layer of the decoder as it is not needed, and add one extra layer at each scale to predict the wavele"
always_clear_depth_sota_comparison_methods,content-only,comparison with state of the art baselines Monodepth2 PackNet SfM RNW md4all DMMDE DefeatNet ADIDS WSGD,proposition-to-chunk,500,45,False,,0.8054104566574096,data\Robust Monocular Depth Estimation under Challenging Conditions.pdf,8,Robust_Monocular_Depth_Estimation_under_Challenging_Conditions_p8_chunk_0,82,1,1,0.7321913242340088,0.7321913242340088,proposition::Robust_Monocular_Depth_Estimation_under_Challenging_Conditions_p8_chunk_0::p1,"monodepth2,md4all_dd",,"input image ground truth AdaBins md4all (sup.) [ours] Monodepth2 md4all (self-sup.) [ours] fully-supervised self-supervised Figure 5. Comparison on nuScenes [3] between fully-sup. AdaBins [1] w/o and w/ ours, and self-sup. Monodepth2 [11] w/o and w/ ours"
always_clear_depth_sota_comparison_methods,content-only,comparison with state of the art baselines Monodepth2 PackNet SfM RNW md4all DMMDE DefeatNet ADIDS WSGD,proposition-to-chunk,500,46,False,,0.8050431609153748,data\Single Image Depth Prediction with Wavelet Decomposition.pdf,6,Single_Image_Depth_Prediction_with_Wavelet_Decomposition_p6_chunk_2,96,1,1,0.731857419013977,0.731857419013977,proposition::Single_Image_Depth_Prediction_with_Wavelet_Decomposition_p6_chunk_2::p1,,,"l output layer to predict {LHs, HLs, HHs}. While our baseline consumes decoder feature maps at scales [1/16, 1/8, 1/4, 1/2, 1], we only need to keep the four scales [1/16, 1/8, 1/4, 1/2], as the IDWT outputs disparity at 2× resolution. Both our model and b"
always_clear_depth_sota_comparison_methods,content-only,comparison with state of the art baselines Monodepth2 PackNet SfM RNW md4all DMMDE DefeatNet ADIDS WSGD,proposition-to-chunk,500,47,False,,0.8050197541713715,data\Lite-Mono.pdf,7,Lite-Mono_p7_chunk_15,121,1,1,0.7318361401557922,0.7318361401557922,proposition::Lite-Mono_p7_chunk_15::p0,monodepth2,,VO [36] 0.387 4.720 8.090 0.204 Monodepth2 [15]0.322 3.589 7.417 0.163 R-MSFM6 [46] 0.334 3.285 7.212 0.169 Lite-Mono (Ours)0.305 3.060 6.981 0.158 Table 3. Comparison of the proposed Lite-Mono to some other methods on the Make3D [32] dataset. All models a
always_clear_depth_sota_comparison_methods,content-only,comparison with state of the art baselines Monodepth2 PackNet SfM RNW md4all DMMDE DefeatNet ADIDS WSGD,proposition-to-chunk,500,48,False,,0.804154884815216,data\Robust Monocular Depth Estimation under Challenging Conditions.pdf,7,Robust_Monocular_Depth_Estimation_under_Challenging_Conditions_p7_chunk_9,65,1,1,0.7310498952865601,0.7310498952865601,proposition::Robust_Monocular_Depth_Estimation_under_Challenging_Conditions_p7_chunk_9::p2,"monodepth2,md4all_dd",,"wn in Table 1, with all methods performing better with rain than at night. Our self-supervised monocular md4all-DD signif- icantly improved over Monodepth2 and the baseline, per- forming close to the radar-based R4Dyn [8]. Fully-supervised Table 1 reports"
always_clear_depth_sota_comparison_methods,content-only,comparison with state of the art baselines Monodepth2 PackNet SfM RNW md4all DMMDE DefeatNet ADIDS WSGD,proposition-to-chunk,500,49,False,,0.803391444683075,data\Repurposing Diffusion-Based Image Generators for Monocular Depth Estimation.pdf,6,Repurposing_Diffusion-Based_Image_Generators_for_Monocular_Depth_Estimation_p6_chunk_15,70,1,1,0.7303558588027954,0.7303558588027954,proposition::Repurposing_Diffusion-Based_Image_Generators_for_Monocular_Depth_Estimation_p6_chunk_15::p5,,,"for testing. KITTI [17] is a street-scene dataset with sparse metric depth captured by a LiDAR sensor. We employ the Eigen test split [ 14] made of 652 images. ETH3D [45] and DIODE [50] are two high-resolution datasets, both featuring depth maps derived fr"
always_clear_depth_sota_comparison_methods,content-only,comparison with state of the art baselines Monodepth2 PackNet SfM RNW md4all DMMDE DefeatNet ADIDS WSGD,proposition-to-chunk,500,50,False,,0.8024058699607849,data\Single Image Depth Prediction with Wavelet Decomposition.pdf,13,Single_Image_Depth_Prediction_with_Wavelet_Decomposition_p13_chunk_18,95,1,1,0.7294598817825317,0.7294598817825317,proposition::Single_Image_Depth_Prediction_with_Wavelet_Decomposition_p13_chunk_18::p0,,,"predictions iconv2 3 1 138 4 ↑iconv2, econv2LeakyReLU(0.2) wave2 3 1 3 4 iconv2 Linear IDWT1 - - 1 2 IDWT2, wave2 - Table 8: Our decoder network architecture for experiments on the NYUv2 [58] datasetNote that since like in DenseDepth [2] we produce a dept"
always_clear_depth_sota_comparison_methods,content-only,comparison with state of the art baselines Monodepth2 PackNet SfM RNW md4all DMMDE DefeatNet ADIDS WSGD,proposition-to-chunk,1000,1,True,1,0.9819618165493011,data\Single Image Depth Prediction with Wavelet Decomposition.pdf,8,Single_Image_Depth_Prediction_with_Wavelet_Decomposition_p8_chunk_1,148,3,3,0.7593146562576294,2.2264716029167175,proposition::Single_Image_Depth_Prediction_with_Wavelet_Decomposition_p8_chunk_1::p5|proposition::Single_Image_Depth_Prediction_with_Wavelet_Decomposition_p8_chunk_1::p6|proposition::Single_Image_Depth_Prediction_with_Wavelet_Decomposition_p8_chunk_1::p4,monodepth2,,et18  S 192×640 0.110 0.876 4.916 0.206 0.864 0.950 0.976 Monodepth2 Resnet50  S 192×640 0.108 0.802 4.577 0.185 0.886 0.963 0.983 WaveletMonodepthResnet50  S 192×640 0.106 0.824 4.824 0.205 0.870 0.949 0.975 [63] Depth Hints  SSGM 192×640 0.106 0.780
always_clear_depth_sota_comparison_methods,content-only,comparison with state of the art baselines Monodepth2 PackNet SfM RNW md4all DMMDE DefeatNet ADIDS WSGD,proposition-to-chunk,1000,2,True,2,0.9719230115413666,data\Monocular Depth Estimation.pdf,7,Monocular_Depth_Estimation_p7_chunk_6,92,3,3,0.7531121969223022,2.1881081461906433,proposition::Monocular_Depth_Estimation_p7_chunk_6::p3|proposition::Monocular_Depth_Estimation_p7_chunk_6::p0|proposition::Monocular_Depth_Estimation_p7_chunk_6::p1,monodepth2,,"Monodepth2(full Eigen dataset) ✓ ✓ ✓ ✓ ✓ 0.116 0.918 4.872 0.193 0.874 0.959 0.981 Table 2. Ablation. Results for different variants of our model (Monodepth2) with monocular training on KITTI 2015 [13] using the Eigen split. (a) The baseline model, with n"
always_clear_depth_sota_comparison_methods,content-only,comparison with state of the art baselines Monodepth2 PackNet SfM RNW md4all DMMDE DefeatNet ADIDS WSGD,proposition-to-chunk,1000,3,True,3,0.9639122784137726,data\Single Image Depth Prediction with Wavelet Decomposition.pdf,8,Single_Image_Depth_Prediction_with_Wavelet_Decomposition_p8_chunk_5,143,3,3,0.7448194622993469,2.1909281611442566,proposition::Single_Image_Depth_Prediction_with_Wavelet_Decomposition_p8_chunk_5::p7|proposition::Single_Image_Depth_Prediction_with_Wavelet_Decomposition_p8_chunk_5::p6|proposition::Single_Image_Depth_Prediction_with_Wavelet_Decomposition_p8_chunk_5::p5,monodepth2,, MS +SSGM 192×640 0.105 0.769 4.627 0.189 0.875 0.959 0.982 WaveletMonodepthResnet18  MS +SSGM 192×640 0.110 0.840 4.741 0.195 0.868 0.956 0.981 [18] Monodepth2 Resnet18  S 320×1024 0.105 0.822 4.692 0.199 0.876 0.954 0.977 WaveletMonodepthResnet18  S
always_clear_depth_sota_comparison_methods,content-only,comparison with state of the art baselines Monodepth2 PackNet SfM RNW md4all DMMDE DefeatNet ADIDS WSGD,proposition-to-chunk,1000,4,True,4,0.9569539427757263,data\Monocular Depth Estimation.pdf,13,Monocular_Depth_Estimation_p13_chunk_5,142,3,3,0.73943030834198,2.1752363443374634,proposition::Monocular_Depth_Estimation_p13_chunk_5::p3|proposition::Monocular_Depth_Estimation_p13_chunk_5::p1|proposition::Monocular_Depth_Estimation_p13_chunk_5::p4,monodepth2,,.976 Monodepth2 w/o pt or full-res m.s. ✓ ✓ R18 0.131 1.030 5.206 0.210 0.846 0.948 0.978 Monodepth2w/o pt ✓ ✓ ✓ R18 0.132 1.044 5.142 0.210 0.845 0.948 0.977 (c) Monodepth2ResNet18 w/o pt ✓ ✓ ✓ R18 0.132 1.044 5.142 0.210 0.845 0.948 0.977 Monodepth2ResNe
always_clear_depth_sota_comparison_methods,content-only,comparison with state of the art baselines Monodepth2 PackNet SfM RNW md4all DMMDE DefeatNet ADIDS WSGD,proposition-to-chunk,1000,5,True,5,0.9548675656318665,data\ACD.pdf,6,ACD_p6_chunk_1,67,2,2,0.800573468208313,1.5429409742355347,proposition::ACD_p6_chunk_1::p1|proposition::ACD_p6_chunk_1::p2,"monodepth2,md4all_dd",,"obotCar [Maddern et al., 2017 ]. We compare the ACDepth approach with md4all-DD and MonoDepth2, all of which use the same backbone. To better illustrate the results, the real point cloud is projected onto the original image, and no ground truth (GT) is req"
always_clear_depth_sota_comparison_methods,content-only,comparison with state of the art baselines Monodepth2 PackNet SfM RNW md4all DMMDE DefeatNet ADIDS WSGD,proposition-to-chunk,1000,6,True,6,0.9489355564117432,data\Lite-Mono.pdf,7,Lite-Mono_p7_chunk_6,85,2,2,0.7973244190216064,1.5161113739013672,proposition::Lite-Mono_p7_chunk_6::p4|proposition::Lite-Mono_p7_chunk_6::p2,monodepth2,,"(3.1M). Speciﬁcally, Lite-Mono greatly exceeds Monodepth2 [15] with a ResNet18 [17] backbone, but the model size is only about one-ﬁfth of this model. It also outperforms the ResNet50 version of Monodepth2, which is the largest model (32.5M) in this table"
always_clear_depth_sota_comparison_methods,content-only,comparison with state of the art baselines Monodepth2 PackNet SfM RNW md4all DMMDE DefeatNet ADIDS WSGD,proposition-to-chunk,1000,7,True,7,0.9273475468158722,data\Monocular Depth Estimation.pdf,15,Monocular_Depth_Estimation_p15_chunk_6,88,2,2,0.7732633948326111,1.540841519832611,proposition::Monocular_Depth_Estimation_p15_chunk_6::p1|proposition::Monocular_Depth_Estimation_p15_chunk_6::p0,monodepth2,,Monodepth2 MS 15.07 4.16 11.64 15.27 Monodepth2(ResNet 50)MS 14.41 3.67 11.22 14.73 Table 9. KITTI depth prediction benchmark. Comparison of our monocular plus stereo approaches to fully supervised methods on the KITTI depth prediction benchmark [27]. D in
always_clear_depth_sota_comparison_methods,content-only,comparison with state of the art baselines Monodepth2 PackNet SfM RNW md4all DMMDE DefeatNet ADIDS WSGD,proposition-to-chunk,1000,8,True,8,0.9032096207141876,data\Single Image Depth Prediction with Wavelet Decomposition.pdf,8,Single_Image_Depth_Prediction_with_Wavelet_Decomposition_p8_chunk_0,132,2,2,0.7536919116973877,1.4951770901679993,proposition::Single_Image_Depth_Prediction_with_Wavelet_Decomposition_p8_chunk_0::p2|proposition::Single_Image_Depth_Prediction_with_Wavelet_Decomposition_p8_chunk_0::p10,monodepth2,,Cit. Method PP Data H ×W Abs Rel Sq Rel RMSE RMSE log δ<1.25 δ<1.252 δ<1.253 [18] Monodepth2 Resnet18  S 192×640 0.108 0.842 4.891 0.207 0.866 0.949 0.976 WaveletMonodepthResnet18  S 192×640 0.110 0.876 4.916 0.206 0.864 0.950 0.976 Monodepth2 Resnet50 
always_clear_depth_sota_comparison_methods,content-only,comparison with state of the art baselines Monodepth2 PackNet SfM RNW md4all DMMDE DefeatNet ADIDS WSGD,proposition-to-chunk,1000,9,False,,0.8900354623794555,data\Single Image Depth Prediction with Wavelet Decomposition.pdf,14,Single_Image_Depth_Prediction_with_Wavelet_Decomposition_p14_chunk_8,143,2,2,0.7444336414337158,1.4560182094573975,proposition::Single_Image_Depth_Prediction_with_Wavelet_Decomposition_p14_chunk_8::p4|proposition::Single_Image_Depth_Prediction_with_Wavelet_Decomposition_p14_chunk_8::p3,monodepth2,,MS +SSGM 192 × 640 0.086 0.497 3.699 0.131 0.914 0.983 0.996 [18] Monodepth2 Resnet18  S 320 × 1024 0.082 0.497 3.637 0.132 0.924 0.982 0.994 WaveletMonodepth Resnet18  S 320 × 1024 0.080 0.443 3.544 0.130 0.919 0.983 0.995 WaveletMonodepth Resnet50  S
always_clear_depth_sota_comparison_methods,content-only,comparison with state of the art baselines Monodepth2 PackNet SfM RNW md4all DMMDE DefeatNet ADIDS WSGD,proposition-to-chunk,1000,10,True,9,0.8745192885398865,data\Lite-Mono.pdf,6,Lite-Mono_p6_chunk_16,92,2,2,0.7289683818817139,1.455509066581726,proposition::Lite-Mono_p6_chunk_16::p5|proposition::Lite-Mono_p6_chunk_16::p2,monodepth2,,"esolution 1024× 320, ”M†”: without pre-training on ImageNet [7]. Input Monodepth2 R-MSFM3 R-MSFM6 Lite-Mono -small Lite-Mono input Monodepth2 R-MSFM6 Lite-Mono (Ours) Figure 4. Qualitative results on KITTI. Here are some depth maps generated by Monodepth2"
always_clear_depth_sota_comparison_methods,content-only,comparison with state of the art baselines Monodepth2 PackNet SfM RNW md4all DMMDE DefeatNet ADIDS WSGD,proposition-to-chunk,1000,11,False,,0.8704857945442199,data\Monocular Depth Estimation.pdf,7,Monocular_Depth_Estimation_p7_chunk_2,140,2,2,0.7257378697395325,1.447479248046875,proposition::Monocular_Depth_Estimation_p7_chunk_2::p3|proposition::Monocular_Depth_Estimation_p7_chunk_2::p1,monodepth2,,0.124 1.170 5.249 0.203 0.865 0.953 0.978 Monodepth2 w/o min reprojection ✓ ✓ ✓ 0.117 0.878 4.846 0.196 0.870 0.957 0.980 Monodepth2 w/o auto-masking ✓ ✓ ✓ 0.120 1.097 5.074 0.197 0.872 0.956 0.979 Monodepth2 w/o full-res m.s. ✓ ✓ ✓ 0.117 0.866 4.864 0.19
always_clear_depth_sota_comparison_methods,content-only,comparison with state of the art baselines Monodepth2 PackNet SfM RNW md4all DMMDE DefeatNet ADIDS WSGD,proposition-to-chunk,1000,12,False,,0.8678357541561127,data\Lite-Mono.pdf,7,Lite-Mono_p7_chunk_17,82,2,2,0.7236045598983765,1.442311942577362,proposition::Lite-Mono_p7_chunk_17::p1|proposition::Lite-Mono_p7_chunk_17::p2,monodepth2,,o input Monodepth2 R-MSFM6 Lite-Mono (Ours) Figure 5. Qualitative results on the Make3D dataset.Lite-Mono is compared to Monodepth2 [15] and R-MSFM [46]. Lite-Mono can perceive different sizes of objects. NVIDIA TITAN Xp and a Jetson Xavier and are compare
always_clear_depth_sota_comparison_methods,content-only,comparison with state of the art baselines Monodepth2 PackNet SfM RNW md4all DMMDE DefeatNet ADIDS WSGD,proposition-to-chunk,1000,13,False,,0.8498815655708313,data\Single Image Depth Prediction with Wavelet Decomposition.pdf,8,Single_Image_Depth_Prediction_with_Wavelet_Decomposition_p8_chunk_4,141,1,1,0.7726196050643921,0.7726196050643921,proposition::Single_Image_Depth_Prediction_with_Wavelet_Decomposition_p8_chunk_4::p0,monodepth2,,[18] Monodepth2 Resnet18  MS 192×640 0.104 0.786 4.687 0.194 0.876 0.958 0.980 WaveletMonodepthResnet18  MS 192×640 0.109 0.814 4.808 0.198 0.868 0.955 0.980 [63] Depth Hints  MS +SSGM 192×640 0.105 0.769 4.627 0.189 0.875 0.959 0.982 WaveletMonodepthRe
always_clear_depth_sota_comparison_methods,content-only,comparison with state of the art baselines Monodepth2 PackNet SfM RNW md4all DMMDE DefeatNet ADIDS WSGD,proposition-to-chunk,1000,14,False,,0.8376832425594329,data\Monocular Depth Estimation.pdf,17,Monocular_Depth_Estimation_p17_chunk_2,155,1,1,0.7615302205085754,0.7615302205085754,proposition::Monocular_Depth_Estimation_p17_chunk_2::p0,monodepth2,,4 0.979 Monodepth2⇒ Separate ResNet 2 ✓ 0.115 0.919 4.863 0.193 0.877 0.959 0.981 Separate ResNet 3 ✓ 0.115 0.902 4.847 0.193 0.877 0.960 0.981 PoseCNN [62] 2 0.147 1.164 5.445 0.221 0.818 0.940 0.974 PoseCNN [62] 3 0.147 1.117 5.403 0.222 0.815 0.940 0.97
always_clear_depth_sota_comparison_methods,content-only,comparison with state of the art baselines Monodepth2 PackNet SfM RNW md4all DMMDE DefeatNet ADIDS WSGD,proposition-to-chunk,1000,15,False,,0.8368000149726867,data\Single Image Depth Prediction with Wavelet Decomposition.pdf,13,Single_Image_Depth_Prediction_with_Wavelet_Decomposition_p13_chunk_14,94,1,1,0.7607272863388062,0.7607272863388062,proposition::Single_Image_Depth_Prediction_with_Wavelet_Decomposition_p13_chunk_14::p0,,,"econv2LeakyReLU(0.2) iconv1 3 1 69 2 ↑iconv2, econv1LeakyReLU(0.2) outconv01 1 1 2 iconv1 Linear Table 7: Architecture of our DenseNet baseline decoder for experiments on the NYUv2 [58] dataset Note that as in DenseDepth [2] we produce a depth map at half"
always_clear_depth_sota_comparison_methods,content-only,comparison with state of the art baselines Monodepth2 PackNet SfM RNW md4all DMMDE DefeatNet ADIDS WSGD,proposition-to-chunk,1000,16,False,,0.8328600764274597,data\Single Image Depth Prediction with Wavelet Decomposition.pdf,14,Single_Image_Depth_Prediction_with_Wavelet_Decomposition_p14_chunk_3,141,1,1,0.7571455240249634,0.7571455240249634,proposition::Single_Image_Depth_Prediction_with_Wavelet_Decomposition_p14_chunk_3::p1,monodepth2,,MSE RMSE log δ<1.25 δ<1.252 δ<1.253 [18] Monodepth2 Resnet18  S 192 × 640 0.079 0.512 3.721 0.131 0.924 0.982 0.994 WaveletMonodepth Resnet18  S 192 × 640 0.084 0.523 3.807 0.137 0.914 0.980 0.994 WaveletMonodepth Resnet50  S 192 × 640 0.081 0.477 3.658
always_clear_depth_sota_comparison_methods,content-only,comparison with state of the art baselines Monodepth2 PackNet SfM RNW md4all DMMDE DefeatNet ADIDS WSGD,proposition-to-chunk,1000,17,False,,0.830467015504837,data\Single Image Depth Prediction with Wavelet Decomposition.pdf,8,Single_Image_Depth_Prediction_with_Wavelet_Decomposition_p8_chunk_14,58,1,1,0.7549700140953064,0.7549700140953064,proposition::Single_Image_Depth_Prediction_with_Wavelet_Decomposition_p8_chunk_14::p1,,,"mpare our DenseDepth [2]-inspired baseline to our implementation with wavelets and with sparsity. All results are evaluated in the Eigen center crop, without post-processing. As in DenseDepth, our network outputs a 240× 320 depth map which is then upsample"
always_clear_depth_sota_comparison_methods,content-only,comparison with state of the art baselines Monodepth2 PackNet SfM RNW md4all DMMDE DefeatNet ADIDS WSGD,proposition-to-chunk,1000,18,False,,0.8282002329826355,data\dav2.pdf,22,dav2_p22_chunk_11,67,1,1,0.7529093027114868,0.7529093027114868,proposition::dav2_p22_chunk_11::p2,,,"scenario accuracy (%) of Depth Anything V2 on our proposed benchmark DA-2K. C.2 Comparison with the DIW dataset Although DIW [11] and our DA-2K use the same annotation format (both sparse pixel pairs, we are inspired by DIW), our proposed DA-2K dataset is"
always_clear_depth_sota_comparison_methods,content-only,comparison with state of the art baselines Monodepth2 PackNet SfM RNW md4all DMMDE DefeatNet ADIDS WSGD,proposition-to-chunk,1000,19,False,,0.8276490926742553,data\Lite-Mono.pdf,7,Lite-Mono_p7_chunk_18,71,1,1,0.7524082660675049,0.7524082660675049,proposition::Lite-Mono_p7_chunk_18::p2,monodepth2,,"different sizes of objects. NVIDIA TITAN Xp and a Jetson Xavier and are compared with Monodepth2 [15], R-MSFM [46], and MonoViT- tiny [43]. Table 4 shows that the proposed design has a good balance between model size and speed. Notice that Lite- Mono-tiny"
always_clear_depth_sota_comparison_methods,content-only,comparison with state of the art baselines Monodepth2 PackNet SfM RNW md4all DMMDE DefeatNet ADIDS WSGD,proposition-to-chunk,1000,20,False,,0.8275213718414307,data\dav2.pdf,7,dav2_p7_chunk_5,58,1,1,0.7522921562194824,0.7522921562194824,proposition::dav2_p7_chunk_5::p2,,,"label. (b) Detail of our scenario coverage. 6 A New Evaluation Benchmark: DA-2K 6.1 Limitations in Existing Benchmarks In Section 2, we demonstrated that commonly used real training sets have noisy depth labels. Here, we further argue that widely adopted"
always_clear_depth_sota_comparison_methods,content-only,comparison with state of the art baselines Monodepth2 PackNet SfM RNW md4all DMMDE DefeatNet ADIDS WSGD,proposition-to-chunk,1000,21,False,,0.826934564113617,data\Monocular Depth Estimation.pdf,14,Monocular_Depth_Estimation_p14_chunk_4,151,1,1,0.7517586946487427,0.7517586946487427,proposition::Monocular_Depth_Estimation_p14_chunk_4::p0,monodepth2,,.991 SuperDepth [47] + pp S 0.090 0.542 3.967 0.144 0.901 0.976 0.993 Monodepth2w/o pretrainingS 0.110 0.849 4.580 0.173 0.875 0.962 0.986 Monodepth2 S 0.085 0.537 3.868 0.139 0.912 0.979 0.993 Zhan FullNYU [73] D*MS 0.130 1.520 5.184 0.205 0.859 0.955 0.9
always_clear_depth_sota_comparison_methods,content-only,comparison with state of the art baselines Monodepth2 PackNet SfM RNW md4all DMMDE DefeatNet ADIDS WSGD,proposition-to-chunk,1000,22,False,,0.8264304995536804,data\Lite-Mono.pdf,7,Lite-Mono_p7_chunk_19,73,1,1,0.7513004541397095,0.7513004541397095,proposition::Lite-Mono_p7_chunk_19::p1,monodepth2,,ign has a good balance between model size and speed. Notice that Lite- Mono-tiny outperforms Monodepth2 both in speed and ac- curacy (Table 2). Although R-MSFM [46] is a lightweight model it is slow. The latest MonoViT-tiny [43] runs the slowest due to its
always_clear_depth_sota_comparison_methods,content-only,comparison with state of the art baselines Monodepth2 PackNet SfM RNW md4all DMMDE DefeatNet ADIDS WSGD,proposition-to-chunk,1000,23,False,,0.8258484780788422,data\Robust Monocular Depth Estimation under Challenging Conditions.pdf,6,Robust_Monocular_Depth_Estimation_under_Challenging_Conditions_p6_chunk_26,56,1,1,0.7507713437080383,0.7507713437080383,proposition::Robust_Monocular_Depth_Estimation_under_Challenging_Conditions_p6_chunk_26::p3,"monodepth2,md4all_dd",,"n standard settings, possibly due to its large model and the relatively small dataset. Pack- Net’s velocity supervision also helped over Monodepth2 (md2) with our baseline. Thanks to the extra radar signal, R4Dyn [8] delivered significant improvements, alt"
always_clear_depth_sota_comparison_methods,content-only,comparison with state of the art baselines Monodepth2 PackNet SfM RNW md4all DMMDE DefeatNet ADIDS WSGD,proposition-to-chunk,1000,24,False,,0.8254171252250672,data\Jasmine.pdf,21,Jasmine_p21_chunk_21,38,1,1,0.750379204750061,0.750379204750061,proposition::Jasmine_p21_chunk_21::p1,monodepth2,,h ratio under two supervision schemes. We further present 1Discussed in MonoDepth2 repository: https://github.com/nianticlabs/monodepth2/issues/274 21
always_clear_depth_sota_comparison_methods,content-only,comparison with state of the art baselines Monodepth2 PackNet SfM RNW md4all DMMDE DefeatNet ADIDS WSGD,proposition-to-chunk,1000,25,False,,0.8229004085063935,data\Robust Monocular Depth Estimation under Challenging Conditions.pdf,6,Robust_Monocular_Depth_Estimation_under_Challenging_Conditions_p6_chunk_21,77,1,1,0.7480912804603577,0.7480912804603577,proposition::Robust_Monocular_Depth_Estimation_under_Challenging_Conditions_p6_chunk_21::p7,"monodepth2,md4all_dd",,"d T c directly on its training set. We share publicly all generated hc i images. Prior works and baselines We compared ours with a variety of works [8, 11, 12, 38, 37, 22, 33, 1]. We applied ours on the self-supervised Monodepth2-based baseline of Section"
always_clear_depth_sota_comparison_methods,content-only,comparison with state of the art baselines Monodepth2 PackNet SfM RNW md4all DMMDE DefeatNet ADIDS WSGD,proposition-to-chunk,1000,26,False,,0.8210120677947998,data\Monocular Depth Estimation.pdf,7,Monocular_Depth_Estimation_p7_chunk_23,60,1,1,0.7463746070861816,0.7463746070861816,proposition::Monocular_Depth_Estimation_p7_chunk_23::p2,,,"igher quality ground truth depths provided by [59]. Like [1], we use these instead of the reprojected LIDAR scans to compare our method against several existing baseline algorithms, still showing superior performance. Make3D In Table 3 we report performanc"
always_clear_depth_sota_comparison_methods,content-only,comparison with state of the art baselines Monodepth2 PackNet SfM RNW md4all DMMDE DefeatNet ADIDS WSGD,proposition-to-chunk,1000,27,False,,0.8193196356296539,data\Global-Local.pdf,4,Global-Local_p4_chunk_26,26,1,1,0.7448360323905945,0.7448360323905945,proposition::Global-Local_p4_chunk_26::p0,,,"rt models (Adabins, DPT) with lesser pa- rameters. This suggests that the combination of the trans-"
always_clear_depth_sota_comparison_methods,content-only,comparison with state of the art baselines Monodepth2 PackNet SfM RNW md4all DMMDE DefeatNet ADIDS WSGD,proposition-to-chunk,1000,28,False,,0.8192049622535705,data\Single Image Depth Prediction with Wavelet Decomposition.pdf,16,Single_Image_Depth_Prediction_with_Wavelet_Decomposition_p16_chunk_9,156,1,1,0.7447317838668823,0.7447317838668823,proposition::Single_Image_Depth_Prediction_with_Wavelet_Decomposition_p16_chunk_9::p0,,,se baseline MobileNetv2 - 480×640 0.1772 0.6638 0.0731 0.7419 0.9341 0.9835 1.8911 7.7960 Ours MobileNetv2 - 480×640 0.1727 0.6776 0.0732 0.7380 0.9362 0.9844 1.9732 7.9004 Ours MobileNetv2  480×640 0.1734 0.6700 0.0731 0.7391 0.9347 0.9844 2.3036 8.0538
always_clear_depth_sota_comparison_methods,content-only,comparison with state of the art baselines Monodepth2 PackNet SfM RNW md4all DMMDE DefeatNet ADIDS WSGD,proposition-to-chunk,1000,29,False,,0.8187513828277588,data\Monocular Depth Estimation.pdf,17,Monocular_Depth_Estimation_p17_chunk_3,148,1,1,0.7443194389343262,0.7443194389343262,proposition::Monocular_Depth_Estimation_p17_chunk_3::p0,monodepth2,,0.221 0.818 0.940 0.974 PoseCNN [62] 3 0.147 1.117 5.403 0.222 0.815 0.940 0.976 Shared encoder (arXiv v1) 2 0.149 1.153 5.567 0.229 0.807 0.934 0.972 Shared encoder (arXiv v1) 3 0.145 1.159 5.482 0.224 0.818 0.937 0.973 Monodepth2⇒ Separate ResNet 2 0.13
always_clear_depth_sota_comparison_methods,content-only,comparison with state of the art baselines Monodepth2 PackNet SfM RNW md4all DMMDE DefeatNet ADIDS WSGD,proposition-to-chunk,1000,30,False,,0.8184562742710113,data\s.pdf,6,s_p6_chunk_10,166,1,1,0.7440511584281921,0.7440511584281921,proposition::s_p6_chunk_10::p0,"rnw,adids,wsgd",,0.3340 4.589 8.606 58.60 ADIDS [18] [27] 1 0.2390 2.089 6.743 61.40 0.2870 2.569 7.985 49.00 RNW [30] [27] 1 0.2970 2.608 7.996 43.10 0.1850 1.710 6.549 73.30 WSGD [27] [27] 1 0.1760 1.603 6.036 75.00 0.1740 1.637 6.302 75.40 robust-depth [22] [self] 1 0.
always_clear_depth_sota_comparison_methods,content-only,comparison with state of the art baselines Monodepth2 PackNet SfM RNW md4all DMMDE DefeatNet ADIDS WSGD,proposition-to-chunk,1000,31,False,,0.8179984986782074,data\Single Image Depth Prediction with Wavelet Decomposition.pdf,13,Single_Image_Depth_Prediction_with_Wavelet_Decomposition_p13_chunk_3,115,1,1,0.7436349987983704,0.7436349987983704,proposition::Single_Image_Depth_Prediction_with_Wavelet_Decomposition_p13_chunk_3::p0,,,"onv2 3 1 32 4 iconv2 ELU IDWT1 - - 1 8 IDWT2, wave2 - Level 0 coefﬁcients predictions iconv1 3 1 32 2 ↑upconv2, econv1ELU wave1 3 1 3 2 iconv1 Sigmoid IDWT0 - - - 1 IDWT1, wave1 - Table 5: Our decoder network architecture for experiments on the KITTI [15]"
always_clear_depth_sota_comparison_methods,content-only,comparison with state of the art baselines Monodepth2 PackNet SfM RNW md4all DMMDE DefeatNet ADIDS WSGD,proposition-to-chunk,1000,32,False,,0.8179143786430358,data\Monocular Depth Estimation.pdf,15,Monocular_Depth_Estimation_p15_chunk_5,160,1,1,0.7435585260391235,0.7435585260391235,proposition::Monocular_Depth_Estimation_p15_chunk_5::p0,monodepth2,,9] D 14.74 3.88 11.74 15.63 CSWS [32] D 14.85 3.48 11.84 16.38 DHGRL [74] D 15.47 4.04 12.52 15.72 Monodepth [15] S 22.02 20.58 17.79 21.84 Monodepth2 M 15.57 4.52 12.98 16.70 Monodepth2 MS 15.07 4.16 11.64 15.27 Monodepth2(ResNet 50)MS 14.41 3.67 11.22 14
always_clear_depth_sota_comparison_methods,content-only,comparison with state of the art baselines Monodepth2 PackNet SfM RNW md4all DMMDE DefeatNet ADIDS WSGD,proposition-to-chunk,1000,33,False,,0.8166101574897766,data\Global-Local.pdf,11,Global-Local_p11_chunk_0,66,1,1,0.7423728704452515,0.7423728704452515,proposition::Global-Local_p11_chunk_0::p2,,,"8 Appendix: Detailed structure of baseline decoder We illustrate the detailed structure of Baseline-DConv and Baseline-UNet in Figure 5. We use transposed convolution with K = 3 ,S = 2 ,P = 1 parameters to upscale the given feature into 2x size. For Baseli"
always_clear_depth_sota_comparison_methods,content-only,comparison with state of the art baselines Monodepth2 PackNet SfM RNW md4all DMMDE DefeatNet ADIDS WSGD,proposition-to-chunk,1000,34,False,,0.8165796041488648,data\SSRDepth.pdf,7,SSRDepth_p7_chunk_1,147,1,1,0.7423450946807861,0.7423450946807861,proposition::SSRDepth_p7_chunk_1::p0,,,ue Backbone 𝛿1 ↑ 𝛿2 ↑ 𝛿3 ↑ RMSE↓ AbsRel↓ log10↓ BTS [12] arXiv 2019 DenseNet-161 0.871 0.977 0.995 0.407 0.113 0.049 AdaBins [9] CVPR 2019 EﬃcientNet-B5 0.903 0.984 0.997 0.364 0.103 0.044 LocalBins [18] ECCV 2022 ResNet-101
always_clear_depth_sota_comparison_methods,content-only,comparison with state of the art baselines Monodepth2 PackNet SfM RNW md4all DMMDE DefeatNet ADIDS WSGD,proposition-to-chunk,1000,35,False,,0.814787644147873,data\Monocular Depth Estimation.pdf,15,Monocular_Depth_Estimation_p15_chunk_2,116,1,1,0.7407160401344299,0.7407160401344299,proposition::Monocular_Depth_Estimation_p15_chunk_2::p0,monodepth2,,805 0.945 0.982 DDVO [62] 0.108 0.147 1.014 5.183 0.204 0.808 0.946 0.983 Monodepth2 0.093 0.109 0.623 4.136 0.154 0.873 0.977 0.994 Table 8. Single scale monocular evaluation. Comparison to exist- ing monocular supervised methods on KITTI 2015 [13] using
always_clear_depth_sota_comparison_methods,content-only,comparison with state of the art baselines Monodepth2 PackNet SfM RNW md4all DMMDE DefeatNet ADIDS WSGD,proposition-to-chunk,1000,36,False,,0.8138288855552673,data\Lite-Mono.pdf,7,Lite-Mono_p7_chunk_7,73,1,1,0.7398444414138794,0.7398444414138794,proposition::Lite-Mono_p7_chunk_7::p0,monodepth2,,"ResNet50 version of Monodepth2, which is the largest model (32.5M) in this table. Besides, Lite-Mono surpasses the recent well-designed small model R-MSFM [46]. Com- pared with the new MonoFormer [3] with a ResNet50 back- bone the proposed Lite-Mono outper"
always_clear_depth_sota_comparison_methods,content-only,comparison with state of the art baselines Monodepth2 PackNet SfM RNW md4all DMMDE DefeatNet ADIDS WSGD,proposition-to-chunk,1000,37,False,,0.8137481093406678,data\dav2.pdf,20,dav2_p20_chunk_0,74,1,1,0.7397710084915161,0.7397710084915161,proposition::dav2_p20_chunk_0::p1,,,"B.6 Comparison among various pre-trained encoders We compare several currently most powerful pre-trained encoders in our MDE task, including BEiT [4], SAM [33], SynCLR [75], DINOv2 [50], and DINOv2 with registers [16]. As shown in Table 13, at the ViT-larg"
always_clear_depth_sota_comparison_methods,content-only,comparison with state of the art baselines Monodepth2 PackNet SfM RNW md4all DMMDE DefeatNet ADIDS WSGD,proposition-to-chunk,1000,38,False,,0.8121449112892151,data\Monocular Depth Estimation.pdf,13,Monocular_Depth_Estimation_p13_chunk_0,116,1,1,0.7383135557174683,0.7383135557174683,proposition::Monocular_Depth_Estimation_p13_chunk_0::p5,monodepth2,,Auto- masking Min. reproj. Full-res multi-scale Encoder Pretrained Abs Rel Sq Rel RMSE RMSE log δ <1.25 δ <1.252 δ <1.253 (a) Baseline R18 ✓ 0.140 1.610 5.512 0.223 0.852 0.946 0.973 Monodepth2 w/o min reprojection ✓ ✓ R18 ✓ 0.117 0.878 4.846 0.196 0.870 0
always_clear_depth_sota_comparison_methods,content-only,comparison with state of the art baselines Monodepth2 PackNet SfM RNW md4all DMMDE DefeatNet ADIDS WSGD,proposition-to-chunk,1000,39,False,,0.8119588375091553,data\Robust Monocular Depth Estimation under Challenging Conditions.pdf,7,Robust_Monocular_Depth_Estimation_under_Challenging_Conditions_p7_chunk_6,68,1,1,0.7381443977355957,0.7381443977355957,proposition::Robust_Monocular_Depth_Estimation_under_Challenging_Conditions_p7_chunk_6::p2,"md4all_dd,wsgd",,"s, tested here. Our md4all outperforms them all across the board, with substantially better estimates at night than theirs dur- ing the day: the previous best WSGD [37]’s day absRel error is 45% higher than ours at night. This is thanks to the simplicity o"
always_clear_depth_sota_comparison_methods,content-only,comparison with state of the art baselines Monodepth2 PackNet SfM RNW md4all DMMDE DefeatNet ADIDS WSGD,proposition-to-chunk,1000,40,False,,0.8102561116218567,data\Global-Local.pdf,5,Global-Local_p5_chunk_4,135,1,1,0.7365964651107788,0.7365964651107788,proposition::Global-Local_p5_chunk_4::p0,,,the generalization performance. Method Params (M)δ1 ↑ δ2 ↑ δ3 ↑ AbsRel↓ RMSE↓ Baseline - Dconv 4.03 0.898 0.986 0.997 0.110 0.359 Baseline - UNet 4.95 0.901 0.987 0.997 0.109 0.363 Ours (w/o SFF) 0.38 0.905 0.986 0.997 0.104 0.357 Ours 0.66 0.908 0.987 0.9
always_clear_depth_sota_comparison_methods,content-only,comparison with state of the art baselines Monodepth2 PackNet SfM RNW md4all DMMDE DefeatNet ADIDS WSGD,proposition-to-chunk,1000,41,False,,0.8098599672317505,data\ACD.pdf,5,ACD_p5_chunk_29,62,1,1,0.7362363338470459,0.7362363338470459,proposition::ACD_p5_chunk_29::p3,"md4all_dd,dmmde",,"estimation method md4all-DD. DMMDE [Tosi et al., 2025 ] uses different depth models as prior information to guide im- age translation, and achieves improvements over md4all-DD. However, due to the scale-and-shift-invariant loss, the scaling relation of de"
always_clear_depth_sota_comparison_methods,content-only,comparison with state of the art baselines Monodepth2 PackNet SfM RNW md4all DMMDE DefeatNet ADIDS WSGD,proposition-to-chunk,1000,42,False,,0.8084852635860443,data\ACD.pdf,5,ACD_p5_chunk_26,79,1,1,0.7349866032600403,0.7349866032600403,proposition::ACD_p5_chunk_26::p1,"monodepth2,packnet_sfm,rnw,md4all_dd",,"e compare our method with existing depth estimation models, includ- ing the typical MDE technologies (Monodepth2 [Godard et al., 2019 ], PackNet-SfM [Guizilini et al., 2020 ]) and ro- bust depth estimation approaches (RNW [Wang et al., 2021], md4all [Gaspe"
always_clear_depth_sota_comparison_methods,content-only,comparison with state of the art baselines Monodepth2 PackNet SfM RNW md4all DMMDE DefeatNet ADIDS WSGD,proposition-to-chunk,1000,43,False,,0.8076788127422333,data\Single Image Depth Prediction with Wavelet Decomposition.pdf,6,Single_Image_Depth_Prediction_with_Wavelet_Decomposition_p6_chunk_14,73,1,1,0.734253466129303,0.734253466129303,proposition::Single_Image_Depth_Prediction_with_Wavelet_Decomposition_p6_chunk_14::p1,,,"Relative score loss (%) Abs rel log10 RMSE 1 < 1.25 Figure 5: Analysis of performance loss vs density on NYUv2 . Using our wavelet representation, we can drop up to 95% of the wavelet coefﬁcients while suffering a maximum relative perfor- mance loss of les"
always_clear_depth_sota_comparison_methods,content-only,comparison with state of the art baselines Monodepth2 PackNet SfM RNW md4all DMMDE DefeatNet ADIDS WSGD,proposition-to-chunk,1000,44,False,,0.8059676289558411,data\Single Image Depth Prediction with Wavelet Decomposition.pdf,6,Single_Image_Depth_Prediction_with_Wavelet_Decomposition_p6_chunk_5,61,1,1,0.7326978445053101,0.7326978445053101,proposition::Single_Image_Depth_Prediction_with_Wavelet_Decomposition_p6_chunk_5::p1,,,"et-like baseline similar to DenseDepth [2], and detail its architecture in supplemen- tary material. Similar to our KITTI experiments, we discard the last layer of the decoder as it is not needed, and add one extra layer at each scale to predict the wavele"
always_clear_depth_sota_comparison_methods,content-only,comparison with state of the art baselines Monodepth2 PackNet SfM RNW md4all DMMDE DefeatNet ADIDS WSGD,proposition-to-chunk,1000,45,False,,0.8054104566574096,data\Robust Monocular Depth Estimation under Challenging Conditions.pdf,8,Robust_Monocular_Depth_Estimation_under_Challenging_Conditions_p8_chunk_0,82,1,1,0.7321913242340088,0.7321913242340088,proposition::Robust_Monocular_Depth_Estimation_under_Challenging_Conditions_p8_chunk_0::p1,"monodepth2,md4all_dd",,"input image ground truth AdaBins md4all (sup.) [ours] Monodepth2 md4all (self-sup.) [ours] fully-supervised self-supervised Figure 5. Comparison on nuScenes [3] between fully-sup. AdaBins [1] w/o and w/ ours, and self-sup. Monodepth2 [11] w/o and w/ ours"
always_clear_depth_sota_comparison_methods,content-only,comparison with state of the art baselines Monodepth2 PackNet SfM RNW md4all DMMDE DefeatNet ADIDS WSGD,proposition-to-chunk,1000,46,False,,0.8050431609153748,data\Single Image Depth Prediction with Wavelet Decomposition.pdf,6,Single_Image_Depth_Prediction_with_Wavelet_Decomposition_p6_chunk_2,96,1,1,0.731857419013977,0.731857419013977,proposition::Single_Image_Depth_Prediction_with_Wavelet_Decomposition_p6_chunk_2::p1,,,"l output layer to predict {LHs, HLs, HHs}. While our baseline consumes decoder feature maps at scales [1/16, 1/8, 1/4, 1/2, 1], we only need to keep the four scales [1/16, 1/8, 1/4, 1/2], as the IDWT outputs disparity at 2× resolution. Both our model and b"
always_clear_depth_sota_comparison_methods,content-only,comparison with state of the art baselines Monodepth2 PackNet SfM RNW md4all DMMDE DefeatNet ADIDS WSGD,proposition-to-chunk,1000,47,False,,0.8050197541713715,data\Lite-Mono.pdf,7,Lite-Mono_p7_chunk_15,121,1,1,0.7318361401557922,0.7318361401557922,proposition::Lite-Mono_p7_chunk_15::p0,monodepth2,,VO [36] 0.387 4.720 8.090 0.204 Monodepth2 [15]0.322 3.589 7.417 0.163 R-MSFM6 [46] 0.334 3.285 7.212 0.169 Lite-Mono (Ours)0.305 3.060 6.981 0.158 Table 3. Comparison of the proposed Lite-Mono to some other methods on the Make3D [32] dataset. All models a
always_clear_depth_sota_comparison_methods,content-only,comparison with state of the art baselines Monodepth2 PackNet SfM RNW md4all DMMDE DefeatNet ADIDS WSGD,proposition-to-chunk,1000,48,False,,0.804154884815216,data\Robust Monocular Depth Estimation under Challenging Conditions.pdf,7,Robust_Monocular_Depth_Estimation_under_Challenging_Conditions_p7_chunk_9,65,1,1,0.7310498952865601,0.7310498952865601,proposition::Robust_Monocular_Depth_Estimation_under_Challenging_Conditions_p7_chunk_9::p2,"monodepth2,md4all_dd",,"wn in Table 1, with all methods performing better with rain than at night. Our self-supervised monocular md4all-DD signif- icantly improved over Monodepth2 and the baseline, per- forming close to the radar-based R4Dyn [8]. Fully-supervised Table 1 reports"
always_clear_depth_sota_comparison_methods,content-only,comparison with state of the art baselines Monodepth2 PackNet SfM RNW md4all DMMDE DefeatNet ADIDS WSGD,proposition-to-chunk,1000,49,False,,0.803391444683075,data\Repurposing Diffusion-Based Image Generators for Monocular Depth Estimation.pdf,6,Repurposing_Diffusion-Based_Image_Generators_for_Monocular_Depth_Estimation_p6_chunk_15,70,1,1,0.7303558588027954,0.7303558588027954,proposition::Repurposing_Diffusion-Based_Image_Generators_for_Monocular_Depth_Estimation_p6_chunk_15::p5,,,"for testing. KITTI [17] is a street-scene dataset with sparse metric depth captured by a LiDAR sensor. We employ the Eigen test split [ 14] made of 652 images. ETH3D [45] and DIODE [50] are two high-resolution datasets, both featuring depth maps derived fr"
always_clear_depth_sota_comparison_methods,content-only,comparison with state of the art baselines Monodepth2 PackNet SfM RNW md4all DMMDE DefeatNet ADIDS WSGD,proposition-to-chunk,1000,50,False,,0.8024058699607849,data\Single Image Depth Prediction with Wavelet Decomposition.pdf,13,Single_Image_Depth_Prediction_with_Wavelet_Decomposition_p13_chunk_18,95,1,1,0.7294598817825317,0.7294598817825317,proposition::Single_Image_Depth_Prediction_with_Wavelet_Decomposition_p13_chunk_18::p0,,,"predictions iconv2 3 1 138 4 ↑iconv2, econv2LeakyReLU(0.2) wave2 3 1 3 4 iconv2 Linear IDWT1 - - 1 2 IDWT2, wave2 - Table 8: Our decoder network architecture for experiments on the NYUv2 [58] datasetNote that since like in DenseDepth [2] we produce a dept"
always_clear_depth_sota_comparison_methods,content-only,comparison with state of the art baselines Monodepth2 PackNet SfM RNW md4all DMMDE DefeatNet ADIDS WSGD,proposition-to-chunk,1500,1,True,1,0.9819618165493011,data\Single Image Depth Prediction with Wavelet Decomposition.pdf,8,Single_Image_Depth_Prediction_with_Wavelet_Decomposition_p8_chunk_1,148,3,3,0.7593146562576294,2.2264716029167175,proposition::Single_Image_Depth_Prediction_with_Wavelet_Decomposition_p8_chunk_1::p5|proposition::Single_Image_Depth_Prediction_with_Wavelet_Decomposition_p8_chunk_1::p6|proposition::Single_Image_Depth_Prediction_with_Wavelet_Decomposition_p8_chunk_1::p4,monodepth2,,et18  S 192×640 0.110 0.876 4.916 0.206 0.864 0.950 0.976 Monodepth2 Resnet50  S 192×640 0.108 0.802 4.577 0.185 0.886 0.963 0.983 WaveletMonodepthResnet50  S 192×640 0.106 0.824 4.824 0.205 0.870 0.949 0.975 [63] Depth Hints  SSGM 192×640 0.106 0.780
always_clear_depth_sota_comparison_methods,content-only,comparison with state of the art baselines Monodepth2 PackNet SfM RNW md4all DMMDE DefeatNet ADIDS WSGD,proposition-to-chunk,1500,2,True,2,0.9719230115413666,data\Monocular Depth Estimation.pdf,7,Monocular_Depth_Estimation_p7_chunk_6,92,3,3,0.7531121969223022,2.1881081461906433,proposition::Monocular_Depth_Estimation_p7_chunk_6::p3|proposition::Monocular_Depth_Estimation_p7_chunk_6::p0|proposition::Monocular_Depth_Estimation_p7_chunk_6::p1,monodepth2,,"Monodepth2(full Eigen dataset) ✓ ✓ ✓ ✓ ✓ 0.116 0.918 4.872 0.193 0.874 0.959 0.981 Table 2. Ablation. Results for different variants of our model (Monodepth2) with monocular training on KITTI 2015 [13] using the Eigen split. (a) The baseline model, with n"
always_clear_depth_sota_comparison_methods,content-only,comparison with state of the art baselines Monodepth2 PackNet SfM RNW md4all DMMDE DefeatNet ADIDS WSGD,proposition-to-chunk,1500,3,True,3,0.9639122784137726,data\Single Image Depth Prediction with Wavelet Decomposition.pdf,8,Single_Image_Depth_Prediction_with_Wavelet_Decomposition_p8_chunk_5,143,3,3,0.7448194622993469,2.1909281611442566,proposition::Single_Image_Depth_Prediction_with_Wavelet_Decomposition_p8_chunk_5::p7|proposition::Single_Image_Depth_Prediction_with_Wavelet_Decomposition_p8_chunk_5::p6|proposition::Single_Image_Depth_Prediction_with_Wavelet_Decomposition_p8_chunk_5::p5,monodepth2,, MS +SSGM 192×640 0.105 0.769 4.627 0.189 0.875 0.959 0.982 WaveletMonodepthResnet18  MS +SSGM 192×640 0.110 0.840 4.741 0.195 0.868 0.956 0.981 [18] Monodepth2 Resnet18  S 320×1024 0.105 0.822 4.692 0.199 0.876 0.954 0.977 WaveletMonodepthResnet18  S
always_clear_depth_sota_comparison_methods,content-only,comparison with state of the art baselines Monodepth2 PackNet SfM RNW md4all DMMDE DefeatNet ADIDS WSGD,proposition-to-chunk,1500,4,True,4,0.9569539427757263,data\Monocular Depth Estimation.pdf,13,Monocular_Depth_Estimation_p13_chunk_5,142,3,3,0.73943030834198,2.1752363443374634,proposition::Monocular_Depth_Estimation_p13_chunk_5::p3|proposition::Monocular_Depth_Estimation_p13_chunk_5::p1|proposition::Monocular_Depth_Estimation_p13_chunk_5::p4,monodepth2,,.976 Monodepth2 w/o pt or full-res m.s. ✓ ✓ R18 0.131 1.030 5.206 0.210 0.846 0.948 0.978 Monodepth2w/o pt ✓ ✓ ✓ R18 0.132 1.044 5.142 0.210 0.845 0.948 0.977 (c) Monodepth2ResNet18 w/o pt ✓ ✓ ✓ R18 0.132 1.044 5.142 0.210 0.845 0.948 0.977 Monodepth2ResNe
always_clear_depth_sota_comparison_methods,content-only,comparison with state of the art baselines Monodepth2 PackNet SfM RNW md4all DMMDE DefeatNet ADIDS WSGD,proposition-to-chunk,1500,5,True,5,0.9548675656318665,data\ACD.pdf,6,ACD_p6_chunk_1,67,2,2,0.800573468208313,1.5429409742355347,proposition::ACD_p6_chunk_1::p1|proposition::ACD_p6_chunk_1::p2,"monodepth2,md4all_dd",,"obotCar [Maddern et al., 2017 ]. We compare the ACDepth approach with md4all-DD and MonoDepth2, all of which use the same backbone. To better illustrate the results, the real point cloud is projected onto the original image, and no ground truth (GT) is req"
always_clear_depth_sota_comparison_methods,content-only,comparison with state of the art baselines Monodepth2 PackNet SfM RNW md4all DMMDE DefeatNet ADIDS WSGD,proposition-to-chunk,1500,6,True,6,0.9489355564117432,data\Lite-Mono.pdf,7,Lite-Mono_p7_chunk_6,85,2,2,0.7973244190216064,1.5161113739013672,proposition::Lite-Mono_p7_chunk_6::p4|proposition::Lite-Mono_p7_chunk_6::p2,monodepth2,,"(3.1M). Speciﬁcally, Lite-Mono greatly exceeds Monodepth2 [15] with a ResNet18 [17] backbone, but the model size is only about one-ﬁfth of this model. It also outperforms the ResNet50 version of Monodepth2, which is the largest model (32.5M) in this table"
always_clear_depth_sota_comparison_methods,content-only,comparison with state of the art baselines Monodepth2 PackNet SfM RNW md4all DMMDE DefeatNet ADIDS WSGD,proposition-to-chunk,1500,7,True,7,0.9273475468158722,data\Monocular Depth Estimation.pdf,15,Monocular_Depth_Estimation_p15_chunk_6,88,2,2,0.7732633948326111,1.540841519832611,proposition::Monocular_Depth_Estimation_p15_chunk_6::p1|proposition::Monocular_Depth_Estimation_p15_chunk_6::p0,monodepth2,,Monodepth2 MS 15.07 4.16 11.64 15.27 Monodepth2(ResNet 50)MS 14.41 3.67 11.22 14.73 Table 9. KITTI depth prediction benchmark. Comparison of our monocular plus stereo approaches to fully supervised methods on the KITTI depth prediction benchmark [27]. D in
always_clear_depth_sota_comparison_methods,content-only,comparison with state of the art baselines Monodepth2 PackNet SfM RNW md4all DMMDE DefeatNet ADIDS WSGD,proposition-to-chunk,1500,8,True,8,0.9032096207141876,data\Single Image Depth Prediction with Wavelet Decomposition.pdf,8,Single_Image_Depth_Prediction_with_Wavelet_Decomposition_p8_chunk_0,132,2,2,0.7536919116973877,1.4951770901679993,proposition::Single_Image_Depth_Prediction_with_Wavelet_Decomposition_p8_chunk_0::p2|proposition::Single_Image_Depth_Prediction_with_Wavelet_Decomposition_p8_chunk_0::p10,monodepth2,,Cit. Method PP Data H ×W Abs Rel Sq Rel RMSE RMSE log δ<1.25 δ<1.252 δ<1.253 [18] Monodepth2 Resnet18  S 192×640 0.108 0.842 4.891 0.207 0.866 0.949 0.976 WaveletMonodepthResnet18  S 192×640 0.110 0.876 4.916 0.206 0.864 0.950 0.976 Monodepth2 Resnet50 
always_clear_depth_sota_comparison_methods,content-only,comparison with state of the art baselines Monodepth2 PackNet SfM RNW md4all DMMDE DefeatNet ADIDS WSGD,proposition-to-chunk,1500,9,True,9,0.8900354623794555,data\Single Image Depth Prediction with Wavelet Decomposition.pdf,14,Single_Image_Depth_Prediction_with_Wavelet_Decomposition_p14_chunk_8,143,2,2,0.7444336414337158,1.4560182094573975,proposition::Single_Image_Depth_Prediction_with_Wavelet_Decomposition_p14_chunk_8::p4|proposition::Single_Image_Depth_Prediction_with_Wavelet_Decomposition_p14_chunk_8::p3,monodepth2,,MS +SSGM 192 × 640 0.086 0.497 3.699 0.131 0.914 0.983 0.996 [18] Monodepth2 Resnet18  S 320 × 1024 0.082 0.497 3.637 0.132 0.924 0.982 0.994 WaveletMonodepth Resnet18  S 320 × 1024 0.080 0.443 3.544 0.130 0.919 0.983 0.995 WaveletMonodepth Resnet50  S
always_clear_depth_sota_comparison_methods,content-only,comparison with state of the art baselines Monodepth2 PackNet SfM RNW md4all DMMDE DefeatNet ADIDS WSGD,proposition-to-chunk,1500,10,True,10,0.8745192885398865,data\Lite-Mono.pdf,6,Lite-Mono_p6_chunk_16,92,2,2,0.7289683818817139,1.455509066581726,proposition::Lite-Mono_p6_chunk_16::p5|proposition::Lite-Mono_p6_chunk_16::p2,monodepth2,,"esolution 1024× 320, ”M†”: without pre-training on ImageNet [7]. Input Monodepth2 R-MSFM3 R-MSFM6 Lite-Mono -small Lite-Mono input Monodepth2 R-MSFM6 Lite-Mono (Ours) Figure 4. Qualitative results on KITTI. Here are some depth maps generated by Monodepth2"
always_clear_depth_sota_comparison_methods,content-only,comparison with state of the art baselines Monodepth2 PackNet SfM RNW md4all DMMDE DefeatNet ADIDS WSGD,proposition-to-chunk,1500,11,True,11,0.8704857945442199,data\Monocular Depth Estimation.pdf,7,Monocular_Depth_Estimation_p7_chunk_2,140,2,2,0.7257378697395325,1.447479248046875,proposition::Monocular_Depth_Estimation_p7_chunk_2::p3|proposition::Monocular_Depth_Estimation_p7_chunk_2::p1,monodepth2,,0.124 1.170 5.249 0.203 0.865 0.953 0.978 Monodepth2 w/o min reprojection ✓ ✓ ✓ 0.117 0.878 4.846 0.196 0.870 0.957 0.980 Monodepth2 w/o auto-masking ✓ ✓ ✓ 0.120 1.097 5.074 0.197 0.872 0.956 0.979 Monodepth2 w/o full-res m.s. ✓ ✓ ✓ 0.117 0.866 4.864 0.19
always_clear_depth_sota_comparison_methods,content-only,comparison with state of the art baselines Monodepth2 PackNet SfM RNW md4all DMMDE DefeatNet ADIDS WSGD,proposition-to-chunk,1500,12,True,12,0.8678357541561127,data\Lite-Mono.pdf,7,Lite-Mono_p7_chunk_17,82,2,2,0.7236045598983765,1.442311942577362,proposition::Lite-Mono_p7_chunk_17::p1|proposition::Lite-Mono_p7_chunk_17::p2,monodepth2,,o input Monodepth2 R-MSFM6 Lite-Mono (Ours) Figure 5. Qualitative results on the Make3D dataset.Lite-Mono is compared to Monodepth2 [15] and R-MSFM [46]. Lite-Mono can perceive different sizes of objects. NVIDIA TITAN Xp and a Jetson Xavier and are compare
always_clear_depth_sota_comparison_methods,content-only,comparison with state of the art baselines Monodepth2 PackNet SfM RNW md4all DMMDE DefeatNet ADIDS WSGD,proposition-to-chunk,1500,13,True,13,0.8498815655708313,data\Single Image Depth Prediction with Wavelet Decomposition.pdf,8,Single_Image_Depth_Prediction_with_Wavelet_Decomposition_p8_chunk_4,141,1,1,0.7726196050643921,0.7726196050643921,proposition::Single_Image_Depth_Prediction_with_Wavelet_Decomposition_p8_chunk_4::p0,monodepth2,,[18] Monodepth2 Resnet18  MS 192×640 0.104 0.786 4.687 0.194 0.876 0.958 0.980 WaveletMonodepthResnet18  MS 192×640 0.109 0.814 4.808 0.198 0.868 0.955 0.980 [63] Depth Hints  MS +SSGM 192×640 0.105 0.769 4.627 0.189 0.875 0.959 0.982 WaveletMonodepthRe
always_clear_depth_sota_comparison_methods,content-only,comparison with state of the art baselines Monodepth2 PackNet SfM RNW md4all DMMDE DefeatNet ADIDS WSGD,proposition-to-chunk,1500,14,False,,0.8376832425594329,data\Monocular Depth Estimation.pdf,17,Monocular_Depth_Estimation_p17_chunk_2,155,1,1,0.7615302205085754,0.7615302205085754,proposition::Monocular_Depth_Estimation_p17_chunk_2::p0,monodepth2,,4 0.979 Monodepth2⇒ Separate ResNet 2 ✓ 0.115 0.919 4.863 0.193 0.877 0.959 0.981 Separate ResNet 3 ✓ 0.115 0.902 4.847 0.193 0.877 0.960 0.981 PoseCNN [62] 2 0.147 1.164 5.445 0.221 0.818 0.940 0.974 PoseCNN [62] 3 0.147 1.117 5.403 0.222 0.815 0.940 0.97
always_clear_depth_sota_comparison_methods,content-only,comparison with state of the art baselines Monodepth2 PackNet SfM RNW md4all DMMDE DefeatNet ADIDS WSGD,proposition-to-chunk,1500,15,False,,0.8368000149726867,data\Single Image Depth Prediction with Wavelet Decomposition.pdf,13,Single_Image_Depth_Prediction_with_Wavelet_Decomposition_p13_chunk_14,94,1,1,0.7607272863388062,0.7607272863388062,proposition::Single_Image_Depth_Prediction_with_Wavelet_Decomposition_p13_chunk_14::p0,,,"econv2LeakyReLU(0.2) iconv1 3 1 69 2 ↑iconv2, econv1LeakyReLU(0.2) outconv01 1 1 2 iconv1 Linear Table 7: Architecture of our DenseNet baseline decoder for experiments on the NYUv2 [58] dataset Note that as in DenseDepth [2] we produce a depth map at half"
always_clear_depth_sota_comparison_methods,content-only,comparison with state of the art baselines Monodepth2 PackNet SfM RNW md4all DMMDE DefeatNet ADIDS WSGD,proposition-to-chunk,1500,16,False,,0.8328600764274597,data\Single Image Depth Prediction with Wavelet Decomposition.pdf,14,Single_Image_Depth_Prediction_with_Wavelet_Decomposition_p14_chunk_3,141,1,1,0.7571455240249634,0.7571455240249634,proposition::Single_Image_Depth_Prediction_with_Wavelet_Decomposition_p14_chunk_3::p1,monodepth2,,MSE RMSE log δ<1.25 δ<1.252 δ<1.253 [18] Monodepth2 Resnet18  S 192 × 640 0.079 0.512 3.721 0.131 0.924 0.982 0.994 WaveletMonodepth Resnet18  S 192 × 640 0.084 0.523 3.807 0.137 0.914 0.980 0.994 WaveletMonodepth Resnet50  S 192 × 640 0.081 0.477 3.658
always_clear_depth_sota_comparison_methods,content-only,comparison with state of the art baselines Monodepth2 PackNet SfM RNW md4all DMMDE DefeatNet ADIDS WSGD,proposition-to-chunk,1500,17,False,,0.830467015504837,data\Single Image Depth Prediction with Wavelet Decomposition.pdf,8,Single_Image_Depth_Prediction_with_Wavelet_Decomposition_p8_chunk_14,58,1,1,0.7549700140953064,0.7549700140953064,proposition::Single_Image_Depth_Prediction_with_Wavelet_Decomposition_p8_chunk_14::p1,,,"mpare our DenseDepth [2]-inspired baseline to our implementation with wavelets and with sparsity. All results are evaluated in the Eigen center crop, without post-processing. As in DenseDepth, our network outputs a 240× 320 depth map which is then upsample"
always_clear_depth_sota_comparison_methods,content-only,comparison with state of the art baselines Monodepth2 PackNet SfM RNW md4all DMMDE DefeatNet ADIDS WSGD,proposition-to-chunk,1500,18,False,,0.8282002329826355,data\dav2.pdf,22,dav2_p22_chunk_11,67,1,1,0.7529093027114868,0.7529093027114868,proposition::dav2_p22_chunk_11::p2,,,"scenario accuracy (%) of Depth Anything V2 on our proposed benchmark DA-2K. C.2 Comparison with the DIW dataset Although DIW [11] and our DA-2K use the same annotation format (both sparse pixel pairs, we are inspired by DIW), our proposed DA-2K dataset is"
always_clear_depth_sota_comparison_methods,content-only,comparison with state of the art baselines Monodepth2 PackNet SfM RNW md4all DMMDE DefeatNet ADIDS WSGD,proposition-to-chunk,1500,19,False,,0.8276490926742553,data\Lite-Mono.pdf,7,Lite-Mono_p7_chunk_18,71,1,1,0.7524082660675049,0.7524082660675049,proposition::Lite-Mono_p7_chunk_18::p2,monodepth2,,"different sizes of objects. NVIDIA TITAN Xp and a Jetson Xavier and are compared with Monodepth2 [15], R-MSFM [46], and MonoViT- tiny [43]. Table 4 shows that the proposed design has a good balance between model size and speed. Notice that Lite- Mono-tiny"
always_clear_depth_sota_comparison_methods,content-only,comparison with state of the art baselines Monodepth2 PackNet SfM RNW md4all DMMDE DefeatNet ADIDS WSGD,proposition-to-chunk,1500,20,False,,0.8275213718414307,data\dav2.pdf,7,dav2_p7_chunk_5,58,1,1,0.7522921562194824,0.7522921562194824,proposition::dav2_p7_chunk_5::p2,,,"label. (b) Detail of our scenario coverage. 6 A New Evaluation Benchmark: DA-2K 6.1 Limitations in Existing Benchmarks In Section 2, we demonstrated that commonly used real training sets have noisy depth labels. Here, we further argue that widely adopted"
always_clear_depth_sota_comparison_methods,content-only,comparison with state of the art baselines Monodepth2 PackNet SfM RNW md4all DMMDE DefeatNet ADIDS WSGD,proposition-to-chunk,1500,21,False,,0.826934564113617,data\Monocular Depth Estimation.pdf,14,Monocular_Depth_Estimation_p14_chunk_4,151,1,1,0.7517586946487427,0.7517586946487427,proposition::Monocular_Depth_Estimation_p14_chunk_4::p0,monodepth2,,.991 SuperDepth [47] + pp S 0.090 0.542 3.967 0.144 0.901 0.976 0.993 Monodepth2w/o pretrainingS 0.110 0.849 4.580 0.173 0.875 0.962 0.986 Monodepth2 S 0.085 0.537 3.868 0.139 0.912 0.979 0.993 Zhan FullNYU [73] D*MS 0.130 1.520 5.184 0.205 0.859 0.955 0.9
always_clear_depth_sota_comparison_methods,content-only,comparison with state of the art baselines Monodepth2 PackNet SfM RNW md4all DMMDE DefeatNet ADIDS WSGD,proposition-to-chunk,1500,22,False,,0.8264304995536804,data\Lite-Mono.pdf,7,Lite-Mono_p7_chunk_19,73,1,1,0.7513004541397095,0.7513004541397095,proposition::Lite-Mono_p7_chunk_19::p1,monodepth2,,ign has a good balance between model size and speed. Notice that Lite- Mono-tiny outperforms Monodepth2 both in speed and ac- curacy (Table 2). Although R-MSFM [46] is a lightweight model it is slow. The latest MonoViT-tiny [43] runs the slowest due to its
always_clear_depth_sota_comparison_methods,content-only,comparison with state of the art baselines Monodepth2 PackNet SfM RNW md4all DMMDE DefeatNet ADIDS WSGD,proposition-to-chunk,1500,23,False,,0.8258484780788422,data\Robust Monocular Depth Estimation under Challenging Conditions.pdf,6,Robust_Monocular_Depth_Estimation_under_Challenging_Conditions_p6_chunk_26,56,1,1,0.7507713437080383,0.7507713437080383,proposition::Robust_Monocular_Depth_Estimation_under_Challenging_Conditions_p6_chunk_26::p3,"monodepth2,md4all_dd",,"n standard settings, possibly due to its large model and the relatively small dataset. Pack- Net’s velocity supervision also helped over Monodepth2 (md2) with our baseline. Thanks to the extra radar signal, R4Dyn [8] delivered significant improvements, alt"
always_clear_depth_sota_comparison_methods,content-only,comparison with state of the art baselines Monodepth2 PackNet SfM RNW md4all DMMDE DefeatNet ADIDS WSGD,proposition-to-chunk,1500,24,False,,0.8254171252250672,data\Jasmine.pdf,21,Jasmine_p21_chunk_21,38,1,1,0.750379204750061,0.750379204750061,proposition::Jasmine_p21_chunk_21::p1,monodepth2,,h ratio under two supervision schemes. We further present 1Discussed in MonoDepth2 repository: https://github.com/nianticlabs/monodepth2/issues/274 21
always_clear_depth_sota_comparison_methods,content-only,comparison with state of the art baselines Monodepth2 PackNet SfM RNW md4all DMMDE DefeatNet ADIDS WSGD,proposition-to-chunk,1500,25,False,,0.8229004085063935,data\Robust Monocular Depth Estimation under Challenging Conditions.pdf,6,Robust_Monocular_Depth_Estimation_under_Challenging_Conditions_p6_chunk_21,77,1,1,0.7480912804603577,0.7480912804603577,proposition::Robust_Monocular_Depth_Estimation_under_Challenging_Conditions_p6_chunk_21::p7,"monodepth2,md4all_dd",,"d T c directly on its training set. We share publicly all generated hc i images. Prior works and baselines We compared ours with a variety of works [8, 11, 12, 38, 37, 22, 33, 1]. We applied ours on the self-supervised Monodepth2-based baseline of Section"
always_clear_depth_sota_comparison_methods,content-only,comparison with state of the art baselines Monodepth2 PackNet SfM RNW md4all DMMDE DefeatNet ADIDS WSGD,proposition-to-chunk,1500,26,False,,0.8210120677947998,data\Monocular Depth Estimation.pdf,7,Monocular_Depth_Estimation_p7_chunk_23,60,1,1,0.7463746070861816,0.7463746070861816,proposition::Monocular_Depth_Estimation_p7_chunk_23::p2,,,"igher quality ground truth depths provided by [59]. Like [1], we use these instead of the reprojected LIDAR scans to compare our method against several existing baseline algorithms, still showing superior performance. Make3D In Table 3 we report performanc"
always_clear_depth_sota_comparison_methods,content-only,comparison with state of the art baselines Monodepth2 PackNet SfM RNW md4all DMMDE DefeatNet ADIDS WSGD,proposition-to-chunk,1500,27,False,,0.8193196356296539,data\Global-Local.pdf,4,Global-Local_p4_chunk_26,26,1,1,0.7448360323905945,0.7448360323905945,proposition::Global-Local_p4_chunk_26::p0,,,"rt models (Adabins, DPT) with lesser pa- rameters. This suggests that the combination of the trans-"
always_clear_depth_sota_comparison_methods,content-only,comparison with state of the art baselines Monodepth2 PackNet SfM RNW md4all DMMDE DefeatNet ADIDS WSGD,proposition-to-chunk,1500,28,False,,0.8192049622535705,data\Single Image Depth Prediction with Wavelet Decomposition.pdf,16,Single_Image_Depth_Prediction_with_Wavelet_Decomposition_p16_chunk_9,156,1,1,0.7447317838668823,0.7447317838668823,proposition::Single_Image_Depth_Prediction_with_Wavelet_Decomposition_p16_chunk_9::p0,,,se baseline MobileNetv2 - 480×640 0.1772 0.6638 0.0731 0.7419 0.9341 0.9835 1.8911 7.7960 Ours MobileNetv2 - 480×640 0.1727 0.6776 0.0732 0.7380 0.9362 0.9844 1.9732 7.9004 Ours MobileNetv2  480×640 0.1734 0.6700 0.0731 0.7391 0.9347 0.9844 2.3036 8.0538
always_clear_depth_sota_comparison_methods,content-only,comparison with state of the art baselines Monodepth2 PackNet SfM RNW md4all DMMDE DefeatNet ADIDS WSGD,proposition-to-chunk,1500,29,False,,0.8187513828277588,data\Monocular Depth Estimation.pdf,17,Monocular_Depth_Estimation_p17_chunk_3,148,1,1,0.7443194389343262,0.7443194389343262,proposition::Monocular_Depth_Estimation_p17_chunk_3::p0,monodepth2,,0.221 0.818 0.940 0.974 PoseCNN [62] 3 0.147 1.117 5.403 0.222 0.815 0.940 0.976 Shared encoder (arXiv v1) 2 0.149 1.153 5.567 0.229 0.807 0.934 0.972 Shared encoder (arXiv v1) 3 0.145 1.159 5.482 0.224 0.818 0.937 0.973 Monodepth2⇒ Separate ResNet 2 0.13
always_clear_depth_sota_comparison_methods,content-only,comparison with state of the art baselines Monodepth2 PackNet SfM RNW md4all DMMDE DefeatNet ADIDS WSGD,proposition-to-chunk,1500,30,False,,0.8184562742710113,data\s.pdf,6,s_p6_chunk_10,166,1,1,0.7440511584281921,0.7440511584281921,proposition::s_p6_chunk_10::p0,"rnw,adids,wsgd",,0.3340 4.589 8.606 58.60 ADIDS [18] [27] 1 0.2390 2.089 6.743 61.40 0.2870 2.569 7.985 49.00 RNW [30] [27] 1 0.2970 2.608 7.996 43.10 0.1850 1.710 6.549 73.30 WSGD [27] [27] 1 0.1760 1.603 6.036 75.00 0.1740 1.637 6.302 75.40 robust-depth [22] [self] 1 0.
always_clear_depth_sota_comparison_methods,content-only,comparison with state of the art baselines Monodepth2 PackNet SfM RNW md4all DMMDE DefeatNet ADIDS WSGD,proposition-to-chunk,1500,31,False,,0.8179984986782074,data\Single Image Depth Prediction with Wavelet Decomposition.pdf,13,Single_Image_Depth_Prediction_with_Wavelet_Decomposition_p13_chunk_3,115,1,1,0.7436349987983704,0.7436349987983704,proposition::Single_Image_Depth_Prediction_with_Wavelet_Decomposition_p13_chunk_3::p0,,,"onv2 3 1 32 4 iconv2 ELU IDWT1 - - 1 8 IDWT2, wave2 - Level 0 coefﬁcients predictions iconv1 3 1 32 2 ↑upconv2, econv1ELU wave1 3 1 3 2 iconv1 Sigmoid IDWT0 - - - 1 IDWT1, wave1 - Table 5: Our decoder network architecture for experiments on the KITTI [15]"
always_clear_depth_sota_comparison_methods,content-only,comparison with state of the art baselines Monodepth2 PackNet SfM RNW md4all DMMDE DefeatNet ADIDS WSGD,proposition-to-chunk,1500,32,False,,0.8179143786430358,data\Monocular Depth Estimation.pdf,15,Monocular_Depth_Estimation_p15_chunk_5,160,1,1,0.7435585260391235,0.7435585260391235,proposition::Monocular_Depth_Estimation_p15_chunk_5::p0,monodepth2,,9] D 14.74 3.88 11.74 15.63 CSWS [32] D 14.85 3.48 11.84 16.38 DHGRL [74] D 15.47 4.04 12.52 15.72 Monodepth [15] S 22.02 20.58 17.79 21.84 Monodepth2 M 15.57 4.52 12.98 16.70 Monodepth2 MS 15.07 4.16 11.64 15.27 Monodepth2(ResNet 50)MS 14.41 3.67 11.22 14
always_clear_depth_sota_comparison_methods,content-only,comparison with state of the art baselines Monodepth2 PackNet SfM RNW md4all DMMDE DefeatNet ADIDS WSGD,proposition-to-chunk,1500,33,False,,0.8166101574897766,data\Global-Local.pdf,11,Global-Local_p11_chunk_0,66,1,1,0.7423728704452515,0.7423728704452515,proposition::Global-Local_p11_chunk_0::p2,,,"8 Appendix: Detailed structure of baseline decoder We illustrate the detailed structure of Baseline-DConv and Baseline-UNet in Figure 5. We use transposed convolution with K = 3 ,S = 2 ,P = 1 parameters to upscale the given feature into 2x size. For Baseli"
always_clear_depth_sota_comparison_methods,content-only,comparison with state of the art baselines Monodepth2 PackNet SfM RNW md4all DMMDE DefeatNet ADIDS WSGD,proposition-to-chunk,1500,34,False,,0.8165796041488648,data\SSRDepth.pdf,7,SSRDepth_p7_chunk_1,147,1,1,0.7423450946807861,0.7423450946807861,proposition::SSRDepth_p7_chunk_1::p0,,,ue Backbone 𝛿1 ↑ 𝛿2 ↑ 𝛿3 ↑ RMSE↓ AbsRel↓ log10↓ BTS [12] arXiv 2019 DenseNet-161 0.871 0.977 0.995 0.407 0.113 0.049 AdaBins [9] CVPR 2019 EﬃcientNet-B5 0.903 0.984 0.997 0.364 0.103 0.044 LocalBins [18] ECCV 2022 ResNet-101
always_clear_depth_sota_comparison_methods,content-only,comparison with state of the art baselines Monodepth2 PackNet SfM RNW md4all DMMDE DefeatNet ADIDS WSGD,proposition-to-chunk,1500,35,False,,0.814787644147873,data\Monocular Depth Estimation.pdf,15,Monocular_Depth_Estimation_p15_chunk_2,116,1,1,0.7407160401344299,0.7407160401344299,proposition::Monocular_Depth_Estimation_p15_chunk_2::p0,monodepth2,,805 0.945 0.982 DDVO [62] 0.108 0.147 1.014 5.183 0.204 0.808 0.946 0.983 Monodepth2 0.093 0.109 0.623 4.136 0.154 0.873 0.977 0.994 Table 8. Single scale monocular evaluation. Comparison to exist- ing monocular supervised methods on KITTI 2015 [13] using
always_clear_depth_sota_comparison_methods,content-only,comparison with state of the art baselines Monodepth2 PackNet SfM RNW md4all DMMDE DefeatNet ADIDS WSGD,proposition-to-chunk,1500,36,False,,0.8138288855552673,data\Lite-Mono.pdf,7,Lite-Mono_p7_chunk_7,73,1,1,0.7398444414138794,0.7398444414138794,proposition::Lite-Mono_p7_chunk_7::p0,monodepth2,,"ResNet50 version of Monodepth2, which is the largest model (32.5M) in this table. Besides, Lite-Mono surpasses the recent well-designed small model R-MSFM [46]. Com- pared with the new MonoFormer [3] with a ResNet50 back- bone the proposed Lite-Mono outper"
always_clear_depth_sota_comparison_methods,content-only,comparison with state of the art baselines Monodepth2 PackNet SfM RNW md4all DMMDE DefeatNet ADIDS WSGD,proposition-to-chunk,1500,37,False,,0.8137481093406678,data\dav2.pdf,20,dav2_p20_chunk_0,74,1,1,0.7397710084915161,0.7397710084915161,proposition::dav2_p20_chunk_0::p1,,,"B.6 Comparison among various pre-trained encoders We compare several currently most powerful pre-trained encoders in our MDE task, including BEiT [4], SAM [33], SynCLR [75], DINOv2 [50], and DINOv2 with registers [16]. As shown in Table 13, at the ViT-larg"
always_clear_depth_sota_comparison_methods,content-only,comparison with state of the art baselines Monodepth2 PackNet SfM RNW md4all DMMDE DefeatNet ADIDS WSGD,proposition-to-chunk,1500,38,False,,0.8121449112892151,data\Monocular Depth Estimation.pdf,13,Monocular_Depth_Estimation_p13_chunk_0,116,1,1,0.7383135557174683,0.7383135557174683,proposition::Monocular_Depth_Estimation_p13_chunk_0::p5,monodepth2,,Auto- masking Min. reproj. Full-res multi-scale Encoder Pretrained Abs Rel Sq Rel RMSE RMSE log δ <1.25 δ <1.252 δ <1.253 (a) Baseline R18 ✓ 0.140 1.610 5.512 0.223 0.852 0.946 0.973 Monodepth2 w/o min reprojection ✓ ✓ R18 ✓ 0.117 0.878 4.846 0.196 0.870 0
always_clear_depth_sota_comparison_methods,content-only,comparison with state of the art baselines Monodepth2 PackNet SfM RNW md4all DMMDE DefeatNet ADIDS WSGD,proposition-to-chunk,1500,39,False,,0.8119588375091553,data\Robust Monocular Depth Estimation under Challenging Conditions.pdf,7,Robust_Monocular_Depth_Estimation_under_Challenging_Conditions_p7_chunk_6,68,1,1,0.7381443977355957,0.7381443977355957,proposition::Robust_Monocular_Depth_Estimation_under_Challenging_Conditions_p7_chunk_6::p2,"md4all_dd,wsgd",,"s, tested here. Our md4all outperforms them all across the board, with substantially better estimates at night than theirs dur- ing the day: the previous best WSGD [37]’s day absRel error is 45% higher than ours at night. This is thanks to the simplicity o"
always_clear_depth_sota_comparison_methods,content-only,comparison with state of the art baselines Monodepth2 PackNet SfM RNW md4all DMMDE DefeatNet ADIDS WSGD,proposition-to-chunk,1500,40,False,,0.8102561116218567,data\Global-Local.pdf,5,Global-Local_p5_chunk_4,135,1,1,0.7365964651107788,0.7365964651107788,proposition::Global-Local_p5_chunk_4::p0,,,the generalization performance. Method Params (M)δ1 ↑ δ2 ↑ δ3 ↑ AbsRel↓ RMSE↓ Baseline - Dconv 4.03 0.898 0.986 0.997 0.110 0.359 Baseline - UNet 4.95 0.901 0.987 0.997 0.109 0.363 Ours (w/o SFF) 0.38 0.905 0.986 0.997 0.104 0.357 Ours 0.66 0.908 0.987 0.9
always_clear_depth_sota_comparison_methods,content-only,comparison with state of the art baselines Monodepth2 PackNet SfM RNW md4all DMMDE DefeatNet ADIDS WSGD,proposition-to-chunk,1500,41,False,,0.8098599672317505,data\ACD.pdf,5,ACD_p5_chunk_29,62,1,1,0.7362363338470459,0.7362363338470459,proposition::ACD_p5_chunk_29::p3,"md4all_dd,dmmde",,"estimation method md4all-DD. DMMDE [Tosi et al., 2025 ] uses different depth models as prior information to guide im- age translation, and achieves improvements over md4all-DD. However, due to the scale-and-shift-invariant loss, the scaling relation of de"
always_clear_depth_sota_comparison_methods,content-only,comparison with state of the art baselines Monodepth2 PackNet SfM RNW md4all DMMDE DefeatNet ADIDS WSGD,proposition-to-chunk,1500,42,False,,0.8084852635860443,data\ACD.pdf,5,ACD_p5_chunk_26,79,1,1,0.7349866032600403,0.7349866032600403,proposition::ACD_p5_chunk_26::p1,"monodepth2,packnet_sfm,rnw,md4all_dd",,"e compare our method with existing depth estimation models, includ- ing the typical MDE technologies (Monodepth2 [Godard et al., 2019 ], PackNet-SfM [Guizilini et al., 2020 ]) and ro- bust depth estimation approaches (RNW [Wang et al., 2021], md4all [Gaspe"
always_clear_depth_sota_comparison_methods,content-only,comparison with state of the art baselines Monodepth2 PackNet SfM RNW md4all DMMDE DefeatNet ADIDS WSGD,proposition-to-chunk,1500,43,False,,0.8076788127422333,data\Single Image Depth Prediction with Wavelet Decomposition.pdf,6,Single_Image_Depth_Prediction_with_Wavelet_Decomposition_p6_chunk_14,73,1,1,0.734253466129303,0.734253466129303,proposition::Single_Image_Depth_Prediction_with_Wavelet_Decomposition_p6_chunk_14::p1,,,"Relative score loss (%) Abs rel log10 RMSE 1 < 1.25 Figure 5: Analysis of performance loss vs density on NYUv2 . Using our wavelet representation, we can drop up to 95% of the wavelet coefﬁcients while suffering a maximum relative perfor- mance loss of les"
always_clear_depth_sota_comparison_methods,content-only,comparison with state of the art baselines Monodepth2 PackNet SfM RNW md4all DMMDE DefeatNet ADIDS WSGD,proposition-to-chunk,1500,44,False,,0.8059676289558411,data\Single Image Depth Prediction with Wavelet Decomposition.pdf,6,Single_Image_Depth_Prediction_with_Wavelet_Decomposition_p6_chunk_5,61,1,1,0.7326978445053101,0.7326978445053101,proposition::Single_Image_Depth_Prediction_with_Wavelet_Decomposition_p6_chunk_5::p1,,,"et-like baseline similar to DenseDepth [2], and detail its architecture in supplemen- tary material. Similar to our KITTI experiments, we discard the last layer of the decoder as it is not needed, and add one extra layer at each scale to predict the wavele"
always_clear_depth_sota_comparison_methods,content-only,comparison with state of the art baselines Monodepth2 PackNet SfM RNW md4all DMMDE DefeatNet ADIDS WSGD,proposition-to-chunk,1500,45,False,,0.8054104566574096,data\Robust Monocular Depth Estimation under Challenging Conditions.pdf,8,Robust_Monocular_Depth_Estimation_under_Challenging_Conditions_p8_chunk_0,82,1,1,0.7321913242340088,0.7321913242340088,proposition::Robust_Monocular_Depth_Estimation_under_Challenging_Conditions_p8_chunk_0::p1,"monodepth2,md4all_dd",,"input image ground truth AdaBins md4all (sup.) [ours] Monodepth2 md4all (self-sup.) [ours] fully-supervised self-supervised Figure 5. Comparison on nuScenes [3] between fully-sup. AdaBins [1] w/o and w/ ours, and self-sup. Monodepth2 [11] w/o and w/ ours"
always_clear_depth_sota_comparison_methods,content-only,comparison with state of the art baselines Monodepth2 PackNet SfM RNW md4all DMMDE DefeatNet ADIDS WSGD,proposition-to-chunk,1500,46,False,,0.8050431609153748,data\Single Image Depth Prediction with Wavelet Decomposition.pdf,6,Single_Image_Depth_Prediction_with_Wavelet_Decomposition_p6_chunk_2,96,1,1,0.731857419013977,0.731857419013977,proposition::Single_Image_Depth_Prediction_with_Wavelet_Decomposition_p6_chunk_2::p1,,,"l output layer to predict {LHs, HLs, HHs}. While our baseline consumes decoder feature maps at scales [1/16, 1/8, 1/4, 1/2, 1], we only need to keep the four scales [1/16, 1/8, 1/4, 1/2], as the IDWT outputs disparity at 2× resolution. Both our model and b"
always_clear_depth_sota_comparison_methods,content-only,comparison with state of the art baselines Monodepth2 PackNet SfM RNW md4all DMMDE DefeatNet ADIDS WSGD,proposition-to-chunk,1500,47,False,,0.8050197541713715,data\Lite-Mono.pdf,7,Lite-Mono_p7_chunk_15,121,1,1,0.7318361401557922,0.7318361401557922,proposition::Lite-Mono_p7_chunk_15::p0,monodepth2,,VO [36] 0.387 4.720 8.090 0.204 Monodepth2 [15]0.322 3.589 7.417 0.163 R-MSFM6 [46] 0.334 3.285 7.212 0.169 Lite-Mono (Ours)0.305 3.060 6.981 0.158 Table 3. Comparison of the proposed Lite-Mono to some other methods on the Make3D [32] dataset. All models a
always_clear_depth_sota_comparison_methods,content-only,comparison with state of the art baselines Monodepth2 PackNet SfM RNW md4all DMMDE DefeatNet ADIDS WSGD,proposition-to-chunk,1500,48,False,,0.804154884815216,data\Robust Monocular Depth Estimation under Challenging Conditions.pdf,7,Robust_Monocular_Depth_Estimation_under_Challenging_Conditions_p7_chunk_9,65,1,1,0.7310498952865601,0.7310498952865601,proposition::Robust_Monocular_Depth_Estimation_under_Challenging_Conditions_p7_chunk_9::p2,"monodepth2,md4all_dd",,"wn in Table 1, with all methods performing better with rain than at night. Our self-supervised monocular md4all-DD signif- icantly improved over Monodepth2 and the baseline, per- forming close to the radar-based R4Dyn [8]. Fully-supervised Table 1 reports"
always_clear_depth_sota_comparison_methods,content-only,comparison with state of the art baselines Monodepth2 PackNet SfM RNW md4all DMMDE DefeatNet ADIDS WSGD,proposition-to-chunk,1500,49,False,,0.803391444683075,data\Repurposing Diffusion-Based Image Generators for Monocular Depth Estimation.pdf,6,Repurposing_Diffusion-Based_Image_Generators_for_Monocular_Depth_Estimation_p6_chunk_15,70,1,1,0.7303558588027954,0.7303558588027954,proposition::Repurposing_Diffusion-Based_Image_Generators_for_Monocular_Depth_Estimation_p6_chunk_15::p5,,,"for testing. KITTI [17] is a street-scene dataset with sparse metric depth captured by a LiDAR sensor. We employ the Eigen test split [ 14] made of 652 images. ETH3D [45] and DIODE [50] are two high-resolution datasets, both featuring depth maps derived fr"
always_clear_depth_sota_comparison_methods,content-only,comparison with state of the art baselines Monodepth2 PackNet SfM RNW md4all DMMDE DefeatNet ADIDS WSGD,proposition-to-chunk,1500,50,False,,0.8024058699607849,data\Single Image Depth Prediction with Wavelet Decomposition.pdf,13,Single_Image_Depth_Prediction_with_Wavelet_Decomposition_p13_chunk_18,95,1,1,0.7294598817825317,0.7294598817825317,proposition::Single_Image_Depth_Prediction_with_Wavelet_Decomposition_p13_chunk_18::p0,,,"predictions iconv2 3 1 138 4 ↑iconv2, econv2LeakyReLU(0.2) wave2 3 1 3 4 iconv2 Linear IDWT1 - - 1 2 IDWT2, wave2 - Table 8: Our decoder network architecture for experiments on the NYUv2 [58] datasetNote that since like in DenseDepth [2] we produce a dept"
